Symbol,ReleaseDate,ReleaseTime
CALM,12/28/2021,After Market
CTAS,12/22/2021,Before Market
KMX,12/22/2021,Before Market
MSM,12/22/2021,Before Market
PAYX,12/22/2021,Before Market
GIS,12/21/2021,Before Market
FDS,12/21/2021,Before Market
AIR,12/21/2021,After Market
EPAC,12/21/2021,Before Market
RCAT,12/20/2021,After Market
BRZE,12/20/2021,After Market
NKE,12/20/2021,After Market
CUK,12/20/2021,Before Market
CCL,12/20/2021,Before Market
MU,12/20/2021,After Market
DRI,12/17/2021,Before Market
WGO,12/17/2021,Before Market
JBL,12/16/2021,Before Market
ACN,12/16/2021,Before Market
WOR,12/16/2021,Before Market
ADBE,12/16/2021,Before Market
FDX,12/16/2021,After Market
RIVN,12/16/2021,After Market
BLBD,12/15/2021,After Market
TCOM,12/15/2021,After Market
HEI,12/15/2021,After Market
TTC,12/15/2021,Before Market
LEN,12/15/2021,After Market
NDSN,12/15/2021,After Market
HEI/A,12/15/2021,After Market
REVG,12/15/2021,Before Market
ABM,12/15/2021,Before Market
UEC,12/15/2021,After Market
PRM,12/14/2021,Before Market
CLSK,12/14/2021,After Market
PL,12/13/2021,After Market
ASO,12/10/2021,Before Market
HRL,12/9/2021,Before Market
CHWY,12/9/2021,After Market
AVGO,12/9/2021,After Market
CIEN,12/9/2021,Before Market
COST,12/9/2021,After Market
MTN,12/9/2021,After Market
FIZZ,12/9/2021,After Market
ORCL,12/9/2021,After Market
LULU,12/9/2021,After Market
UNFI,12/8/2021,Before Market
GME,12/8/2021,After Market
THO,12/8/2021,Before Market
FLNC,12/8/2021,After Market
AGX,12/8/2021,After Market
RH,12/8/2021,After Market
GEF,12/8/2021,After Market
PATH,12/8/2021,After Market
BF/A,12/8/2021,Before Market
BF/B,12/8/2021,Before Market
PLAB,12/8/2021,Before Market
CPB,12/8/2021,Before Market
KFY,12/8/2021,Before Market
TOL,12/7/2021,After Market
POWL,12/7/2021,After Market
CNM,12/7/2021,Before Market
AVAV,12/7/2021,After Market
CASY,12/7/2021,After Market
IDT,12/7/2021,After Market
S,12/7/2021,After Market
AZO,12/7/2021,Before Market
GTLB,12/6/2021,After Market
MDB,12/6/2021,After Market
GHRS,12/6/2021,Before Market
HQY,12/6/2021,After Market
SAIC,12/6/2021,Before Market
IESC,12/3/2021,Before Market
BMO,12/3/2021,Before Market
DOLE,12/3/2021,Before Market
KR,12/2/2021,Before Market
SIG,12/2/2021,Before Market
COO,12/2/2021,After Market
GWRE,12/2/2021,After Market
CM,12/2/2021,Before Market
TD,12/2/2021,Before Market
DG,12/2/2021,Before Market
EH,12/2/2021,Before Market
OLLI,12/2/2021,After Market
CDRE,12/2/2021,After Market
MRVL,12/2/2021,After Market
DOCU,12/2/2021,After Market
ULTA,12/2/2021,After Market
REX,12/1/2021,Before Market
RY,12/1/2021,Before Market
DSGX,12/1/2021,After Market
VEEV,12/1/2021,After Market
AI,12/1/2021,After Market
SMTC,12/1/2021,After Market
ESTC,12/1/2021,After Market
GIII,12/1/2021,Before Market
PVH,12/1/2021,After Market
OKTA,12/1/2021,After Market
NCNO,12/1/2021,After Market
FIVE,12/1/2021,After Market
DAKT,12/1/2021,Before Market
DCI,12/1/2021,Before Market
CRWD,12/1/2021,After Market
SNPS,12/1/2021,After Market
SNOW,12/1/2021,After Market
BNS,11/30/2021,Before Market
JKS,11/30/2021,Before Market
CRM,11/30/2021,After Market
ZS,11/30/2021,After Market
AMBA,11/30/2021,After Market
BOX,11/30/2021,After Market
NTAP,11/30/2021,After Market
GFS,11/30/2021,After Market
KEN,11/30/2021,Before Market
HPE,11/30/2021,After Market
LI,11/29/2021,Before Market
SNEX,11/29/2021,After Market
NVGS,11/29/2021,After Market
GBDC,11/29/2021,After Market
FRO,11/29/2021,Before Market
PDD,11/26/2021,Before Market
HTHT,11/24/2021,Before Market
BMA,11/24/2021,After Market
DE,11/24/2021,Before Market
FUTU,11/24/2021,Before Market
BBAR,11/24/2021,After Market
IMKTA,11/24/2021,Before Market
HPQ,11/23/2021,After Market
PSTG,11/23/2021,After Market
ROAD,11/23/2021,Before Market
SJM,11/23/2021,Before Market
MESO,11/23/2021,Before Market
BURL,11/23/2021,Before Market
AEO,11/23/2021,Before Market
ESLT,11/23/2021,Before Market
MDT,11/23/2021,Before Market
GGAL,11/23/2021,Before Market
J,11/23/2021,Before Market
BZ,11/23/2021,Before Market
ADSK,11/23/2021,After Market
ANF,11/23/2021,Before Market
DLTR,11/23/2021,Before Market
DY,11/23/2021,Before Market
DELL,11/23/2021,After Market
DKS,11/23/2021,Before Market
BBY,11/23/2021,Before Market
NTNX,11/23/2021,After Market
ADI,11/23/2021,Before Market
XPEV,11/23/2021,Before Market
CENT,11/22/2021,After Market
SR,11/22/2021,Before Market
ARWR,11/22/2021,After Market
TWST,11/22/2021,Before Market
URBN,11/22/2021,After Market
A,11/22/2021,After Market
AFYA,11/22/2021,After Market
KEYS,11/22/2021,After Market
CENTA,11/22/2021,After Market
ZM,11/22/2021,After Market
BKE,11/19/2021,Before Market
MNSO,11/18/2021,Before Market
WDAY,11/18/2021,After Market
VIPS,11/18/2021,Before Market
JD,11/18/2021,Before Market
ATKR,11/18/2021,Before Market
ATHM,11/18/2021,Before Market
NJR,11/18/2021,Before Market
GLOB,11/18/2021,After Market
BRC,11/18/2021,Before Market
AMAT,11/18/2021,After Market
ROST,11/18/2021,After Market
UGI,11/18/2021,After Market
PAX,11/18/2021,Before Market
BJ,11/18/2021,Before Market
KSS,11/18/2021,Before Market
MMS,11/18/2021,Before Market
PANW,11/18/2021,After Market
INTU,11/18/2021,After Market
NGG,11/18/2021,Before Market
WWD,11/18/2021,After Market
WSM,11/18/2021,After Market
ESE,11/18/2021,After Market
BRBR,11/18/2021,After Market
M,11/18/2021,Before Market
CSIQ,11/18/2021,Before Market
POST,11/18/2021,After Market
BABA,11/18/2021,Before Market
KLIC,11/17/2021,After Market
TJX,11/17/2021,Before Market
ZTO,11/17/2021,After Market
UTI,11/17/2021,After Market
SRAD,11/17/2021,Before Market
LOW,11/17/2021,Before Market
CPA,11/17/2021,After Market
BIDU,11/17/2021,Before Market
TTEK,11/17/2021,After Market
BV,11/17/2021,Before Market
ZIM,11/17/2021,Before Market
CPRT,11/17/2021,After Market
NVDA,11/17/2021,After Market
SONO,11/17/2021,After Market
CAAP,11/17/2021,After Market
SQM,11/17/2021,After Market
EZPW,11/17/2021,After Market
BILI,11/17/2021,Before Market
HP,11/17/2021,After Market
HI,11/17/2021,After Market
CSCO,11/17/2021,After Market
MANU,11/17/2021,Before Market
TGT,11/17/2021,Before Market
BBWI,11/17/2021,After Market
VSCO,11/17/2021,After Market
OCSL,11/16/2021,Before Market
VOD,11/16/2021,Before Market
DAO,11/16/2021,Before Market
LEGN,11/16/2021,Before Market
JMIA,11/16/2021,Before Market
STNE,11/16/2021,After Market
TDG,11/16/2021,Before Market
WMT,11/16/2021,Before Market
SE,11/16/2021,Before Market
ONON,11/16/2021,Before Market
FLNG,11/16/2021,Before Market
GFF,11/16/2021,Before Market
SBLK,11/16/2021,After Market
DLB,11/16/2021,After Market
ARMK,11/16/2021,Before Market
GDS,11/16/2021,Before Market
LZB,11/16/2021,After Market
DLO,11/16/2021,After Market
NTES,11/16/2021,Before Market
HD,11/16/2021,Before Market
IMNM,11/15/2021,After Market
AAP,11/15/2021,After Market
YOU,11/15/2021,Before Market
SMMT,11/15/2021,Before Market
AVPT,11/15/2021,Before Market
JXN,11/15/2021,Before Market
MUFG,11/15/2021,Before Market
ASTS,11/15/2021,After Market
WMG,11/15/2021,Before Market
NN,11/15/2021,After Market
TSN,11/15/2021,Before Market
QFIN,11/15/2021,After Market
SNDX,11/15/2021,After Market
RIOT,11/15/2021,After Market
CNTA,11/15/2021,Before Market
VOYG,11/15/2021,After Market
CBL,11/15/2021,After Market
JJSF,11/15/2021,After Market
MIRM,11/15/2021,After Market
AXON,11/15/2021,After Market
MGIC,11/15/2021,Before Market
IONQ,11/15/2021,After Market
IDYA,11/15/2021,Before Market
ACM,11/15/2021,Before Market
MAGS,11/15/2021,Before Market
RKLB,11/15/2021,After Market
TERN,11/15/2021,After Market
ONDS,11/15/2021,Before Market
SPB,11/12/2021,Before Market
AZN,11/12/2021,Before Market
MIR,11/12/2021,Before Market
CPNG,11/12/2021,Before Market
SMFG,11/12/2021,Before Market
PSIX,11/12/2021,After Market
WRBY,11/12/2021,Before Market
KEP,11/12/2021,Before Market
CIFR,11/12/2021,Before Market
YETI,11/11/2021,Before Market
IGIC,11/11/2021,After Market
WIX,11/11/2021,Before Market
MT,11/11/2021,Before Market
COCO,11/11/2021,After Market
CELH,11/11/2021,Before Market
JAMF,11/11/2021,After Market
CAE,11/11/2021,Before Market
NICE,11/11/2021,Before Market
HUT,11/11/2021,Before Market
CRC,11/11/2021,Before Market
STNG,11/11/2021,Before Market
JOBY,11/11/2021,After Market
SBH,11/11/2021,Before Market
BLFS,11/11/2021,After Market
SBS,11/11/2021,After Market
BAM,11/11/2021,Before Market
TPR,11/11/2021,Before Market
RYAN,11/11/2021,After Market
WWW,11/10/2021,Before Market
PFGC,11/10/2021,Before Market
CLBT,11/10/2021,Before Market
XENE,11/10/2021,After Market
RPRX,11/10/2021,Before Market
VERA,11/10/2021,Before Market
SHC,11/10/2021,Before Market
DGII,11/10/2021,After Market
VERX,11/10/2021,Before Market
DUOL,11/10/2021,After Market
ROOT,11/10/2021,After Market
ADNT,11/10/2021,Before Market
FOUR,11/10/2021,Before Market
PCVX,11/10/2021,After Market
AER,11/10/2021,Before Market
SOFI,11/10/2021,After Market
GMAB,11/10/2021,Before Market
SKM,11/10/2021,Before Market
ADMA,11/10/2021,After Market
SPH,11/10/2021,After Market
RVMD,11/10/2021,After Market
RELY,11/10/2021,After Market
PAM,11/10/2021,After Market
IMCR,11/10/2021,Before Market
EOSE,11/10/2021,Before Market
SLNO,11/10/2021,After Market
EYE,11/10/2021,Before Market
FICO,11/10/2021,After Market
HIMS,11/10/2021,After Market
KYMR,11/10/2021,Before Market
TRMD,11/10/2021,Before Market
DFH,11/10/2021,Before Market
AEVA,11/10/2021,After Market
COGT,11/10/2021,Before Market
XMTR,11/10/2021,After Market
SA,11/10/2021,After Market
HYMC,11/10/2021,Before Market
LEU,11/10/2021,After Market
ENR,11/10/2021,Before Market
GSL,11/10/2021,Before Market
AFRM,11/10/2021,After Market
NMM,11/10/2021,Before Market
DIS,11/10/2021,After Market
GLUE,11/10/2021,Before Market
BROS,11/10/2021,After Market
MNDY,11/10/2021,Before Market
INTA,11/10/2021,After Market
OSCR,11/10/2021,After Market
NUVL,11/10/2021,Before Market
EWTX,11/10/2021,Before Market
ASND,11/10/2021,After Market
APP,11/10/2021,After Market
APG,11/10/2021,Before Market
SLVM,11/10/2021,Before Market
GIB,11/10/2021,Before Market
ENS,11/10/2021,After Market
PRGO,11/10/2021,Before Market
PHVS,11/10/2021,Before Market
WVE,11/10/2021,Before Market
ATO,11/10/2021,After Market
SDGR,11/10/2021,After Market
COMP,11/10/2021,After Market
RSI,11/10/2021,After Market
OLMA,11/10/2021,After Market
KGC,11/10/2021,After Market
GLNG,11/9/2021,Before Market
NOVT,11/9/2021,Before Market
YPF,11/9/2021,After Market
PDFS,11/9/2021,After Market
KT,11/9/2021,Before Market
MSGE,11/9/2021,Before Market
DASH,11/9/2021,After Market
INBX,11/9/2021,After Market
MSGS,11/9/2021,After Market
SRRK,11/9/2021,Before Market
INSW,11/9/2021,Before Market
CLDX,11/9/2021,After Market
FLYW,11/9/2021,After Market
TMDX,11/9/2021,After Market
OR,11/9/2021,After Market
DAR,11/9/2021,Before Market
VITL,11/9/2021,Before Market
CNR,11/9/2021,After Market
LGND,11/9/2021,After Market
HAE,11/9/2021,Before Market
JAZZ,11/9/2021,After Market
HRMY,11/9/2021,Before Market
SATS,11/9/2021,Before Market
PAR,11/9/2021,After Market
COHR,11/9/2021,After Market
PAAS,11/9/2021,After Market
KOD,11/9/2021,After Market
CAPR,11/9/2021,After Market
DHI,11/9/2021,Before Market
GLBE,11/9/2021,After Market
PAY,11/9/2021,After Market
TAC,11/9/2021,Before Market
HROW,11/9/2021,After Market
ESTA,11/9/2021,Before Market
TOST,11/9/2021,After Market
CARG,11/9/2021,After Market
CEPU,11/9/2021,After Market
SYY,11/9/2021,Before Market
BHVN,11/9/2021,Before Market
ZETA,11/9/2021,After Market
RNG,11/9/2021,After Market
GILT,11/9/2021,Before Market
RNA,11/9/2021,After Market
TDW,11/9/2021,After Market
COIN,11/9/2021,After Market
FOLD,11/9/2021,Before Market
EC,11/9/2021,After Market
WYNN,11/9/2021,After Market
SAIL,11/9/2021,After Market
HGV,11/9/2021,Before Market
THR,11/9/2021,Before Market
BSY,11/9/2021,Before Market
G,11/9/2021,After Market
COKE,11/9/2021,After Market
FSS,11/9/2021,Before Market
VCEL,11/9/2021,Before Market
U,11/9/2021,After Market
ASH,11/9/2021,After Market
TARS,11/9/2021,After Market
ZLAB,11/9/2021,After Market
CAH,11/9/2021,Before Market
CPRX,11/9/2021,After Market
BNTX,11/9/2021,Before Market
OWL,11/9/2021,Before Market
ARLO,11/9/2021,After Market
WES,11/9/2021,After Market
STVN,11/9/2021,Before Market
PLTR,11/9/2021,Before Market
UPST,11/9/2021,After Market
SWX,11/9/2021,Before Market
XPEL,11/9/2021,Before Market
STEP,11/9/2021,After Market
PLUS,11/9/2021,After Market
STWD,11/9/2021,Before Market
MIDD,11/9/2021,Before Market
DOCS,11/9/2021,After Market
VCYT,11/9/2021,After Market
OUST,11/8/2021,After Market
FWRG,11/8/2021,After Market
TREX,11/8/2021,After Market
RBLX,11/8/2021,After Market
TGLS,11/8/2021,Before Market
BEAM,11/8/2021,Before Market
CTRE,11/8/2021,Before Market
MWA,11/8/2021,After Market
ORIC,11/8/2021,After Market
CELC,11/8/2021,After Market
FRPT,11/8/2021,After Market
TME,11/8/2021,After Market
IMOS,11/8/2021,Before Market
CSTL,11/8/2021,After Market
NHI,11/8/2021,After Market
AMPH,11/8/2021,After Market
DAC,11/8/2021,After Market
TRIP,11/8/2021,After Market
PRA,11/8/2021,After Market
IFF,11/8/2021,After Market
JKHY,11/8/2021,After Market
AGM,11/8/2021,After Market
RCUS,11/8/2021,After Market
JHX,11/8/2021,After Market
EFC,11/8/2021,Before Market
CBT,11/8/2021,After Market
HLIO,11/8/2021,Before Market
NSSC,11/8/2021,Before Market
PRI,11/8/2021,After Market
PNTG,11/8/2021,After Market
APLS,11/8/2021,After Market
USFD,11/8/2021,Before Market
AMSC,11/8/2021,After Market
HCI,11/8/2021,After Market
TTD,11/8/2021,Before Market
PYPL,11/8/2021,After Market
BEKE,11/8/2021,After Market
STOK,11/8/2021,Before Market
VTRS,11/8/2021,Before Market
PRVA,11/8/2021,Before Market
AVDL,11/8/2021,Before Market
GTES,11/8/2021,Before Market
FIVN,11/8/2021,After Market
NNI,11/8/2021,After Market
XPRO,11/8/2021,Before Market
RDNT,11/8/2021,Before Market
TWO,11/8/2021,After Market
REAL,11/8/2021,After Market
IPAR,11/8/2021,After Market
APPF,11/8/2021,After Market
PRIM,11/8/2021,After Market
VSAT,11/8/2021,Before Market
FA,11/8/2021,Before Market
ATRO,11/8/2021,Before Market
PHAT,11/8/2021,Before Market
TSEM,11/8/2021,Before Market
SANM,11/8/2021,After Market
CXW,11/8/2021,After Market
FSK,11/8/2021,After Market
TGS,11/8/2021,After Market
KRYS,11/8/2021,Before Market
THS,11/8/2021,Before Market
AXSM,11/8/2021,Before Market
VAC,11/8/2021,Before Market
LMND,11/8/2021,After Market
EVCM,11/8/2021,After Market
ACAD,11/8/2021,After Market
AEIS,11/8/2021,After Market
BRK/B,11/6/2021,Before Market
VST,11/5/2021,Before Market
VTR,11/5/2021,Before Market
KIM,11/5/2021,Before Market
DOC,11/5/2021,Before Market
PNW,11/5/2021,Before Market
NWN,11/5/2021,Before Market
ELAN,11/5/2021,Before Market
MOG/A,11/5/2021,Before Market
GLP,11/5/2021,Before Market
NMRK,11/5/2021,Before Market
CNK,11/5/2021,Before Market
DTM,11/5/2021,Before Market
CRNX,11/5/2021,Before Market
ESNT,11/5/2021,Before Market
MGA,11/5/2021,Before Market
GOOS,11/5/2021,Before Market
FLR,11/5/2021,Before Market
TRP,11/5/2021,Before Market
IMVT,11/5/2021,Before Market
CAI,11/5/2021,Before Market
DXPE,11/5/2021,After Market
DKNG,11/5/2021,Before Market
TILE,11/5/2021,Before Market
TU,11/5/2021,Before Market
NOG,11/5/2021,Before Market
SRE,11/5/2021,Before Market
CLMT,11/5/2021,Before Market
FRHC,11/5/2021,After Market
AMR,11/5/2021,Before Market
BEPC,11/5/2021,Before Market
D,11/5/2021,Before Market
JCI,11/5/2021,Before Market
ENB,11/5/2021,Before Market
NPO,11/5/2021,Before Market
BBU,11/5/2021,Before Market
MMI,11/5/2021,Before Market
HMC,11/5/2021,Before Market
HE,11/5/2021,Before Market
BEP,11/5/2021,Before Market
OTEX,11/4/2021,After Market
IRM,11/4/2021,Before Market
OHI,11/4/2021,After Market
VRRM,11/4/2021,After Market
MAIN,11/4/2021,After Market
GIL,11/4/2021,Before Market
USPH,11/4/2021,Before Market
LASR,11/4/2021,After Market
PMT,11/4/2021,After Market
REGN,11/4/2021,Before Market
ATEC,11/4/2021,After Market
LNG,11/4/2021,Before Market
CFLT,11/4/2021,After Market
REYN,11/4/2021,Before Market
ZBH,11/4/2021,Before Market
RUN,11/4/2021,After Market
LNTH,11/4/2021,Before Market
ALEX,11/4/2021,After Market
IAC,11/4/2021,After Market
BATRA,11/4/2021,Before Market
ARQT,11/4/2021,After Market
REZI,11/4/2021,After Market
EPAM,11/4/2021,Before Market
REG,11/4/2021,After Market
IRTC,11/4/2021,After Market
BILL,11/4/2021,After Market
IBP,11/4/2021,Before Market
BATRK,11/4/2021,Before Market
MSI,11/4/2021,After Market
GLPG,11/4/2021,After Market
BBIO,11/4/2021,Before Market
BHF,11/4/2021,After Market
DVAX,11/4/2021,After Market
NET,11/4/2021,After Market
TGNA,11/4/2021,Before Market
NEO,11/4/2021,Before Market
TRGP,11/4/2021,Before Market
ZTS,11/4/2021,Before Market
LNT,11/4/2021,After Market
MTZ,11/4/2021,After Market
AAON,11/4/2021,After Market
LAUR,11/4/2021,Before Market
MTX,11/4/2021,After Market
NE,11/4/2021,After Market
AAOI,11/4/2021,After Market
VRDN,11/4/2021,After Market
TNK,11/4/2021,Before Market
EXPE,11/4/2021,After Market
MTD,11/4/2021,After Market
FROG,11/4/2021,After Market
ALHC,11/4/2021,After Market
MP,11/4/2021,After Market
GMED,11/4/2021,After Market
WLDN,11/4/2021,After Market
ACIW,11/4/2021,Before Market
XRAY,11/4/2021,Before Market
CWEN/A,11/4/2021,Before Market
NHC,11/4/2021,After Market
MUR,11/4/2021,Before Market
FIS,11/4/2021,Before Market
PPL,11/4/2021,Before Market
ALKT,11/4/2021,After Market
RGA,11/4/2021,After Market
TRIN,11/4/2021,After Market
CNQ,11/4/2021,Before Market
CNP,11/4/2021,Before Market
NTLA,11/4/2021,Before Market
MRNA,11/4/2021,Before Market
MELI,11/4/2021,After Market
CVNA,11/4/2021,After Market
PINS,11/4/2021,After Market
DBX,11/4/2021,After Market
GOLF,11/4/2021,Before Market
LBRDA,11/4/2021,Before Market
GOLD,11/4/2021,Before Market
PFSI,11/4/2021,After Market
ILMN,11/4/2021,After Market
AGO,11/4/2021,After Market
LBRDK,11/4/2021,Before Market
PODD,11/4/2021,After Market
MDGL,11/4/2021,Before Market
TPL,11/4/2021,After Market
ANAB,11/4/2021,After Market
BKD,11/4/2021,After Market
DDOG,11/4/2021,After Market
WELL,11/4/2021,After Market
PENN,11/4/2021,Before Market
FOR,11/4/2021,After Market
SXI,11/4/2021,After Market
DUK,11/4/2021,Before Market
PBH,11/4/2021,Before Market
OLED,11/4/2021,After Market
SWKS,11/4/2021,After Market
AG,11/4/2021,Before Market
NSIT,11/4/2021,Before Market
GKOS,11/4/2021,After Market
MGEE,11/4/2021,Before Market
NWSA,11/4/2021,After Market
APLE,11/4/2021,After Market
WMS,11/4/2021,Before Market
PBA,11/4/2021,After Market
AIG,11/4/2021,After Market
UBER,11/4/2021,After Market
OPCH,11/4/2021,Before Market
CQP,11/4/2021,Before Market
BL,11/4/2021,After Market
BE,11/4/2021,After Market
IDCC,11/4/2021,Before Market
SO,11/4/2021,Before Market
FND,11/4/2021,After Market
MCHP,11/4/2021,After Market
PLNT,11/4/2021,Before Market
NWS,11/4/2021,After Market
RKT,11/4/2021,After Market
MNST,11/4/2021,After Market
PRDO,11/4/2021,After Market
TM,11/4/2021,Before Market
ACMR,11/4/2021,After Market
QDEL,11/4/2021,After Market
FWONA,11/4/2021,Before Market
PCTY,11/4/2021,After Market
TGTX,11/4/2021,Before Market
CWEN,11/4/2021,Before Market
AL,11/4/2021,After Market
TDC,11/4/2021,After Market
CI,11/4/2021,Before Market
CC,11/4/2021,After Market
WPM,11/4/2021,After Market
YELP,11/4/2021,After Market
PRCT,11/4/2021,After Market
BLDR,11/4/2021,Before Market
KRP,11/4/2021,Before Market
CRAI,11/4/2021,Before Market
SHAK,11/4/2021,After Market
HWM,11/4/2021,Before Market
PWP,11/4/2021,Before Market
VIAV,11/4/2021,After Market
PWR,11/4/2021,Before Market
AMH,11/4/2021,After Market
DK,11/4/2021,After Market
FSLR,11/4/2021,After Market
LITE,11/4/2021,Before Market
KTB,11/4/2021,Before Market
ALRM,11/4/2021,After Market
CVCO,11/4/2021,After Market
GSAT,11/4/2021,After Market
VMC,11/4/2021,Before Market
APD,11/4/2021,Before Market
DYN,11/4/2021,Before Market
TDS,11/4/2021,After Market
DNLI,11/4/2021,After Market
VNT,11/4/2021,Before Market
FWONK,11/4/2021,Before Market
STRA,11/4/2021,Before Market
WD,11/4/2021,Before Market
NTRA,11/4/2021,After Market
VCTR,11/4/2021,After Market
ITRI,11/4/2021,Before Market
ED,11/4/2021,After Market
APPN,11/4/2021,After Market
HASI,11/4/2021,After Market
FTNT,11/4/2021,After Market
SYNA,11/4/2021,After Market
PECO,11/4/2021,After Market
LXP,11/4/2021,Before Market
CUBE,11/4/2021,After Market
GEL,11/4/2021,Before Market
COLL,11/4/2021,After Market
GEO,11/4/2021,Before Market
FRT,11/4/2021,After Market
ABNB,11/4/2021,After Market
ONTO,11/4/2021,After Market
HII,11/4/2021,Before Market
CWK,11/4/2021,After Market
BDX,11/4/2021,Before Market
BAP,11/4/2021,After Market
WSC,11/4/2021,After Market
LYV,11/4/2021,After Market
CNXN,11/4/2021,After Market
BCE,11/4/2021,Before Market
DKL,11/4/2021,After Market
PGNY,11/4/2021,After Market
PCOR,11/4/2021,After Market
NRG,11/4/2021,Before Market
WCC,11/4/2021,Before Market
PH,11/4/2021,Before Market
GH,11/4/2021,After Market
NTCT,11/4/2021,Before Market
W,11/4/2021,Before Market
EOG,11/4/2021,After Market
ING,11/4/2021,Before Market
IBOC,11/4/2021,Before Market
OUT,11/4/2021,After Market
DLX,11/4/2021,Before Market
SEM,11/4/2021,After Market
CHH,11/4/2021,Before Market
DOCN,11/4/2021,Before Market
HL,11/4/2021,Before Market
DMLP,11/4/2021,Before Market
MTSI,11/4/2021,Before Market
KWR,11/4/2021,After Market
SFM,11/4/2021,After Market
OXY,11/4/2021,After Market
ARW,11/4/2021,Before Market
NFG,11/4/2021,After Market
CYBR,11/4/2021,Before Market
OGE,11/4/2021,Before Market
DBRG,11/4/2021,Before Market
NVMI,11/4/2021,Before Market
RBA,11/4/2021,After Market
CGNX,11/4/2021,After Market
APTV,11/4/2021,Before Market
INOD,11/4/2021,Before Market
PZZA,11/4/2021,Before Market
CCOI,11/4/2021,Before Market
FOX,11/3/2021,After Market
HMN,11/3/2021,After Market
VVV,11/3/2021,After Market
DIOD,11/3/2021,After Market
VSH,11/3/2021,Before Market
MAC,11/3/2021,Before Market
BR,11/3/2021,Before Market
ACA,11/3/2021,After Market
SRPT,11/3/2021,After Market
LNC,11/3/2021,After Market
NVO,11/3/2021,Before Market
TYRA,11/3/2021,After Market
IAG,11/3/2021,After Market
CTRA,11/3/2021,Before Market
AXGN,11/3/2021,After Market
ITT,11/3/2021,After Market
AVA,11/3/2021,Before Market
CORT,11/3/2021,After Market
CTVA,11/3/2021,After Market
LPG,11/3/2021,Before Market
MAR,11/3/2021,Before Market
UFPT,11/3/2021,Before Market
VIRT,11/3/2021,Before Market
CLH,11/3/2021,Before Market
WHD,11/3/2021,After Market
ETR,11/3/2021,Before Market
NI,11/3/2021,Before Market
AES,11/3/2021,After Market
IIPR,11/3/2021,After Market
QCOM,11/3/2021,After Market
ECPG,11/3/2021,After Market
BIP,11/3/2021,Before Market
CAKE,11/3/2021,After Market
RDWR,11/3/2021,Before Market
AEE,11/3/2021,After Market
ASTE,11/3/2021,Before Market
MTG,11/3/2021,After Market
QRVO,11/3/2021,After Market
SMG,11/3/2021,Before Market
TPC,11/3/2021,After Market
LQDA,11/3/2021,After Market
MUX,11/3/2021,After Market
PTC,11/3/2021,After Market
CWAN,11/3/2021,After Market
NYT,11/3/2021,Before Market
LIVN,11/3/2021,Before Market
ETSY,11/3/2021,After Market
RVLV,11/3/2021,After Market
BKNG,11/3/2021,After Market
HST,11/3/2021,After Market
CPK,11/3/2021,After Market
PTGX,11/3/2021,After Market
EXC,11/3/2021,Before Market
NVST,11/3/2021,After Market
VTOL,11/3/2021,After Market
SLF,11/3/2021,After Market
SUPN,11/3/2021,After Market
MDU,11/3/2021,After Market
UTHR,11/3/2021,Before Market
RYN,11/3/2021,After Market
GDDY,11/3/2021,After Market
SBGI,11/3/2021,Before Market
MFC,11/3/2021,After Market
EQIX,11/3/2021,After Market
DFIN,11/3/2021,Before Market
SHOO,11/3/2021,Before Market
HBM,11/3/2021,After Market
PARR,11/3/2021,After Market
MET,11/3/2021,After Market
PRG,11/3/2021,Before Market
AUPH,11/3/2021,Before Market
UVV,11/3/2021,After Market
SITE,11/3/2021,Before Market
PRAX,11/3/2021,Before Market
CRL,11/3/2021,Before Market
SITM,11/3/2021,After Market
JLL,11/3/2021,Before Market
SPNT,11/3/2021,After Market
ZYME,11/3/2021,After Market
MGM,11/3/2021,After Market
HUM,11/3/2021,Before Market
CENX,11/3/2021,After Market
NCLH,11/3/2021,Before Market
AGIO,11/3/2021,Before Market
PSN,11/3/2021,Before Market
TRMB,11/3/2021,After Market
TBPH,11/3/2021,After Market
ICLR,11/3/2021,After Market
EMR,11/3/2021,Before Market
WING,11/3/2021,Before Market
CRSP,11/3/2021,After Market
ALG,11/3/2021,After Market
TRNO,11/3/2021,After Market
SAFT,11/3/2021,After Market
ACLS,11/3/2021,After Market
ALB,11/3/2021,After Market
ORA,11/3/2021,After Market
CF,11/3/2021,After Market
EAT,11/3/2021,Before Market
TS,11/3/2021,After Market
TT,11/3/2021,Before Market
DXC,11/3/2021,After Market
PLMR,11/3/2021,After Market
TTWO,11/3/2021,After Market
ADPT,11/3/2021,After Market
ATGE,11/3/2021,After Market
AMRX,11/3/2021,Before Market
FNV,11/3/2021,After Market
MATX,11/3/2021,After Market
FYBR,11/3/2021,Before Market
EVRG,11/3/2021,Before Market
LAMR,11/3/2021,Before Market
CCU,11/3/2021,After Market
PEN,11/3/2021,After Market
EA,11/3/2021,After Market
KTOS,11/3/2021,After Market
CW,11/3/2021,After Market
UE,11/3/2021,After Market
ALL,11/3/2021,After Market
ET,11/3/2021,After Market
CVS,11/3/2021,Before Market
CDW,11/3/2021,Before Market
CSGS,11/3/2021,After Market
ELF,11/3/2021,After Market
OSW,11/3/2021,Before Market
CVE,11/3/2021,Before Market
STAA,11/3/2021,After Market
IONS,11/3/2021,Before Market
UHAL,11/3/2021,After Market
QGEN,11/3/2021,After Market
H,11/3/2021,After Market
STN,11/3/2021,After Market
COLD,11/3/2021,After Market
FOXA,11/3/2021,After Market
TXG,11/3/2021,After Market
QTWO,11/3/2021,After Market
WK,11/3/2021,After Market
NRP,11/3/2021,Before Market
VKTX,11/3/2021,After Market
QLYS,11/3/2021,After Market
GFL,11/3/2021,After Market
WTS,11/3/2021,After Market
SUN,11/3/2021,Before Market
ATRC,11/3/2021,After Market
APA,11/3/2021,After Market
XP,11/3/2021,After Market
BDC,11/3/2021,Before Market
ZD,11/3/2021,After Market
EPR,11/3/2021,After Market
HR,11/3/2021,After Market
UMH,11/3/2021,After Market
ROKU,11/3/2021,After Market
EYPT,11/3/2021,Before Market
MGNI,11/3/2021,After Market
CYTK,11/3/2021,After Market
BWA,11/3/2021,Before Market
FDP,11/3/2021,Before Market
BIPC,11/3/2021,Before Market
BLKB,11/3/2021,After Market
HUBS,11/3/2021,After Market
EQX,11/3/2021,After Market
SSRM,11/3/2021,Before Market
TNDM,11/3/2021,After Market
CIM,11/3/2021,Before Market
DNOW,11/3/2021,Before Market
IR,11/3/2021,After Market
TRUP,11/3/2021,After Market
CPRI,11/3/2021,Before Market
FUN,11/3/2021,Before Market
EQH,11/3/2021,After Market
SBRA,11/3/2021,After Market
ICUI,11/3/2021,After Market
SPXC,11/3/2021,After Market
OMCL,11/2/2021,Before Market
RYTM,11/2/2021,Before Market
MTRN,11/2/2021,Before Market
GIC,11/2/2021,After Market
RDN,11/2/2021,After Market
LGIH,11/2/2021,Before Market
VRSK,11/2/2021,After Market
AMCR,11/2/2021,After Market
ICFI,11/2/2021,After Market
VOYA,11/2/2021,After Market
LCII,11/2/2021,Before Market
CIGI,11/2/2021,Before Market
GRBK,11/2/2021,After Market
GPOR,11/2/2021,After Market
HALO,11/2/2021,After Market
VRTX,11/2/2021,After Market
MTCH,11/2/2021,After Market
MRCY,11/2/2021,After Market
TMUS,11/2/2021,After Market
USAC,11/2/2021,Before Market
ACT,11/2/2021,After Market
ETN,11/2/2021,Before Market
AWK,11/2/2021,After Market
INSP,11/2/2021,After Market
OKE,11/2/2021,After Market
ICHR,11/2/2021,After Market
EXPD,11/2/2021,Before Market
ZBRA,11/2/2021,Before Market
EL,11/2/2021,Before Market
TSLX,11/2/2021,After Market
CMI,11/2/2021,Before Market
LDOS,11/2/2021,Before Market
KKR,11/2/2021,Before Market
TNC,11/2/2021,Before Market
VECO,11/2/2021,After Market
SKYT,11/2/2021,After Market
MCY,11/2/2021,After Market
AFG,11/2/2021,After Market
PAHC,11/2/2021,After Market
EXAS,11/2/2021,After Market
LPX,11/2/2021,Before Market
BLD,11/2/2021,Before Market
XPO,11/2/2021,After Market
RAMP,11/2/2021,After Market
INCY,11/2/2021,Before Market
SKY,11/2/2021,After Market
BKH,11/2/2021,After Market
COP,11/2/2021,Before Market
TRI,11/2/2021,Before Market
HCC,11/2/2021,After Market
GPN,11/2/2021,Before Market
INGR,11/2/2021,Before Market
RL,11/2/2021,Before Market
DCO,11/2/2021,After Market
PRU,11/2/2021,After Market
PAA,11/2/2021,After Market
WLK,11/2/2021,Before Market
DEA,11/2/2021,Before Market
ANDE,11/2/2021,After Market
CRK,11/2/2021,After Market
DVN,11/2/2021,After Market
AIZ,11/2/2021,After Market
ARCB,11/2/2021,Before Market
FMC,11/2/2021,After Market
TECH,11/2/2021,Before Market
SEDG,11/2/2021,After Market
ROK,11/2/2021,Before Market
LYFT,11/2/2021,After Market
FNF,11/2/2021,After Market
EIX,11/2/2021,After Market
MDLZ,11/2/2021,After Market
FMS,11/2/2021,Before Market
KAI,11/2/2021,After Market
TX,11/2/2021,After Market
GLDD,11/2/2021,Before Market
EXEL,11/2/2021,After Market
LEA,11/2/2021,Before Market
BP,11/2/2021,Before Market
RARE,11/2/2021,After Market
AME,11/2/2021,Before Market
DD,11/2/2021,Before Market
MPLX,11/2/2021,Before Market
NNN,11/2/2021,Before Market
PEG,11/2/2021,Before Market
HRB,11/2/2021,After Market
ES,11/2/2021,After Market
ROG,11/2/2021,Before Market
STRL,11/2/2021,After Market
CRVL,11/2/2021,Before Market
HLNE,11/2/2021,Before Market
MKL,11/2/2021,After Market
DHT,11/2/2021,After Market
PFE,11/2/2021,Before Market
GNRC,11/2/2021,Before Market
RACE,11/2/2021,Before Market
AMGN,11/2/2021,After Market
LSCC,11/2/2021,After Market
NMIH,11/2/2021,After Market
WAT,11/2/2021,Before Market
MLM,11/2/2021,Before Market
IDXX,11/2/2021,Before Market
HURN,11/2/2021,After Market
PAGP,11/2/2021,After Market
PAYC,11/2/2021,After Market
OVV,11/2/2021,After Market
NXST,11/2/2021,Before Market
APO,11/2/2021,Before Market
BFAM,11/2/2021,After Market
SGRY,11/2/2021,After Market
Z,11/2/2021,After Market
STE,11/2/2021,After Market
HSIC,11/2/2021,Before Market
METC,11/2/2021,After Market
EXTR,11/2/2021,Before Market
IPGP,11/2/2021,Before Market
RRX,11/2/2021,Before Market
XHR,11/2/2021,Before Market
RRR,11/2/2021,After Market
AKAM,11/2/2021,After Market
SEE,11/2/2021,Before Market
ZG,11/2/2021,After Market
DOX,11/2/2021,After Market
NSA,11/2/2021,After Market
EPD,11/2/2021,Before Market
EXLS,11/2/2021,Before Market
XYL,11/2/2021,Before Market
JBGS,11/2/2021,After Market
VAL,11/2/2021,Before Market
UNM,11/2/2021,After Market
IT,11/2/2021,Before Market
MPC,11/2/2021,Before Market
IOSP,11/2/2021,After Market
WEC,11/2/2021,Before Market
CZR,11/2/2021,After Market
CIB,11/2/2021,After Market
HLF,11/2/2021,After Market
SMCI,11/2/2021,After Market
MOD,11/2/2021,After Market
TKR,11/1/2021,Before Market
AROC,11/1/2021,After Market
SBAC,11/1/2021,After Market
OGS,11/1/2021,After Market
BWXT,11/1/2021,After Market
MCK,11/1/2021,After Market
WTRG,11/1/2021,Before Market
ADC,11/1/2021,After Market
FN,11/1/2021,After Market
EPRT,11/1/2021,After Market
CNA,11/1/2021,Before Market
UAN,11/1/2021,After Market
FANG,11/1/2021,After Market
IVT,11/1/2021,After Market
ON,11/1/2021,Before Market
SKT,11/1/2021,After Market
KNSA,11/1/2021,Before Market
AWR,11/1/2021,After Market
RHP,11/1/2021,After Market
WMK,11/1/2021,After Market
NBIX,11/1/2021,After Market
PSA,11/1/2021,After Market
WMB,11/1/2021,After Market
AMRC,11/1/2021,After Market
OTTR,11/1/2021,After Market
WFRD,11/1/2021,After Market
CSR,11/1/2021,After Market
SPG,11/1/2021,After Market
NXPI,11/1/2021,After Market
CAR,11/1/2021,After Market
CSWC,11/1/2021,After Market
PCG,11/1/2021,Before Market
CLX,11/1/2021,After Market
MGY,11/1/2021,After Market
BNL,11/1/2021,After Market
LEG,11/1/2021,After Market
ANET,11/1/2021,After Market
BRKR,11/1/2021,After Market
ANIP,11/1/2021,Before Market
CRUS,11/1/2021,After Market
AMG,11/1/2021,Before Market
HOLX,11/1/2021,After Market
VNO,11/1/2021,After Market
CACC,11/1/2021,After Market
CVI,11/1/2021,After Market
BEN,11/1/2021,Before Market
L,11/1/2021,Before Market
RYAAY,11/1/2021,Before Market
BSM,11/1/2021,After Market
VNOM,11/1/2021,After Market
VRNS,11/1/2021,After Market
BRX,11/1/2021,After Market
BCC,11/1/2021,After Market
ADUS,11/1/2021,After Market
KMT,11/1/2021,After Market
O,11/1/2021,After Market
UUUU,11/1/2021,Before Market
NSP,11/1/2021,After Market
CHT,11/1/2021,Before Market
RMBS,11/1/2021,After Market
GXO,11/1/2021,After Market
NTR,11/1/2021,After Market
MOS,11/1/2021,After Market
RCL,10/29/2021,Before Market
RDY,10/29/2021,Before Market
CHTR,10/29/2021,Before Market
ABBV,10/29/2021,Before Market
NWG,10/29/2021,Before Market
POR,10/29/2021,Before Market
CBOE,10/29/2021,Before Market
BCPC,10/29/2021,Before Market
XOM,10/29/2021,Before Market
BLX,10/29/2021,Before Market
LAZ,10/29/2021,Before Market
CRI,10/29/2021,Before Market
PIPR,10/29/2021,Before Market
PSX,10/29/2021,Before Market
GRC,10/29/2021,Before Market
CL,10/29/2021,Before Market
WPC,10/29/2021,Before Market
DCOM,10/29/2021,Before Market
BAH,10/29/2021,Before Market
SIFY,10/29/2021,Before Market
CCJ,10/29/2021,Before Market
BSAC,10/29/2021,Before Market
CVX,10/29/2021,Before Market
PFS,10/29/2021,Before Market
LYB,10/29/2021,Before Market
AON,10/29/2021,Before Market
E,10/29/2021,Before Market
LHX,10/29/2021,Before Market
B,10/29/2021,Before Market
BELFB,10/29/2021,Before Market
WY,10/29/2021,Before Market
IMO,10/29/2021,Before Market
IRMD,10/29/2021,Before Market
GWW,10/29/2021,Before Market
CHD,10/29/2021,Before Market
FTS,10/29/2021,Before Market
BBVA,10/29/2021,Before Market
AVNT,10/28/2021,Before Market
SBUX,10/28/2021,After Market
ASX,10/28/2021,Before Market
RMD,10/28/2021,After Market
AGCO,10/28/2021,Before Market
WEX,10/28/2021,Before Market
LPLA,10/28/2021,After Market
ATEN,10/28/2021,After Market
VRSN,10/28/2021,After Market
PTCT,10/28/2021,After Market
LH,10/28/2021,Before Market
FTDR,10/28/2021,After Market
ITGR,10/28/2021,Before Market
MRK,10/28/2021,Before Market
NVT,10/28/2021,Before Market
AAPL,10/28/2021,After Market
EBC,10/28/2021,After Market
ATR,10/28/2021,After Market
ALGM,10/28/2021,Before Market
PRLB,10/28/2021,Before Market
ATI,10/28/2021,Before Market
SYK,10/28/2021,After Market
MD,10/28/2021,Before Market
MA,10/28/2021,Before Market
SBCF,10/28/2021,After Market
OPRA,10/28/2021,Before Market
GLPI,10/28/2021,After Market
ABCB,10/28/2021,After Market
LECO,10/28/2021,Before Market
THRM,10/28/2021,Before Market
LMAT,10/28/2021,After Market
NEM,10/28/2021,Before Market
JHG,10/28/2021,Before Market
IDA,10/28/2021,Before Market
ERIE,10/28/2021,After Market
AEP,10/28/2021,Before Market
EXPO,10/28/2021,After Market
CMS,10/28/2021,Before Market
MGRC,10/28/2021,After Market
BIO,10/28/2021,After Market
INSM,10/28/2021,Before Market
FHI,10/28/2021,After Market
ICE,10/28/2021,Before Market
MO,10/28/2021,Before Market
ITW,10/28/2021,Before Market
POWI,10/28/2021,After Market
NVCR,10/28/2021,Before Market
KNSL,10/28/2021,After Market
CMCSA,10/28/2021,Before Market
CNX,10/28/2021,Before Market
SKYW,10/28/2021,After Market
MPWR,10/28/2021,After Market
EXP,10/28/2021,Before Market
MCO,10/28/2021,Before Market
WDC,10/28/2021,After Market
CBRE,10/28/2021,Before Market
TIGO,10/28/2021,Before Market
SIRI,10/28/2021,Before Market
COR,10/28/2021,Before Market
DECK,10/28/2021,After Market
TXRH,10/28/2021,After Market
SNDR,10/28/2021,Before Market
DBD,10/28/2021,Before Market
CNOB,10/28/2021,Before Market
CHKP,10/28/2021,Before Market
GPI,10/28/2021,Before Market
YUM,10/28/2021,Before Market
TEAM,10/28/2021,After Market
SHOP,10/28/2021,Before Market
HTH,10/28/2021,After Market
AVTR,10/28/2021,After Market
EGO,10/28/2021,After Market
CPT,10/28/2021,After Market
TAK,10/28/2021,Before Market
MSTR,10/28/2021,After Market
HSY,10/28/2021,Before Market
EIG,10/28/2021,After Market
OSK,10/28/2021,Before Market
KMPR,10/28/2021,After Market
AB,10/28/2021,Before Market
PBR,10/28/2021,After Market
TAP,10/28/2021,Before Market
RS,10/28/2021,Before Market
SNY,10/28/2021,Before Market
PBF,10/28/2021,Before Market
HTGC,10/28/2021,After Market
RGEN,10/28/2021,Before Market
DVA,10/28/2021,After Market
TRS,10/28/2021,Before Market
CWST,10/28/2021,After Market
LTH,10/28/2021,After Market
OSIS,10/28/2021,Before Market
LTC,10/28/2021,After Market
IMAX,10/28/2021,Before Market
HBAN,10/28/2021,Before Market
BC,10/28/2021,Before Market
MHK,10/28/2021,After Market
CAT,10/28/2021,Before Market
TTE,10/28/2021,Before Market
TFSL,10/28/2021,After Market
SM,10/28/2021,After Market
CDNA,10/28/2021,After Market
CARR,10/28/2021,Before Market
FMX,10/28/2021,After Market
AJG,10/28/2021,After Market
ORI,10/28/2021,Before Market
CG,10/28/2021,After Market
LOPE,10/28/2021,After Market
TW,10/28/2021,Before Market
PATK,10/28/2021,Before Market
CBZ,10/28/2021,Before Market
BY,10/28/2021,After Market
KRG,10/28/2021,After Market
RNST,10/28/2021,After Market
AMAL,10/28/2021,Before Market
ALNY,10/28/2021,Before Market
VC,10/28/2021,Before Market
CUZ,10/28/2021,After Market
SONY,10/28/2021,Before Market
DQ,10/28/2021,Before Market
KBR,10/28/2021,Before Market
NOC,10/28/2021,Before Market
TROW,10/28/2021,Before Market
GTX,10/28/2021,Before Market
CX,10/28/2021,Before Market
GILD,10/28/2021,After Market
PEB,10/28/2021,After Market
XEL,10/28/2021,Before Market
GVA,10/28/2021,Before Market
TBBK,10/28/2021,After Market
ARGX,10/28/2021,Before Market
COHU,10/28/2021,After Market
VALE,10/28/2021,Before Market
SSNC,10/28/2021,After Market
SPSC,10/28/2021,After Market
EMN,10/28/2021,After Market
SAIA,10/28/2021,Before Market
TEX,10/28/2021,After Market
WERN,10/28/2021,After Market
EME,10/28/2021,Before Market
OCFC,10/28/2021,After Market
AMT,10/28/2021,Before Market
AVT,10/28/2021,After Market
SAH,10/28/2021,Before Market
STAG,10/28/2021,After Market
AOS,10/28/2021,Before Market
ENVA,10/28/2021,After Market
MBIN,10/28/2021,After Market
FTAI,10/28/2021,After Market
WST,10/28/2021,Before Market
TXT,10/28/2021,Before Market
STM,10/28/2021,Before Market
KDP,10/28/2021,Before Market
BAX,10/28/2021,Before Market
CWT,10/28/2021,Before Market
COLB,10/28/2021,Before Market
TFX,10/28/2021,Before Market
HIG,10/28/2021,After Market
FE,10/28/2021,After Market
TOWN,10/28/2021,Before Market
DXCM,10/28/2021,After Market
KEX,10/28/2021,Before Market
MMSI,10/28/2021,After Market
BTU,10/28/2021,Before Market
LIN,10/28/2021,Before Market
NTST,10/28/2021,After Market
CFR,10/28/2021,Before Market
CRS,10/28/2021,Before Market
FCN,10/28/2021,Before Market
CHE,10/28/2021,After Market
FTV,10/28/2021,After Market
AMZN,10/28/2021,After Market
BUD,10/28/2021,Before Market
VOYG,10/28/2021,After Market
AX,10/28/2021,After Market
VEON,10/28/2021,Before Market
HLI,10/28/2021,After Market
SWK,10/28/2021,Before Market
TVTX,10/28/2021,After Market
LKQ,10/28/2021,Before Market
HUBG,10/28/2021,After Market
BVN,10/28/2021,After Market
RSG,10/28/2021,After Market
COLM,10/28/2021,After Market
SLGN,10/27/2021,Before Market
VSEC,10/27/2021,After Market
GSHD,10/27/2021,After Market
ALGN,10/27/2021,After Market
ALGT,10/27/2021,After Market
TTMI,10/27/2021,After Market
FLEX,10/27/2021,After Market
CMPR,10/27/2021,After Market
BMRN,10/27/2021,After Market
CHDN,10/27/2021,After Market
TECK,10/27/2021,Before Market
SIMO,10/27/2021,After Market
CTSH,10/27/2021,After Market
HOG,10/27/2021,Before Market
MAA,10/27/2021,After Market
FCNCA,10/27/2021,Before Market
OII,10/27/2021,After Market
LC,10/27/2021,After Market
FORM,10/27/2021,After Market
NGVT,10/27/2021,After Market
CLBK,10/27/2021,After Market
KO,10/27/2021,Before Market
TEVA,10/27/2021,Before Market
UCTT,10/27/2021,After Market
IRT,10/27/2021,After Market
KN,10/27/2021,After Market
HAYW,10/27/2021,Before Market
ESI,10/27/2021,After Market
ACGL,10/27/2021,After Market
AVB,10/27/2021,After Market
MC,10/27/2021,After Market
CACI,10/27/2021,After Market
TMO,10/27/2021,Before Market
MAS,10/27/2021,Before Market
LOB,10/27/2021,After Market
UPWK,10/27/2021,After Market
MSA,10/27/2021,After Market
BHE,10/27/2021,After Market
BXMT,10/27/2021,Before Market
MCD,10/27/2021,Before Market
AEM,10/27/2021,After Market
MTH,10/27/2021,After Market
AVY,10/27/2021,Before Market
CNMD,10/27/2021,After Market
KLAC,10/27/2021,After Market
TNL,10/27/2021,Before Market
URI,10/27/2021,After Market
CHEF,10/27/2021,Before Market
CME,10/27/2021,Before Market
TWLO,10/27/2021,After Market
OC,10/27/2021,Before Market
AFL,10/27/2021,After Market
FIX,10/27/2021,After Market
DRVN,10/27/2021,Before Market
ALKS,10/27/2021,Before Market
CNO,10/27/2021,After Market
PPC,10/27/2021,After Market
UEC,10/27/2021,After Market
VICI,10/27/2021,After Market
RJF,10/27/2021,After Market
EVR,10/27/2021,Before Market
INVH,10/27/2021,After Market
EXR,10/27/2021,After Market
PI,10/27/2021,After Market
CAMT,10/27/2021,Before Market
DTE,10/27/2021,Before Market
INVA,10/27/2021,After Market
MKSI,10/27/2021,After Market
AGI,10/27/2021,After Market
PB,10/27/2021,Before Market
MORN,10/27/2021,After Market
AXS,10/27/2021,After Market
EHC,10/27/2021,After Market
PAG,10/27/2021,Before Market
BOOT,10/27/2021,After Market
MEOH,10/27/2021,After Market
TMHC,10/27/2021,Before Market
KOF,10/27/2021,After Market
ORLY,10/27/2021,After Market
ASGN,10/27/2021,After Market
ROCK,10/27/2021,Before Market
ODFL,10/27/2021,Before Market
CINF,10/27/2021,After Market
CASH,10/27/2021,After Market
BMY,10/27/2021,Before Market
VIV,10/27/2021,After Market
MXL,10/27/2021,After Market
FLS,10/27/2021,After Market
CSTM,10/27/2021,Before Market
NLY,10/27/2021,After Market
SPOT,10/27/2021,Before Market
BG,10/27/2021,Before Market
MHO,10/27/2021,Before Market
BA,10/27/2021,Before Market
SU,10/27/2021,After Market
EBAY,10/27/2021,After Market
AR,10/27/2021,After Market
SF,10/27/2021,Before Market
TEL,10/27/2021,Before Market
AM,10/27/2021,After Market
CCB,10/27/2021,Before Market
QCRH,10/27/2021,After Market
ARES,10/27/2021,Before Market
CTS,10/27/2021,Before Market
FISV,10/27/2021,Before Market
TR,10/27/2021,After Market
GSK,10/27/2021,Before Market
KRC,10/27/2021,After Market
SYBT,10/27/2021,Before Market
CDE,10/27/2021,After Market
GTY,10/27/2021,After Market
SLAB,10/27/2021,Before Market
EQNR,10/27/2021,Before Market
DB,10/27/2021,Before Market
TDY,10/27/2021,Before Market
CCS,10/27/2021,After Market
ENSG,10/27/2021,After Market
JOE,10/27/2021,After Market
CMRE,10/27/2021,Before Market
DT,10/27/2021,Before Market
WH,10/27/2021,After Market
HESM,10/27/2021,Before Market
WAB,10/27/2021,Before Market
ROL,10/27/2021,Before Market
ADP,10/27/2021,Before Market
SIGI,10/27/2021,After Market
SSB,10/27/2021,After Market
SAN,10/27/2021,Before Market
NOW,10/27/2021,After Market
GRMN,10/27/2021,Before Market
DX,10/27/2021,Before Market
BSX,10/27/2021,Before Market
F,10/27/2021,After Market
CUBI,10/27/2021,After Market
EVTC,10/27/2021,After Market
STC,10/27/2021,After Market
PEGA,10/27/2021,After Market
EW,10/27/2021,After Market
YUMC,10/27/2021,After Market
WCN,10/27/2021,After Market
USLM,10/27/2021,After Market
THG,10/27/2021,After Market
APH,10/27/2021,Before Market
GM,10/27/2021,Before Market
GD,10/27/2021,Before Market
TYL,10/27/2021,After Market
ALSN,10/27/2021,After Market
R,10/27/2021,Before Market
SCI,10/27/2021,After Market
HWKN,10/27/2021,After Market
MOH,10/27/2021,After Market
PLXS,10/27/2021,After Market
NSC,10/27/2021,Before Market
AXTI,10/27/2021,After Market
BCO,10/27/2021,Before Market
KHC,10/27/2021,Before Market
ARR,10/27/2021,After Market
HLT,10/27/2021,Before Market
EQT,10/27/2021,After Market
VRT,10/27/2021,Before Market
NTB,10/27/2021,After Market
IP,10/27/2021,Before Market
AIT,10/27/2021,Before Market
MYRG,10/27/2021,After Market
MUSA,10/27/2021,After Market
ABG,10/26/2021,Before Market
RTX,10/26/2021,Before Market
LLY,10/26/2021,Before Market
SPGI,10/26/2021,Before Market
AAT,10/26/2021,After Market
NBTB,10/26/2021,After Market
FELE,10/26/2021,Before Market
HOOD,10/26/2021,After Market
BYD,10/26/2021,After Market
NVS,10/26/2021,Before Market
UPS,10/26/2021,Before Market
FRME,10/26/2021,Before Market
ESS,10/26/2021,After Market
LMT,10/26/2021,Before Market
MSFT,10/26/2021,After Market
BXP,10/26/2021,After Market
PNR,10/26/2021,Before Market
ADM,10/26/2021,Before Market
BUSE,10/26/2021,After Market
ECL,10/26/2021,Before Market
MMYT,10/26/2021,Before Market
SHW,10/26/2021,Before Market
AWI,10/26/2021,Before Market
CNC,10/26/2021,Before Market
CVLT,10/26/2021,Before Market
GLW,10/26/2021,Before Market
VIST,10/26/2021,After Market
GOOGL,10/26/2021,After Market
IVZ,10/26/2021,Before Market
COF,10/26/2021,After Market
UBS,10/26/2021,Before Market
TPB,10/26/2021,Before Market
ZWS,10/26/2021,Before Market
DAN,10/26/2021,Before Market
AGYS,10/26/2021,After Market
UBSI,10/26/2021,Before Market
MTDR,10/26/2021,After Market
HAS,10/26/2021,Before Market
IEX,10/26/2021,After Market
GPK,10/26/2021,Before Market
UDR,10/26/2021,After Market
GOOG,10/26/2021,After Market
MSCI,10/26/2021,Before Market
EGP,10/26/2021,After Market
NAVI,10/26/2021,After Market
WSBC,10/26/2021,After Market
TCBK,10/26/2021,Before Market
ARCC,10/26/2021,Before Market
GBX,10/26/2021,Before Market
TRU,10/26/2021,Before Market
MANH,10/26/2021,After Market
TRMK,10/26/2021,After Market
ST,10/26/2021,Before Market
PEBO,10/26/2021,Before Market
FIBK,10/26/2021,After Market
ENPH,10/26/2021,After Market
CB,10/26/2021,After Market
AKR,10/26/2021,After Market
FFIV,10/26/2021,After Market
AMD,10/26/2021,After Market
TENB,10/26/2021,After Market
V,10/26/2021,After Market
UMBF,10/26/2021,After Market
MASI,10/26/2021,After Market
NOV,10/26/2021,After Market
CSGP,10/26/2021,After Market
TER,10/26/2021,After Market
PFG,10/26/2021,After Market
AMP,10/26/2021,After Market
HIW,10/26/2021,After Market
TXN,10/26/2021,After Market
SFNC,10/26/2021,Before Market
WM,10/26/2021,Before Market
APAM,10/26/2021,After Market
PII,10/26/2021,Before Market
FCPT,10/26/2021,After Market
LBRT,10/26/2021,After Market
FSV,10/26/2021,Before Market
ENTG,10/26/2021,Before Market
GE,10/26/2021,Before Market
MMM,10/26/2021,Before Market
PHM,10/26/2021,Before Market
PCAR,10/26/2021,Before Market
LFUS,10/26/2021,After Market
DLR,10/26/2021,After Market
OMAB,10/26/2021,After Market
FCF,10/26/2021,After Market
RRC,10/26/2021,After Market
SCCO,10/26/2021,After Market
EQR,10/26/2021,After Market
CHRW,10/26/2021,After Market
HUBB,10/26/2021,Before Market
PJT,10/26/2021,Before Market
FBNC,10/26/2021,After Market
ASR,10/25/2021,After Market
TNET,10/25/2021,After Market
LOGI,10/25/2021,After Market
AMKR,10/25/2021,After Market
AUB,10/25/2021,Before Market
GABC,10/25/2021,After Market
NWBI,10/25/2021,Before Market
HNI,10/25/2021,Before Market
CALX,10/25/2021,After Market
CLS,10/25/2021,After Market
NEU,10/25/2021,After Market
QSR,10/25/2021,Before Market
MCRI,10/25/2021,After Market
QURE,10/25/2021,Before Market
HSBC,10/25/2021,Before Market
OI,10/25/2021,After Market
KMB,10/25/2021,Before Market
PRK,10/25/2021,After Market
AIN,10/25/2021,After Market
EFSC,10/25/2021,After Market
CDNS,10/25/2021,After Market
BOH,10/25/2021,Before Market
PCH,10/25/2021,After Market
CBU,10/25/2021,Before Market
CADE,10/25/2021,After Market
TIMB,10/25/2021,After Market
UHS,10/25/2021,After Market
CCK,10/25/2021,After Market
CATY,10/25/2021,After Market
CR,10/25/2021,After Market
BRO,10/25/2021,After Market
SSD,10/25/2021,After Market
RNR,10/25/2021,After Market
MEDP,10/25/2021,After Market
DORM,10/25/2021,Before Market
FBP,10/25/2021,Before Market
OTIS,10/25/2021,Before Market
SUI,10/25/2021,After Market
LII,10/25/2021,Before Market
ARLP,10/25/2021,Before Market
AXTA,10/25/2021,After Market
LKFN,10/25/2021,Before Market
RBC,10/25/2021,After Market
PKG,10/25/2021,After Market
ARE,10/25/2021,After Market
PKX,10/24/2021,Before Market
NWE,10/24/2021,After Market
IBN,10/23/2021,Before Market
SMPL,10/22/2021,Before Market
GNTX,10/22/2021,Before Market
TMP,10/22/2021,Before Market
VFC,10/22/2021,Before Market
CLF,10/22/2021,Before Market
HON,10/22/2021,Before Market
FHB,10/22/2021,Before Market
RBCAA,10/22/2021,Before Market
STX,10/22/2021,Before Market
SLB,10/22/2021,Before Market
AXP,10/22/2021,Before Market
HCA,10/22/2021,Before Market
RF,10/22/2021,Before Market
ALV,10/22/2021,Before Market
ROP,10/22/2021,Before Market
GTLS,10/21/2021,Before Market
KB,10/21/2021,Before Market
GATX,10/21/2021,Before Market
RCI,10/21/2021,Before Market
NUE,10/21/2021,Before Market
IQV,10/21/2021,Before Market
AAL,10/21/2021,Before Market
ASB,10/21/2021,After Market
CHCO,10/21/2021,Before Market
DOW,10/21/2021,Before Market
OZK,10/21/2021,After Market
WHR,10/21/2021,After Market
MAT,10/21/2021,After Market
INTC,10/21/2021,After Market
CMG,10/21/2021,After Market
ALLE,10/21/2021,Before Market
HRI,10/21/2021,Before Market
OLN,10/21/2021,After Market
CROX,10/21/2021,Before Market
VICR,10/21/2021,After Market
SRCE,10/21/2021,After Market
BKU,10/21/2021,Before Market
RHI,10/21/2021,After Market
INDB,10/21/2021,After Market
FFBC,10/21/2021,After Market
TPH,10/21/2021,Before Market
SNA,10/21/2021,Before Market
GPC,10/21/2021,Before Market
ALLY,10/21/2021,Before Market
TRN,10/21/2021,Before Market
CSL,10/21/2021,After Market
LUV,10/21/2021,Before Market
EWBC,10/21/2021,Before Market
AN,10/21/2021,Before Market
SAFE,10/21/2021,Before Market
SON,10/21/2021,Before Market
ALK,10/21/2021,Before Market
VLO,10/21/2021,Before Market
CE,10/21/2021,After Market
BX,10/21/2021,Before Market
BANC,10/21/2021,Before Market
DGX,10/21/2021,Before Market
BANF,10/21/2021,After Market
PSMT,10/21/2021,After Market
WSFS,10/21/2021,After Market
FFIN,10/21/2021,After Market
TSCO,10/21/2021,Before Market
SAP,10/21/2021,Before Market
SAM,10/21/2021,After Market
WRB,10/21/2021,After Market
WABC,10/21/2021,Before Market
DHR,10/21/2021,Before Market
FAF,10/21/2021,Before Market
STBA,10/21/2021,Before Market
WAL,10/21/2021,After Market
KEY,10/21/2021,Before Market
WBS,10/21/2021,Before Market
T,10/21/2021,Before Market
LNN,10/21/2021,Before Market
BCS,10/21/2021,Before Market
HOMB,10/21/2021,Before Market
POOL,10/21/2021,Before Market
UNP,10/21/2021,Before Market
GBCI,10/21/2021,After Market
FCX,10/21/2021,Before Market
CTBI,10/20/2021,Before Market
REXR,10/20/2021,After Market
KALU,10/20/2021,After Market
NEE,10/20/2021,Before Market
ABT,10/20/2021,Before Market
CMA,10/20/2021,Before Market
FCFS,10/20/2021,Before Market
UFPI,10/20/2021,After Market
IBM,10/20/2021,After Market
BPOP,10/20/2021,Before Market
BOKF,10/20/2021,Before Market
TSLA,10/20/2021,After Market
HCSG,10/20/2021,Before Market
EEFT,10/20/2021,After Market
FHN,10/20/2021,Before Market
MTB,10/20/2021,Before Market
MKTX,10/20/2021,Before Market
KMI,10/20/2021,After Market
CNS,10/20/2021,After Market
PPG,10/20/2021,After Market
PFBC,10/20/2021,After Market
LAD,10/20/2021,Before Market
EFX,10/20/2021,After Market
BKR,10/20/2021,Before Market
SLM,10/20/2021,After Market
OMF,10/20/2021,After Market
SLG,10/20/2021,After Market
RUSHA,10/20/2021,After Market
KNX,10/20/2021,Before Market
TCBI,10/20/2021,After Market
CVBF,10/20/2021,After Market
OSBC,10/20/2021,After Market
NDAQ,10/20/2021,Before Market
LRCX,10/20/2021,After Market
LVS,10/20/2021,After Market
RLI,10/20/2021,After Market
BIIB,10/20/2021,Before Market
CSX,10/20/2021,After Market
VMI,10/20/2021,After Market
BANR,10/20/2021,After Market
NTRS,10/20/2021,Before Market
CP,10/20/2021,Before Market
CCI,10/20/2021,After Market
VZ,10/20/2021,Before Market
CFG,10/20/2021,Before Market
FR,10/20/2021,After Market
SEIC,10/20/2021,After Market
WSO,10/20/2021,Before Market
UNF,10/20/2021,Before Market
LSTR,10/20/2021,After Market
GL,10/20/2021,After Market
THC,10/20/2021,After Market
SCL,10/20/2021,Before Market
ASML,10/20/2021,Before Market
OFG,10/20/2021,Before Market
WGO,10/20/2021,Before Market
GGG,10/20/2021,After Market
FTI,10/20/2021,After Market
MSM,10/20/2021,Before Market
SYF,10/19/2021,Before Market
WDFC,10/19/2021,After Market
DOV,10/19/2021,Before Market
MAN,10/19/2021,Before Market
UAL,10/19/2021,After Market
CBSH,10/19/2021,Before Market
IRDM,10/19/2021,Before Market
CNI,10/19/2021,After Market
PM,10/19/2021,Before Market
HAL,10/19/2021,Before Market
FULT,10/19/2021,After Market
OMC,10/19/2021,After Market
ONB,10/19/2021,Before Market
WTFC,10/19/2021,After Market
TRV,10/19/2021,Before Market
NBHC,10/19/2021,After Market
BK,10/19/2021,Before Market
IBKR,10/19/2021,After Market
FITB,10/19/2021,Before Market
JNJ,10/19/2021,Before Market
HWC,10/19/2021,After Market
NFLX,10/19/2021,After Market
MRTN,10/19/2021,After Market
AMX,10/19/2021,After Market
MLI,10/19/2021,Before Market
PG,10/19/2021,Before Market
LRN,10/19/2021,After Market
ISRG,10/19/2021,Before Market
ACI,10/18/2021,Before Market
SFBS,10/18/2021,After Market
STLD,10/18/2021,After Market
ZION,10/18/2021,After Market
FNB,10/18/2021,After Market
ELS,10/18/2021,After Market
HXL,10/18/2021,After Market
PHG,10/18/2021,Before Market
STT,10/18/2021,Before Market
FBK,10/18/2021,After Market
HDB,10/16/2021,Before Market
PLD,10/15/2021,Before Market
SXT,10/15/2021,Before Market
JBHT,10/15/2021,Before Market
PNC,10/15/2021,Before Market
SCHW,10/15/2021,Before Market
BMI,10/15/2021,Before Market
TFC,10/15/2021,Before Market
GS,10/15/2021,Before Market
WFC,10/14/2021,Before Market
CMC,10/14/2021,Before Market
DPZ,10/14/2021,Before Market
USB,10/14/2021,Before Market
MS,10/14/2021,Before Market
TSM,10/14/2021,Before Market
AA,10/14/2021,After Market
BAC,10/14/2021,Before Market
NRIX,10/14/2021,After Market
C,10/14/2021,Before Market
PGR,10/14/2021,Before Market
WAFD,10/14/2021,After Market
UNH,10/14/2021,Before Market
DAL,10/13/2021,Before Market
BLK,10/13/2021,Before Market
INFY,10/13/2021,Before Market
JPM,10/13/2021,Before Market
FAST,10/12/2021,Before Market
AZZ,10/12/2021,Before Market
PNFP,10/12/2021,After Market
LW,10/7/2021,Before Market
CAG,10/7/2021,Before Market
IDT,10/6/2021,After Market
AYI,10/6/2021,Before Market
RPM,10/6/2021,Before Market
LEVI,10/6/2021,After Market
STZ,10/6/2021,Before Market
PEP,10/4/2021,After Market
JEF,9/30/2021,After Market
PAYX,9/30/2021,Before Market
KMX,9/30/2021,Before Market
MKC,9/30/2021,Before Market
WOR,9/29/2021,Before Market
EPAC,9/29/2021,Before Market
CTAS,9/29/2021,Before Market
JBL,9/29/2021,Before Market
MU,9/28/2021,After Market
SNX,9/28/2021,Before Market
UNFI,9/28/2021,Before Market
CALM,9/28/2021,After Market
THO,9/28/2021,Before Market
FDS,9/28/2021,Before Market
CNXC,9/27/2021,After Market
EDU,9/24/2021,After Market
CUK,9/24/2021,Before Market
CCL,9/24/2021,Before Market
MTN,9/23/2021,After Market
COST,9/23/2021,After Market
TCOM,9/23/2021,After Market
GHRS,9/23/2021,After Market
DRI,9/23/2021,Before Market
PRGS,9/23/2021,After Market
ACN,9/23/2021,Before Market
NKE,9/23/2021,After Market
AIR,9/23/2021,After Market
GIS,9/22/2021,Before Market
KBH,9/22/2021,After Market
FUL,9/22/2021,After Market
AZO,9/21/2021,Before Market
FDX,9/21/2021,After Market
ADBE,9/21/2021,After Market
LEN,9/20/2021,After Market
RCAT,9/20/2021,After Market
MANU,9/17/2021,Before Market
JXN,9/17/2021,Before Market
JKS,9/15/2021,Before Market
CNM,9/14/2021,Before Market
ORCL,9/13/2021,After Market
NSSC,9/13/2021,Before Market
KR,9/10/2021,Before Market
ASO,9/9/2021,Before Market
FIZZ,9/9/2021,After Market
ZS,9/9/2021,After Market
AFRM,9/9/2021,After Market
ABM,9/8/2021,After Market
HQY,9/8/2021,After Market
GME,9/8/2021,After Market
DSGX,9/8/2021,After Market
KFY,9/8/2021,Before Market
RH,9/8/2021,After Market
NUVL,9/8/2021,Before Market
RKLB,9/8/2021,After Market
CPRT,9/8/2021,After Market
AVAV,9/8/2021,After Market
S,9/8/2021,After Market
INTA,9/8/2021,After Market
REVG,9/8/2021,Before Market
LULU,9/8/2021,After Market
CASY,9/7/2021,After Market
AGX,9/7/2021,After Market
PATH,9/7/2021,After Market
HPE,9/2/2021,After Market
AEO,9/2/2021,After Market
DCI,9/2/2021,Before Market
SIG,9/2/2021,Before Market
HRL,9/2/2021,Before Market
COO,9/2/2021,After Market
MDB,9/2/2021,After Market
TTC,9/2/2021,Before Market
BRC,9/2/2021,Before Market
GIII,9/2/2021,Before Market
GWRE,9/2/2021,After Market
AVGO,9/2/2021,After Market
SAIC,9/2/2021,After Market
CCEP,9/2/2021,Before Market
CIEN,9/2/2021,Before Market
DOCU,9/2/2021,After Market
CHWY,9/1/2021,After Market
CPB,9/1/2021,Before Market
BF/B,9/1/2021,Before Market
REX,9/1/2021,Before Market
BF/A,9/1/2021,Before Market
DAKT,9/1/2021,Before Market
VEEV,9/1/2021,After Market
NTNX,9/1/2021,After Market
NCNO,9/1/2021,After Market
SMTC,9/1/2021,After Market
OKTA,9/1/2021,After Market
FIVE,9/1/2021,After Market
DY,9/1/2021,Before Market
GEF,9/1/2021,After Market
RYAN,9/1/2021,After Market
AI,9/1/2021,After Market
HMY,8/31/2021,Before Market
DAO,8/31/2021,Before Market
AMBA,8/31/2021,After Market
PVH,8/31/2021,After Market
CRWD,8/31/2021,After Market
FUTU,8/31/2021,Before Market
NTES,8/31/2021,Before Market
LI,8/30/2021,Before Market
NEGG,8/30/2021,Before Market
STNE,8/30/2021,After Market
NDSN,8/30/2021,After Market
MESO,8/30/2021,Before Market
VEON,8/30/2021,Before Market
ZM,8/30/2021,After Market
BZ,8/27/2021,Before Market
BURL,8/26/2021,Before Market
HPQ,8/26/2021,After Market
GGAL,8/26/2021,After Market
AFYA,8/26/2021,After Market
SBSW,8/26/2021,Before Market
CM,8/26/2021,Before Market
BILL,8/26/2021,After Market
TD,8/26/2021,Before Market
DLTR,8/26/2021,Before Market
ANF,8/26/2021,Before Market
DG,8/26/2021,Before Market
SJM,8/26/2021,Before Market
KEN,8/26/2021,Before Market
MRVL,8/26/2021,After Market
FRO,8/26/2021,Before Market
DELL,8/26/2021,After Market
OLLI,8/26/2021,After Market
WDAY,8/26/2021,After Market
CRH,8/26/2021,Before Market
XPEV,8/26/2021,Before Market
ESTC,8/25/2021,After Market
NTAP,8/25/2021,After Market
ATHM,8/25/2021,Before Market
DRD,8/25/2021,Before Market
PSTG,8/25/2021,After Market
CRM,8/25/2021,After Market
RY,8/25/2021,Before Market
BMA,8/25/2021,After Market
BOX,8/25/2021,After Market
ADSK,8/25/2021,After Market
EH,8/25/2021,Before Market
PAHC,8/25/2021,After Market
ASND,8/25/2021,After Market
DKS,8/25/2021,Before Market
PLAB,8/25/2021,Before Market
WSM,8/25/2021,After Market
ULTA,8/25/2021,After Market
SNOW,8/25/2021,After Market
INTU,8/24/2021,After Market
TOL,8/24/2021,After Market
HTHT,8/24/2021,Before Market
URBN,8/24/2021,After Market
BMO,8/24/2021,Before Market
HEI,8/24/2021,After Market
BNS,8/24/2021,Before Market
PDD,8/24/2021,Before Market
BBAR,8/24/2021,After Market
BBY,8/24/2021,Before Market
MDT,8/24/2021,Before Market
AAP,8/24/2021,Before Market
HEI/A,8/24/2021,After Market
PANW,8/23/2021,After Market
MSGE,8/23/2021,Before Market
LEGN,8/23/2021,Before Market
RIOT,8/23/2021,After Market
JD,8/23/2021,Before Market
BKE,8/20/2021,Before Market
DE,8/20/2021,Before Market
TPR,8/19/2021,Before Market
QFIN,8/19/2021,After Market
ROST,8/19/2021,After Market
GFI,8/19/2021,Before Market
PAX,8/19/2021,Before Market
PFGC,8/19/2021,Before Market
MNSO,8/19/2021,Before Market
SQM,8/19/2021,After Market
EL,8/19/2021,Before Market
BJ,8/19/2021,Before Market
MSGS,8/19/2021,Before Market
AMAT,8/19/2021,After Market
BILI,8/19/2021,Before Market
KSS,8/19/2021,Before Market
M,8/19/2021,Before Market
ATGE,8/19/2021,After Market
STVN,8/19/2021,Before Market
ZTO,8/18/2021,After Market
HOOD,8/18/2021,After Market
VIPS,8/18/2021,Before Market
SNPS,8/18/2021,After Market
LB,8/18/2021,After Market
LITE,8/18/2021,Before Market
ADI,8/18/2021,Before Market
CSCO,8/18/2021,After Market
LOW,8/18/2021,Before Market
NVDA,8/18/2021,After Market
ZIM,8/18/2021,Before Market
CAAP,8/18/2021,After Market
DQ,8/18/2021,Before Market
KEYS,8/18/2021,After Market
OSIS,8/18/2021,Before Market
TGT,8/18/2021,Before Market
TJX,8/18/2021,Before Market
VSCO,8/18/2021,After Market
EAT,8/18/2021,Before Market
BBWI,8/18/2021,After Market
DLO,8/18/2021,After Market
LZB,8/17/2021,After Market
AIT,8/17/2021,Before Market
SE,8/17/2021,Before Market
AMCR,8/17/2021,After Market
FLNG,8/17/2021,Before Market
WMT,8/17/2021,Before Market
GDS,8/17/2021,Before Market
JKHY,8/17/2021,After Market
MNDY,8/17/2021,Before Market
A,8/17/2021,After Market
HD,8/17/2021,Before Market
RBLX,8/16/2021,After Market
TME,8/16/2021,After Market
YOU,8/16/2021,Before Market
IMNM,8/16/2021,After Market
VERA,8/16/2021,Before Market
BHP,8/16/2021,Before Market
GLBE,8/16/2021,After Market
AG,8/16/2021,After Market
PRAX,8/16/2021,Before Market
DXPE,8/16/2021,Before Market
CNTA,8/16/2021,Before Market
FN,8/16/2021,After Market
NVGS,8/16/2021,After Market
COGT,8/16/2021,Before Market
CLSK,8/16/2021,After Market
ONDS,8/16/2021,Before Market
TERN,8/16/2021,After Market
SA,8/13/2021,After Market
KEP,8/13/2021,Before Market
VIAV,8/12/2021,After Market
RCAT,8/12/2021,After Market
SHC,8/12/2021,Before Market
ESLT,8/12/2021,Before Market
DASH,8/12/2021,After Market
GLOB,8/12/2021,After Market
CELH,8/12/2021,Before Market
BIDU,8/12/2021,Before Market
OPRA,8/12/2021,Before Market
SOFI,8/12/2021,After Market
IGIC,8/12/2021,After Market
EYE,8/12/2021,Before Market
CAPR,8/12/2021,After Market
BR,8/12/2021,Before Market
HUT,8/12/2021,Before Market
FLY,8/12/2021,Before Market
GLUE,8/12/2021,Before Market
BLBD,8/12/2021,After Market
DCO,8/12/2021,After Market
WPM,8/12/2021,After Market
XMTR,8/12/2021,After Market
AEVA,8/12/2021,After Market
RKT,8/12/2021,After Market
OSCR,8/12/2021,After Market
BAP,8/12/2021,After Market
FA,8/12/2021,Before Market
BAM,8/12/2021,Before Market
BLFS,8/12/2021,After Market
MGIC,8/12/2021,Before Market
CSIQ,8/12/2021,Before Market
PWP,8/12/2021,Before Market
DIS,8/12/2021,After Market
MIDD,8/12/2021,Before Market
SBS,8/12/2021,Before Market
ABNB,8/12/2021,After Market
SXI,8/12/2021,After Market
CYBR,8/12/2021,Before Market
SDGR,8/12/2021,Before Market
RSI,8/12/2021,After Market
PLTR,8/12/2021,Before Market
MAGS,8/12/2021,Before Market
YPF,8/11/2021,Before Market
XENE,8/11/2021,After Market
RPRX,8/11/2021,Before Market
AVT,8/11/2021,After Market
GMAB,8/11/2021,Before Market
ROOT,8/11/2021,After Market
VERX,8/11/2021,Before Market
PUK,8/11/2021,Before Market
SMMT,8/11/2021,Before Market
PCVX,8/11/2021,After Market
ENS,8/11/2021,After Market
WIX,8/11/2021,Before Market
DUOL,8/11/2021,After Market
VRDN,8/11/2021,Before Market
RVMD,8/11/2021,After Market
ADMA,8/11/2021,After Market
CYD,8/11/2021,Before Market
SKM,8/11/2021,Before Market
HIMS,8/11/2021,After Market
CEPU,8/11/2021,After Market
EOSE,8/11/2021,Before Market
PAM,8/11/2021,After Market
IMCR,8/11/2021,Before Market
LEU,8/11/2021,After Market
EBAY,8/11/2021,After Market
BEKE,8/11/2021,After Market
FNV,8/11/2021,After Market
PSIX,8/11/2021,After Market
CACI,8/11/2021,After Market
RGLD,8/11/2021,After Market
SONO,8/11/2021,After Market
COHR,8/11/2021,After Market
PRGO,8/11/2021,Before Market
CPNG,8/11/2021,After Market
APG,8/11/2021,Before Market
APP,8/11/2021,After Market
HAE,8/11/2021,Before Market
CAE,8/11/2021,Before Market
GOOS,8/11/2021,Before Market
CIB,8/11/2021,After Market
BEAM,8/10/2021,Before Market
KT,8/10/2021,Before Market
PDFS,8/10/2021,After Market
NOVT,8/10/2021,Before Market
ARMK,8/10/2021,Before Market
SRRK,8/10/2021,After Market
LRN,8/10/2021,After Market
FLYW,8/10/2021,After Market
IMOS,8/10/2021,Before Market
VITL,8/10/2021,Before Market
HRMY,8/10/2021,Before Market
ORIC,8/10/2021,After Market
CRNX,8/10/2021,After Market
HROW,8/10/2021,After Market
LQDA,8/10/2021,Before Market
SMCI,8/10/2021,After Market
DAR,8/10/2021,After Market
STEP,8/10/2021,After Market
DOCS,8/10/2021,After Market
JMIA,8/10/2021,Before Market
JAMF,8/10/2021,After Market
TRMD,8/10/2021,Before Market
PAY,8/10/2021,After Market
TAC,8/10/2021,Before Market
PAAS,8/10/2021,After Market
STOK,8/10/2021,Before Market
DFH,8/10/2021,Before Market
ZETA,8/10/2021,After Market
COIN,8/10/2021,After Market
TDG,8/10/2021,Before Market
GILT,8/10/2021,Before Market
PHAT,8/10/2021,Before Market
COKE,8/10/2021,After Market
BSY,8/10/2021,Before Market
OLMA,8/10/2021,After Market
U,8/10/2021,After Market
IDYA,8/10/2021,Before Market
UPST,8/10/2021,After Market
VSH,8/10/2021,Before Market
SYY,8/10/2021,Before Market
OWL,8/10/2021,Before Market
ESE,8/9/2021,After Market
IMVT,8/9/2021,Before Market
OUST,8/9/2021,After Market
ACM,8/9/2021,After Market
ALHC,8/9/2021,After Market
GLNG,8/9/2021,Before Market
INBX,8/9/2021,After Market
TGNA,8/9/2021,Before Market
STE,8/9/2021,After Market
ELAN,8/9/2021,Before Market
INSW,8/9/2021,Before Market
HALO,8/9/2021,After Market
ANAB,8/9/2021,After Market
CELC,8/9/2021,After Market
KOD,8/9/2021,After Market
HBM,8/9/2021,After Market
GOLD,8/9/2021,Before Market
CSTL,8/9/2021,After Market
OR,8/9/2021,After Market
SNDX,8/9/2021,After Market
AMPH,8/9/2021,After Market
NHI,8/9/2021,After Market
APLS,8/9/2021,After Market
PNTG,8/9/2021,After Market
HLIO,8/9/2021,After Market
SNEX,8/9/2021,After Market
TSN,8/9/2021,Before Market
AMRX,8/9/2021,Before Market
PAR,8/9/2021,After Market
BHVN,8/9/2021,Before Market
USFD,8/9/2021,Before Market
PRVA,8/9/2021,Before Market
VTRS,8/9/2021,Before Market
AVDL,8/9/2021,Before Market
CF,8/9/2021,After Market
APPF,8/9/2021,After Market
CBT,8/9/2021,After Market
TTD,8/9/2021,Before Market
PLNT,8/9/2021,After Market
EWTX,8/9/2021,Before Market
IPAR,8/9/2021,After Market
JHX,8/9/2021,After Market
KRYS,8/9/2021,Before Market
DHT,8/9/2021,After Market
TDW,8/9/2021,After Market
SAIL,8/9/2021,After Market
PEN,8/9/2021,After Market
GTES,8/9/2021,Before Market
RDNT,8/9/2021,Before Market
REAL,8/9/2021,After Market
RNA,8/9/2021,After Market
QLYS,8/9/2021,After Market
ENR,8/9/2021,Before Market
HE,8/9/2021,Before Market
CXW,8/9/2021,After Market
FSK,8/9/2021,After Market
ZLAB,8/9/2021,After Market
APD,8/9/2021,Before Market
COMP,8/9/2021,After Market
XPEL,8/9/2021,Before Market
WES,8/9/2021,After Market
EVCM,8/9/2021,After Market
AXSM,8/9/2021,Before Market
NTR,8/9/2021,After Market
CPRX,8/9/2021,After Market
GBDC,8/9/2021,After Market
VRRM,8/9/2021,After Market
BNTX,8/9/2021,Before Market
BRK/B,8/7/2021,Before Market
NEO,8/6/2021,Before Market
VTR,8/6/2021,Before Market
TGLS,8/6/2021,Before Market
CNK,8/6/2021,Before Market
BATRK,8/6/2021,Before Market
BATRA,8/6/2021,Before Market
ESNT,8/6/2021,Before Market
GLP,8/6/2021,Before Market
MD,8/6/2021,Before Market
DTM,8/6/2021,Before Market
ROAD,8/6/2021,Before Market
NCLH,8/6/2021,Before Market
LBRDK,8/6/2021,Before Market
LBRDA,8/6/2021,Before Market
NMRK,8/6/2021,Before Market
KYMR,8/6/2021,Before Market
FLR,8/6/2021,Before Market
MGA,8/6/2021,Before Market
SPB,8/6/2021,Before Market
FWONK,8/6/2021,Before Market
FWONA,8/6/2021,Before Market
DKNG,8/6/2021,Before Market
LEA,8/6/2021,Before Market
TILE,8/6/2021,Before Market
VNT,8/6/2021,Before Market
CLMT,8/6/2021,Before Market
TWST,8/6/2021,Before Market
AMR,8/6/2021,Before Market
ANIP,8/6/2021,Before Market
ATRO,8/6/2021,Before Market
NRP,8/6/2021,Before Market
MMI,8/6/2021,Before Market
BBU,8/6/2021,Before Market
ING,8/6/2021,Before Market
D,8/6/2021,Before Market
AU,8/6/2021,Before Market
ZTS,8/5/2021,Before Market
LNT,8/5/2021,After Market
PMT,8/5/2021,After Market
DIOD,8/5/2021,After Market
NET,8/5/2021,After Market
WPP,8/5/2021,Before Market
REGN,8/5/2021,Before Market
LASR,8/5/2021,After Market
USPH,8/5/2021,Before Market
CFLT,8/5/2021,After Market
YETI,8/5/2021,Before Market
LNG,8/5/2021,Before Market
REZI,8/5/2021,After Market
IRM,8/5/2021,Before Market
RUN,8/5/2021,After Market
FROG,8/5/2021,After Market
INSM,8/5/2021,Before Market
SYNA,8/5/2021,After Market
VST,8/5/2021,Before Market
GIL,8/5/2021,Before Market
VOYA,8/5/2021,After Market
MAIN,8/5/2021,After Market
CVCO,8/5/2021,After Market
NFG,8/5/2021,After Market
MTZ,8/5/2021,After Market
LAUR,8/5/2021,Before Market
PH,8/5/2021,Before Market
CNQ,8/5/2021,Before Market
CNP,8/5/2021,Before Market
BBIO,8/5/2021,Before Market
EXPE,8/5/2021,After Market
CLDX,8/5/2021,After Market
BIP,8/5/2021,Before Market
TRGP,8/5/2021,Before Market
AEE,8/5/2021,After Market
AAOI,8/5/2021,After Market
AAON,8/5/2021,After Market
IMKTA,8/5/2021,Before Market
ARQT,8/5/2021,After Market
MP,8/5/2021,After Market
PENN,8/5/2021,Before Market
PNW,8/5/2021,Before Market
ITT,8/5/2021,After Market
MDGL,8/5/2021,Before Market
DDOG,8/5/2021,Before Market
TNK,8/5/2021,Before Market
POST,8/5/2021,After Market
WLDN,8/5/2021,After Market
IBP,8/5/2021,Before Market
REG,8/5/2021,After Market
FOUR,8/5/2021,Before Market
EPAM,8/5/2021,Before Market
BHF,8/5/2021,After Market
MSI,8/5/2021,After Market
NWN,8/5/2021,Before Market
CTVA,8/5/2021,After Market
TMDX,8/5/2021,After Market
IRTC,8/5/2021,After Market
GLPG,8/5/2021,After Market
THR,8/5/2021,Before Market
MRNA,8/5/2021,Before Market
PRA,8/5/2021,After Market
PRI,8/5/2021,After Market
NTLA,8/5/2021,Before Market
AGO,8/5/2021,After Market
TRIP,8/5/2021,After Market
ILMN,8/5/2021,After Market
PFSI,8/5/2021,After Market
GOLF,8/5/2021,Before Market
AGM,8/5/2021,After Market
XRAY,8/5/2021,Before Market
VSAT,8/5/2021,Before Market
PODD,8/5/2021,After Market
IFF,8/5/2021,After Market
DBX,8/5/2021,After Market
TRIN,8/5/2021,After Market
CVNA,8/5/2021,After Market
BKD,8/5/2021,After Market
EFC,8/5/2021,After Market
ACIW,8/5/2021,Before Market
TPL,8/5/2021,After Market
IESC,8/5/2021,Before Market
MUR,8/5/2021,Before Market
PPL,8/5/2021,Before Market
NHC,8/5/2021,After Market
CAH,8/5/2021,Before Market
RCUS,8/5/2021,After Market
NICE,8/5/2021,Before Market
RMD,8/5/2021,After Market
AL,8/5/2021,After Market
SPNT,8/5/2021,After Market
GKOS,8/5/2021,After Market
NJR,8/5/2021,Before Market
AUPH,8/5/2021,After Market
OLED,8/5/2021,After Market
CRC,8/5/2021,After Market
APLE,8/5/2021,After Market
NSIT,8/5/2021,Before Market
MGEE,8/5/2021,Before Market
CQP,8/5/2021,Before Market
HCI,8/5/2021,After Market
PBA,8/5/2021,After Market
ADNT,8/5/2021,Before Market
FLS,8/5/2021,After Market
AIG,8/5/2021,After Market
STNG,8/5/2021,Before Market
OCSL,8/5/2021,Before Market
OTEX,8/5/2021,After Market
TRI,8/5/2021,Before Market
DUK,8/5/2021,Before Market
QDEL,8/5/2021,After Market
SPH,8/5/2021,Before Market
PRDO,8/5/2021,After Market
TDC,8/5/2021,After Market
SR,8/5/2021,Before Market
MNST,8/5/2021,After Market
NNI,8/5/2021,After Market
ARWR,8/5/2021,After Market
CRAI,8/5/2021,Before Market
KRP,8/5/2021,Before Market
GSL,8/5/2021,Before Market
CARG,8/5/2021,After Market
CI,8/5/2021,Before Market
BLDR,8/5/2021,Before Market
EXEL,8/5/2021,After Market
LOPE,8/5/2021,After Market
PECO,8/5/2021,After Market
BL,8/5/2021,After Market
HASI,8/5/2021,After Market
FND,8/5/2021,After Market
SHAK,8/5/2021,After Market
ACMR,8/5/2021,After Market
BV,8/5/2021,Before Market
YELP,8/5/2021,After Market
IDCC,8/5/2021,Before Market
AXON,8/5/2021,After Market
VCTR,8/5/2021,After Market
MIRM,8/5/2021,After Market
CWK,8/5/2021,After Market
WSC,8/5/2021,After Market
SBLK,8/5/2021,After Market
APPN,8/5/2021,After Market
ITRI,8/5/2021,Before Market
ED,8/5/2021,After Market
WD,8/5/2021,Before Market
FOLD,8/5/2021,Before Market
NTRA,8/5/2021,After Market
LXP,8/5/2021,Before Market
FYBR,8/5/2021,Before Market
EVRG,8/5/2021,Before Market
NOG,8/5/2021,Before Market
PWR,8/5/2021,Before Market
OSW,8/5/2021,Before Market
IBOC,8/5/2021,Before Market
SRE,8/5/2021,Before Market
TDS,8/5/2021,After Market
ALRM,8/5/2021,After Market
DYN,8/5/2021,Before Market
AMH,8/5/2021,After Market
KTB,8/5/2021,Before Market
LAMR,8/5/2021,Before Market
GSAT,8/5/2021,Before Market
THS,8/5/2021,Before Market
WCC,8/5/2021,Before Market
Z,8/5/2021,After Market
GH,8/5/2021,After Market
BCE,8/5/2021,Before Market
NWSA,8/5/2021,After Market
PGNY,8/5/2021,After Market
PCOR,8/5/2021,After Market
CNXN,8/5/2021,After Market
NRG,8/5/2021,Before Market
COLL,8/5/2021,After Market
OUT,8/5/2021,After Market
W,8/5/2021,Before Market
APTV,8/5/2021,Before Market
RAMP,8/5/2021,After Market
TECH,8/5/2021,Before Market
ONTO,8/5/2021,After Market
HII,8/5/2021,Before Market
MMS,8/5/2021,Before Market
COLD,8/5/2021,After Market
G,8/5/2021,After Market
BEPC,8/5/2021,Before Market
BRBR,8/5/2021,After Market
SFM,8/5/2021,After Market
CYTK,8/5/2021,After Market
BEP,8/5/2021,Before Market
MGNI,8/5/2021,After Market
CCOI,8/5/2021,Before Market
DBRG,8/5/2021,Before Market
INOD,8/5/2021,Before Market
BIPC,8/5/2021,Before Market
ARW,8/5/2021,Before Market
PZZA,8/5/2021,Before Market
CGNX,8/5/2021,After Market
OGE,8/5/2021,Before Market
SWX,8/5/2021,After Market
NVMI,8/5/2021,Before Market
RBA,8/5/2021,After Market
DLX,8/5/2021,Before Market
SEM,8/5/2021,After Market
WMS,8/5/2021,Before Market
WVE,8/5/2021,Before Market
NWS,8/5/2021,After Market
SPXC,8/5/2021,After Market
CTRE,8/5/2021,After Market
PCTY,8/5/2021,After Market
STWD,8/5/2021,Before Market
CHH,8/5/2021,Before Market
PBH,8/5/2021,Before Market
DMLP,8/5/2021,Before Market
BDX,8/5/2021,Before Market
HL,8/5/2021,Before Market
DOCN,8/5/2021,Before Market
ZG,8/5/2021,After Market
TRUP,8/5/2021,After Market
MAC,8/4/2021,Before Market
CLH,8/4/2021,Before Market
ETR,8/4/2021,Before Market
ACA,8/4/2021,After Market
ELF,8/4/2021,After Market
LNC,8/4/2021,After Market
NVO,8/4/2021,Before Market
FTDR,8/4/2021,After Market
DOC,8/4/2021,Before Market
DXC,8/4/2021,After Market
RCL,8/4/2021,Before Market
DOX,8/4/2021,After Market
IAG,8/4/2021,After Market
WTRG,8/4/2021,After Market
IAC,8/4/2021,After Market
ATO,8/4/2021,After Market
TM,8/4/2021,Before Market
SRPT,8/4/2021,After Market
SONY,8/4/2021,Before Market
KLIC,8/4/2021,After Market
DVAX,8/4/2021,After Market
VIRT,8/4/2021,Before Market
ASTE,8/4/2021,Before Market
DGII,8/4/2021,After Market
NI,8/4/2021,Before Market
IIPR,8/4/2021,After Market
AES,8/4/2021,After Market
ECPG,8/4/2021,After Market
MTG,8/4/2021,After Market
FOXA,8/4/2021,After Market
VVV,8/4/2021,After Market
AVA,8/4/2021,Before Market
EA,8/4/2021,After Market
AXGN,8/4/2021,After Market
MET,8/4/2021,After Market
UHAL,8/4/2021,After Market
MELI,8/4/2021,After Market
CPK,8/4/2021,After Market
ETSY,8/4/2021,After Market
BKNG,8/4/2021,After Market
RVLV,8/4/2021,After Market
ALKT,8/4/2021,After Market
PTGX,8/4/2021,After Market
EXC,8/4/2021,Before Market
MOD,8/4/2021,After Market
CAMT,8/4/2021,Before Market
CPA,8/4/2021,After Market
MWA,8/4/2021,After Market
RYN,8/4/2021,After Market
UTHR,8/4/2021,Before Market
SLF,8/4/2021,After Market
SBGI,8/4/2021,Before Market
MDU,8/4/2021,After Market
CENX,8/4/2021,After Market
SUPN,8/4/2021,After Market
NYT,8/4/2021,Before Market
GMED,8/4/2021,After Market
TPC,8/4/2021,After Market
MUX,8/4/2021,After Market
SITM,8/4/2021,After Market
PARR,8/4/2021,After Market
DFIN,8/4/2021,Before Market
SITE,8/4/2021,Before Market
HMC,8/4/2021,Before Market
PBR,8/4/2021,After Market
CRL,8/4/2021,Before Market
JLL,8/4/2021,Before Market
SMG,8/4/2021,Before Market
MGM,8/4/2021,After Market
TRMB,8/4/2021,After Market
PLUS,8/4/2021,After Market
PSN,8/4/2021,Before Market
UBER,8/4/2021,After Market
MFC,8/4/2021,After Market
GDDY,8/4/2021,After Market
HCC,8/4/2021,After Market
ZYME,8/4/2021,After Market
FOX,8/4/2021,After Market
CENT,8/4/2021,After Market
UE,8/4/2021,Before Market
ALL,8/4/2021,After Market
TRNO,8/4/2021,After Market
SAFT,8/4/2021,After Market
HYMC,8/4/2021,Before Market
ADPT,8/4/2021,After Market
TS,8/4/2021,After Market
TT,8/4/2021,Before Market
ACLS,8/4/2021,After Market
ALG,8/4/2021,After Market
PLMR,8/4/2021,After Market
ORA,8/4/2021,After Market
ALB,8/4/2021,After Market
HWM,8/4/2021,Before Market
CSGS,8/4/2021,After Market
IONS,8/4/2021,Before Market
BE,8/4/2021,After Market
UGI,8/4/2021,After Market
TXG,8/4/2021,After Market
MCK,8/4/2021,After Market
TWO,8/4/2021,After Market
EZPW,8/4/2021,After Market
CDW,8/4/2021,Before Market
CVS,8/4/2021,Before Market
QRVO,8/4/2021,After Market
EMR,8/4/2021,Before Market
WDC,8/4/2021,After Market
STAA,8/4/2021,After Market
VMC,8/4/2021,Before Market
DNLI,8/4/2021,After Market
MPLX,8/4/2021,Before Market
CCU,8/4/2021,After Market
LPG,8/4/2021,Before Market
WYNN,8/4/2021,After Market
WCN,8/4/2021,After Market
VTOL,8/4/2021,After Market
GM,8/4/2021,Before Market
QTWO,8/4/2021,After Market
WTS,8/4/2021,After Market
BFAM,8/4/2021,After Market
FCPT,8/4/2021,After Market
NXST,8/4/2021,Before Market
ATRC,8/4/2021,After Market
APO,8/4/2021,Before Market
ICUI,8/4/2021,After Market
ACAD,8/4/2021,After Market
AEIS,8/4/2021,Before Market
EOG,8/4/2021,After Market
APA,8/4/2021,After Market
TGS,8/4/2021,After Market
FRT,8/4/2021,After Market
TARS,8/4/2021,After Market
SGRY,8/4/2021,Before Market
GEO,8/4/2021,Before Market
STN,8/4/2021,After Market
GEL,8/4/2021,Before Market
VCEL,8/4/2021,Before Market
TNDM,8/4/2021,After Market
SSRM,8/4/2021,Before Market
EYPT,8/4/2021,Before Market
KHC,8/4/2021,Before Market
BOOT,8/4/2021,After Market
ARLO,8/4/2021,After Market
ROKU,8/4/2021,After Market
MPC,8/4/2021,Before Market
CENTA,8/4/2021,After Market
DNOW,8/4/2021,Before Market
LMND,8/4/2021,After Market
HI,8/4/2021,After Market
FDP,8/4/2021,Before Market
BWA,8/4/2021,Before Market
CIM,8/4/2021,Before Market
HUBS,8/4/2021,After Market
EQX,8/4/2021,After Market
UVV,8/4/2021,After Market
CIGI,8/4/2021,Before Market
EQH,8/4/2021,After Market
FUN,8/4/2021,Before Market
HR,8/4/2021,After Market
SBRA,8/4/2021,After Market
UMH,8/4/2021,After Market
AMSC,8/4/2021,After Market
BDC,8/4/2021,Before Market
MCHP,8/3/2021,After Market
ATEC,8/3/2021,After Market
ETN,8/3/2021,Before Market
RDN,8/3/2021,After Market
LGIH,8/3/2021,Before Market
MTRN,8/3/2021,Before Market
VRSK,8/3/2021,After Market
ICFI,8/3/2021,After Market
ZBH,8/3/2021,Before Market
FCNCA,8/3/2021,Before Market
RYTM,8/3/2021,Before Market
NVT,8/3/2021,Before Market
LDOS,8/3/2021,Before Market
ATI,8/3/2021,Before Market
LLY,8/3/2021,Before Market
LPX,8/3/2021,Before Market
RGA,8/3/2021,After Market
CNR,8/3/2021,After Market
USAC,8/3/2021,Before Market
MGRC,8/3/2021,After Market
EXPD,8/3/2021,Before Market
CRVL,8/3/2021,Before Market
UFPT,8/3/2021,Before Market
INSP,8/3/2021,After Market
ICHR,8/3/2021,After Market
OKE,8/3/2021,After Market
HLNE,8/3/2021,Before Market
VECO,8/3/2021,After Market
KKR,8/3/2021,Before Market
TNC,8/3/2021,Before Market
CWEN/A,8/3/2021,Before Market
SKYT,8/3/2021,After Market
INCY,8/3/2021,Before Market
CMI,8/3/2021,Before Market
MTCH,8/3/2021,After Market
ZBRA,8/3/2021,Before Market
MAR,8/3/2021,Before Market
TSLX,8/3/2021,After Market
POWL,8/3/2021,After Market
WLK,8/3/2021,Before Market
HST,8/3/2021,After Market
BLD,8/3/2021,Before Market
KNSA,8/3/2021,Before Market
RHP,8/3/2021,Before Market
NVST,8/3/2021,After Market
JAZZ,8/3/2021,After Market
SATS,8/3/2021,Before Market
BKH,8/3/2021,After Market
OPCH,8/3/2021,Before Market
COP,8/3/2021,Before Market
AFG,8/3/2021,After Market
FIS,8/3/2021,Before Market
MCY,8/3/2021,After Market
SKT,8/3/2021,After Market
OI,8/3/2021,After Market
ANDE,8/3/2021,After Market
ROCK,8/3/2021,Before Market
BNL,8/3/2021,After Market
DEA,8/3/2021,Before Market
WMG,8/3/2021,Before Market
CAI,8/3/2021,Before Market
FMC,8/3/2021,After Market
PSX,8/3/2021,Before Market
CRK,8/3/2021,After Market
DVN,8/3/2021,After Market
AIZ,8/3/2021,After Market
ATKR,8/3/2021,Before Market
HLI,8/3/2021,Before Market
ALNY,8/3/2021,Before Market
DVA,8/3/2021,After Market
INGR,8/3/2021,Before Market
TBPH,8/3/2021,After Market
PRU,8/3/2021,After Market
BABA,8/3/2021,Before Market
PAA,8/3/2021,After Market
PSA,8/3/2021,After Market
NBIX,8/3/2021,After Market
FICO,8/3/2021,After Market
NNN,8/3/2021,Before Market
PEG,8/3/2021,Before Market
CWEN,8/3/2021,Before Market
CW,8/3/2021,After Market
KAI,8/3/2021,After Market
GLDD,8/3/2021,Before Market
TX,8/3/2021,After Market
BP,8/3/2021,Before Market
MRCY,8/3/2021,After Market
CAR,8/3/2021,After Market
FNF,8/3/2021,After Market
LYFT,8/3/2021,After Market
WK,8/3/2021,After Market
NPO,8/3/2021,Before Market
ET,8/3/2021,After Market
KTOS,8/3/2021,After Market
WAT,8/3/2021,Before Market
LYV,8/3/2021,After Market
EC,8/3/2021,After Market
MKL,8/3/2021,After Market
HSIC,8/3/2021,Before Market
DD,8/3/2021,Before Market
RNG,8/3/2021,After Market
DK,8/3/2021,After Market
AME,8/3/2021,Before Market
KWR,8/3/2021,After Market
J,8/3/2021,Before Market
XYL,8/3/2021,Before Market
PAGP,8/3/2021,After Market
PAYC,8/3/2021,After Market
NMIH,8/3/2021,After Market
SUN,8/3/2021,Before Market
APAM,8/3/2021,After Market
DKL,8/3/2021,After Market
XP,8/3/2021,After Market
SKY,8/3/2021,After Market
LSCC,8/3/2021,After Market
PRIM,8/3/2021,After Market
AMGN,8/3/2021,After Market
H,8/3/2021,After Market
EVTC,8/3/2021,After Market
LHX,8/3/2021,Before Market
GIC,8/3/2021,After Market
JBGS,8/3/2021,After Market
IOSP,8/3/2021,After Market
IT,8/3/2021,Before Market
UNM,8/3/2021,After Market
BLKB,8/3/2021,After Market
WEC,8/3/2021,Before Market
VAL,8/3/2021,Before Market
OXY,8/3/2021,After Market
BEN,8/3/2021,Before Market
AKAM,8/3/2021,After Market
HLF,8/3/2021,After Market
CLX,8/3/2021,Before Market
IPGP,8/3/2021,Before Market
CZR,8/3/2021,After Market
GRBK,8/3/2021,After Market
LCII,8/3/2021,Before Market
RL,8/3/2021,Before Market
NSA,8/3/2021,After Market
XHR,8/3/2021,Before Market
SEE,8/3/2021,Before Market
BWXT,8/2/2021,After Market
TREX,8/2/2021,After Market
SANM,8/2/2021,After Market
TTWO,8/2/2021,After Market
SBAC,8/2/2021,After Market
FANG,8/2/2021,After Market
UCTT,8/2/2021,After Market
REYN,8/2/2021,After Market
TKR,8/2/2021,Before Market
OHI,8/2/2021,After Market
AWK,8/2/2021,After Market
DAC,8/2/2021,After Market
AWR,8/2/2021,After Market
CNA,8/2/2021,Before Market
UAN,8/2/2021,After Market
KMT,8/2/2021,After Market
FRPT,8/2/2021,After Market
UTI,8/2/2021,After Market
HSBC,8/2/2021,Before Market
ON,8/2/2021,Before Market
MGY,8/2/2021,After Market
ARCB,8/2/2021,Before Market
OTTR,8/2/2021,After Market
BRKR,8/2/2021,After Market
WMK,8/2/2021,After Market
ANET,8/2/2021,After Market
AMRC,8/2/2021,After Market
SEDG,8/2/2021,After Market
GPN,8/2/2021,Before Market
WMB,8/2/2021,After Market
TGTX,8/2/2021,Before Market
LEG,8/2/2021,After Market
CSR,8/2/2021,After Market
KRG,8/2/2021,After Market
RARE,8/2/2021,After Market
SPG,8/2/2021,After Market
NXPI,8/2/2021,After Market
MUFG,8/2/2021,Before Market
BRX,8/2/2021,After Market
CVI,8/2/2021,After Market
VNO,8/2/2021,After Market
EMN,8/2/2021,After Market
METC,8/2/2021,After Market
STRL,8/2/2021,After Market
TSEM,8/2/2021,Before Market
ADUS,8/2/2021,After Market
VNOM,8/2/2021,After Market
VRNS,8/2/2021,After Market
RACE,8/2/2021,Before Market
BCC,8/2/2021,After Market
COLM,8/2/2021,After Market
O,8/2/2021,After Market
L,8/2/2021,Before Market
RMBS,8/2/2021,After Market
BSM,8/2/2021,After Market
HMN,8/2/2021,After Market
OGS,8/2/2021,After Market
HAYW,8/2/2021,Before Market
NSP,8/2/2021,After Market
WWD,8/2/2021,After Market
BVN,8/2/2021,After Market
MOS,8/2/2021,After Market
CSWC,8/2/2021,After Market
NWG,7/30/2021,Before Market
AVNT,7/30/2021,Before Market
CBOE,7/30/2021,Before Market
BAH,7/30/2021,Before Market
SMFG,7/30/2021,Before Market
PG,7/30/2021,Before Market
SIFY,7/30/2021,Before Market
QSR,7/30/2021,Before Market
POR,7/30/2021,Before Market
ITW,7/30/2021,Before Market
ABBV,7/30/2021,Before Market
MOG/A,7/30/2021,Before Market
XOM,7/30/2021,Before Market
DAN,7/30/2021,Before Market
BCPC,7/30/2021,Before Market
FMS,7/30/2021,Before Market
CRI,7/30/2021,Before Market
PIPR,7/30/2021,Before Market
CPRI,7/30/2021,Before Market
DCOM,7/30/2021,Before Market
LAZ,7/30/2021,Before Market
CL,7/30/2021,Before Market
TU,7/30/2021,Before Market
WPC,7/30/2021,Before Market
CAT,7/30/2021,Before Market
VFC,7/30/2021,Before Market
ENB,7/30/2021,Before Market
LYB,7/30/2021,Before Market
PFS,7/30/2021,Before Market
CVX,7/30/2021,Before Market
IRMD,7/30/2021,Before Market
IDXX,7/30/2021,Before Market
GWW,7/30/2021,Before Market
BELFB,7/30/2021,Before Market
UUUU,7/30/2021,After Market
LIN,7/30/2021,Before Market
WY,7/30/2021,Before Market
IMO,7/30/2021,Before Market
E,7/30/2021,Before Market
AON,7/30/2021,Before Market
B,7/30/2021,Before Market
BBVA,7/30/2021,Before Market
PHVS,7/30/2021,Before Market
PSO,7/30/2021,Before Market
CHT,7/30/2021,Before Market
CHTR,7/30/2021,Before Market
JCI,7/30/2021,Before Market
CHD,7/30/2021,Before Market
TAK,7/30/2021,Before Market
LPLA,7/29/2021,After Market
AGCO,7/29/2021,Before Market
LH,7/29/2021,Before Market
PTCT,7/29/2021,After Market
SIMO,7/29/2021,After Market
EBC,7/29/2021,After Market
ATR,7/29/2021,After Market
ITGR,7/29/2021,Before Market
MRK,7/29/2021,Before Market
SPGI,7/29/2021,Before Market
HNI,7/29/2021,Before Market
VRTX,7/29/2021,After Market
ESS,7/29/2021,After Market
KIM,7/29/2021,Before Market
AROC,7/29/2021,After Market
OMCL,7/29/2021,Before Market
ASX,7/29/2021,Before Market
ERIE,7/29/2021,After Market
LMAT,7/29/2021,After Market
IDA,7/29/2021,Before Market
JHG,7/29/2021,Before Market
THRM,7/29/2021,Before Market
BIO,7/29/2021,After Market
TMUS,7/29/2021,After Market
CMS,7/29/2021,Before Market
EXPO,7/29/2021,After Market
MTX,7/29/2021,After Market
AER,7/29/2021,Before Market
UPWK,7/29/2021,After Market
MO,7/29/2021,Before Market
ICE,7/29/2021,Before Market
TWLO,7/29/2021,After Market
CNOB,7/29/2021,Before Market
MTD,7/29/2021,After Market
FHI,7/29/2021,After Market
MT,7/29/2021,Before Market
MAS,7/29/2021,Before Market
CORT,7/29/2021,After Market
MTSI,7/29/2021,Before Market
MA,7/29/2021,Before Market
GLPI,7/29/2021,After Market
TIGO,7/29/2021,Before Market
HSY,7/29/2021,Before Market
PRG,7/29/2021,Before Market
PINS,7/29/2021,After Market
LGND,7/29/2021,After Market
EGO,7/29/2021,After Market
CPT,7/29/2021,After Market
NTCT,7/29/2021,Before Market
SKYW,7/29/2021,After Market
CBRE,7/29/2021,Before Market
HBAN,7/29/2021,Before Market
CMCSA,7/29/2021,Before Market
CWST,7/29/2021,After Market
POWI,7/29/2021,After Market
COR,7/29/2021,Before Market
WELL,7/29/2021,After Market
AX,7/29/2021,After Market
DBD,7/29/2021,Before Market
CNX,7/29/2021,Before Market
TXRH,7/29/2021,After Market
SNDR,7/29/2021,Before Market
NVCR,7/29/2021,Before Market
CRS,7/29/2021,Before Market
KNSL,7/29/2021,After Market
MSTR,7/29/2021,After Market
AJG,7/29/2021,After Market
HWKN,7/29/2021,After Market
KMPR,7/29/2021,After Market
EIX,7/29/2021,After Market
AVTR,7/29/2021,After Market
SNY,7/29/2021,Before Market
HTGC,7/29/2021,After Market
TAP,7/29/2021,Before Market
AGIO,7/29/2021,Before Market
PBF,7/29/2021,Before Market
AB,7/29/2021,Before Market
TMHC,7/29/2021,Before Market
TRP,7/29/2021,Before Market
LTC,7/29/2021,After Market
AMAL,7/29/2021,Before Market
TRS,7/29/2021,Before Market
AZN,7/29/2021,Before Market
GPI,7/29/2021,Before Market
YUM,7/29/2021,Before Market
FLEX,7/29/2021,Before Market
PEB,7/29/2021,After Market
ARES,7/29/2021,Before Market
VLO,7/29/2021,Before Market
KLAC,7/29/2021,After Market
ESTA,7/29/2021,Before Market
CRSP,7/29/2021,After Market
CARR,7/29/2021,Before Market
CX,7/29/2021,Before Market
ALGM,7/29/2021,Before Market
DEO,7/29/2021,Before Market
CC,7/29/2021,After Market
TW,7/29/2021,Before Market
PATK,7/29/2021,Before Market
CBZ,7/29/2021,Before Market
TROW,7/29/2021,Before Market
FTNT,7/29/2021,After Market
OCFC,7/29/2021,After Market
BY,7/29/2021,After Market
CDNA,7/29/2021,After Market
TTE,7/29/2021,Before Market
SO,7/29/2021,Before Market
MHK,7/29/2021,After Market
PCG,7/29/2021,Before Market
ACI,7/29/2021,Before Market
SM,7/29/2021,After Market
SWKS,7/29/2021,After Market
BC,7/29/2021,Before Market
CACC,7/29/2021,After Market
OSK,7/29/2021,Before Market
EW,7/29/2021,After Market
TBBK,7/29/2021,After Market
ARGX,7/29/2021,Before Market
ES,7/29/2021,After Market
GVA,7/29/2021,Before Market
SPSC,7/29/2021,After Market
MLM,7/29/2021,Before Market
COHU,7/29/2021,Before Market
TEX,7/29/2021,After Market
EME,7/29/2021,Before Market
BSAC,7/29/2021,Before Market
XEL,7/29/2021,Before Market
WAB,7/29/2021,Before Market
ROG,7/29/2021,After Market
NTST,7/29/2021,After Market
HGV,7/29/2021,Before Market
FSLR,7/29/2021,After Market
KBR,7/29/2021,Before Market
VC,7/29/2021,Before Market
MATX,7/29/2021,After Market
CUZ,7/29/2021,After Market
CVE,7/29/2021,Before Market
AMT,7/29/2021,Before Market
SAH,7/29/2021,Before Market
TFSL,7/29/2021,After Market
GILD,7/29/2021,After Market
SAIA,7/29/2021,Before Market
WERN,7/29/2021,After Market
NOC,7/29/2021,Before Market
GTX,7/29/2021,Before Market
TEAM,7/29/2021,After Market
HURN,7/29/2021,After Market
DXCM,7/29/2021,After Market
BUD,7/29/2021,Before Market
DECK,7/29/2021,After Market
TOWN,7/29/2021,Before Market
FSS,7/29/2021,Before Market
KEX,7/29/2021,Before Market
MMSI,7/29/2021,After Market
SBH,7/29/2021,Before Market
BTU,7/29/2021,Before Market
ENVA,7/29/2021,After Market
CFR,7/29/2021,Before Market
AOS,7/29/2021,Before Market
QGEN,7/29/2021,After Market
HUBG,7/29/2021,After Market
RELX,7/29/2021,Before Market
BAX,7/29/2021,Before Market
STM,7/29/2021,Before Market
CWT,7/29/2021,Before Market
GFF,7/29/2021,After Market
TFX,7/29/2021,Before Market
COLB,7/29/2021,Before Market
CUBE,7/29/2021,After Market
TXT,7/29/2021,Before Market
WST,7/29/2021,Before Market
KDP,7/29/2021,Before Market
WEX,7/29/2021,Before Market
AMZN,7/29/2021,After Market
EXLS,7/29/2021,Before Market
WWW,7/29/2021,Before Market
HLT,7/29/2021,Before Market
DLB,7/29/2021,After Market
IP,7/29/2021,Before Market
PRLB,7/29/2021,Before Market
ALEX,7/29/2021,After Market
SNN,7/29/2021,Before Market
VCYT,7/29/2021,After Market
LKQ,7/29/2021,Before Market
RSG,7/29/2021,After Market
PJT,7/29/2021,Before Market
TVTX,7/29/2021,After Market
FTS,7/29/2021,Before Market
FTV,7/29/2021,After Market
FCN,7/29/2021,Before Market
DLR,7/29/2021,After Market
MAA,7/28/2021,After Market
NEU,7/28/2021,After Market
MSA,7/28/2021,After Market
BHE,7/28/2021,After Market
CTSH,7/28/2021,After Market
WHD,7/28/2021,After Market
NGVT,7/28/2021,After Market
FORM,7/28/2021,After Market
LC,7/28/2021,After Market
OII,7/28/2021,After Market
TTMI,7/28/2021,After Market
GIB,7/28/2021,Before Market
ESI,7/28/2021,After Market
MCRI,7/28/2021,After Market
CHEF,7/28/2021,Before Market
KN,7/28/2021,After Market
TEVA,7/28/2021,Before Market
CHDN,7/28/2021,After Market
GSHD,7/28/2021,After Market
BMRN,7/28/2021,After Market
ALGN,7/28/2021,After Market
ALGT,7/28/2021,After Market
EVR,7/28/2021,Before Market
MCO,7/28/2021,Before Market
BXMT,7/28/2021,Before Market
EPRT,7/28/2021,After Market
CNO,7/28/2021,After Market
EXTR,7/28/2021,Before Market
CRUS,7/28/2021,After Market
PPC,7/28/2021,After Market
CNMD,7/28/2021,After Market
AVY,7/28/2021,Before Market
MCD,7/28/2021,Before Market
AEM,7/28/2021,After Market
DT,7/28/2021,Before Market
CME,7/28/2021,Before Market
URI,7/28/2021,After Market
TNL,7/28/2021,Before Market
MTH,7/28/2021,After Market
TMO,7/28/2021,Before Market
AVB,7/28/2021,After Market
RDWR,7/28/2021,Before Market
ACGL,7/28/2021,After Market
INVH,7/28/2021,After Market
XPO,7/28/2021,After Market
EXAS,7/28/2021,After Market
DRVN,7/28/2021,Before Market
LIVN,7/28/2021,Before Market
ALKS,7/28/2021,Before Market
PI,7/28/2021,After Market
AGI,7/28/2021,After Market
PB,7/28/2021,Before Market
VICI,7/28/2021,After Market
MKSI,7/28/2021,After Market
MORN,7/28/2021,After Market
INVA,7/28/2021,After Market
CSTM,7/28/2021,Before Market
AFL,7/28/2021,After Market
FIX,7/28/2021,After Market
OC,7/28/2021,Before Market
BTI,7/28/2021,Before Market
AM,7/28/2021,After Market
SF,7/28/2021,Before Market
AR,7/28/2021,After Market
EQIX,7/28/2021,After Market
ORLY,7/28/2021,After Market
FMX,7/28/2021,Before Market
HUM,7/28/2021,Before Market
CINF,7/28/2021,After Market
BMY,7/28/2021,Before Market
SLNO,7/28/2021,After Market
ODFL,7/28/2021,Before Market
ARCC,7/28/2021,Before Market
SHOP,7/28/2021,Before Market
ASGN,7/28/2021,After Market
SHOO,7/28/2021,Before Market
MXL,7/28/2021,After Market
SPOT,7/28/2021,Before Market
PTC,7/28/2021,After Market
BLX,7/28/2021,Before Market
UDR,7/28/2021,After Market
PAG,7/28/2021,Before Market
CMPR,7/28/2021,After Market
QCOM,7/28/2021,After Market
RJF,7/28/2021,After Market
WFRD,7/28/2021,After Market
MEOH,7/28/2021,After Market
CP,7/28/2021,After Market
JOE,7/28/2021,After Market
CASH,7/28/2021,After Market
CCJ,7/28/2021,Before Market
GSK,7/28/2021,Before Market
WING,7/28/2021,Before Market
CG,7/28/2021,Before Market
KRC,7/28/2021,After Market
SLAB,7/28/2021,Before Market
GRMN,7/28/2021,Before Market
AKR,7/28/2021,After Market
TTEK,7/28/2021,After Market
SYBT,7/28/2021,Before Market
NLY,7/28/2021,After Market
BG,7/28/2021,Before Market
PYPL,7/28/2021,After Market
MHO,7/28/2021,Before Market
BA,7/28/2021,Before Market
SU,7/28/2021,After Market
SIGI,7/28/2021,After Market
VALE,7/28/2021,Before Market
WH,7/28/2021,After Market
HESM,7/28/2021,Before Market
SSNC,7/28/2021,After Market
STRA,7/28/2021,Before Market
NOW,7/28/2021,After Market
ROL,7/28/2021,Before Market
CMRE,7/28/2021,Before Market
PFE,7/28/2021,Before Market
CDE,7/28/2021,After Market
SAN,7/28/2021,Before Market
DX,7/28/2021,Before Market
DB,7/28/2021,Before Market
TDY,7/28/2021,Before Market
ENSG,7/28/2021,After Market
CCS,7/28/2021,After Market
TEL,7/28/2021,Before Market
GTY,7/28/2021,After Market
AMG,7/28/2021,Before Market
EQNR,7/28/2021,Before Market
USLM,7/28/2021,After Market
YUMC,7/28/2021,After Market
PEGA,7/28/2021,After Market
EPD,7/28/2021,Before Market
VKTX,7/28/2021,After Market
BCS,7/28/2021,Before Market
APH,7/28/2021,Before Market
ALSN,7/28/2021,After Market
GFL,7/28/2021,After Market
RIO,7/28/2021,Before Market
SCI,7/28/2021,After Market
CUBI,7/28/2021,After Market
FTAI,7/28/2021,After Market
MYRG,7/28/2021,After Market
MUSA,7/28/2021,After Market
TYL,7/28/2021,After Market
GD,7/28/2021,Before Market
SCL,7/28/2021,Before Market
R,7/28/2021,Before Market
HIG,7/28/2021,After Market
EXP,7/28/2021,Before Market
MBIN,7/28/2021,After Market
F,7/28/2021,After Market
GNRC,7/28/2021,Before Market
HP,7/28/2021,After Market
IR,7/28/2021,After Market
EQT,7/28/2021,After Market
VAC,7/28/2021,After Market
VRT,7/28/2021,Before Market
RBC,7/28/2021,After Market
ADP,7/28/2021,Before Market
HCM,7/28/2021,Before Market
KGC,7/28/2021,After Market
LRCX,7/28/2021,After Market
VSEC,7/28/2021,After Market
HOLX,7/28/2021,After Market
LFUS,7/28/2021,Before Market
SLGN,7/28/2021,Before Market
LNTH,7/28/2021,Before Market
CLBK,7/28/2021,Before Market
NSC,7/28/2021,Before Market
RRR,7/28/2021,After Market
MOH,7/28/2021,After Market
SHW,7/27/2021,Before Market
FELE,7/27/2021,Before Market
ATEN,7/27/2021,After Market
NWE,7/27/2021,After Market
UPS,7/27/2021,Before Market
TECK,7/27/2021,Before Market
ASH,7/27/2021,After Market
BYD,7/27/2021,After Market
SYK,7/27/2021,After Market
EEFT,7/27/2021,After Market
BXP,7/27/2021,After Market
CAKE,7/27/2021,After Market
ABG,7/27/2021,Before Market
RTX,7/27/2021,Before Market
CNC,7/27/2021,Before Market
AWI,7/27/2021,Before Market
GOOGL,7/27/2021,After Market
LECO,7/27/2021,Before Market
AAPL,7/27/2021,After Market
GLW,7/27/2021,Before Market
SBUX,7/27/2021,After Market
ECL,7/27/2021,Before Market
BUSE,7/27/2021,After Market
MAT,7/27/2021,After Market
ADM,7/27/2021,Before Market
PNR,7/27/2021,Before Market
VIST,7/27/2021,After Market
SIRI,7/27/2021,Before Market
MPWR,7/27/2021,After Market
EGP,7/27/2021,After Market
IEX,7/27/2021,After Market
EXR,7/27/2021,After Market
MTDR,7/27/2021,After Market
DTE,7/27/2021,Before Market
MANH,7/27/2021,After Market
IMAX,7/27/2021,After Market
IVZ,7/27/2021,Before Market
AXS,7/27/2021,After Market
TPB,7/27/2021,Before Market
OLN,7/27/2021,After Market
WSBC,7/27/2021,After Market
NAVI,7/27/2021,After Market
MSCI,7/27/2021,Before Market
GOOG,7/27/2021,After Market
MSFT,7/27/2021,After Market
VIV,7/27/2021,After Market
TRMK,7/27/2021,After Market
TRU,7/27/2021,Before Market
TCBK,7/27/2021,After Market
EHC,7/27/2021,After Market
RGEN,7/27/2021,Before Market
GPK,7/27/2021,Before Market
CCB,7/27/2021,Before Market
RDY,7/27/2021,Before Market
MDLZ,7/27/2021,After Market
CB,7/27/2021,After Market
FISV,7/27/2021,Before Market
ENPH,7/27/2021,After Market
CTS,7/27/2021,Before Market
FIBK,7/27/2021,After Market
TIMB,7/27/2021,After Market
NMM,7/27/2021,Before Market
CSGP,7/27/2021,After Market
RNST,7/27/2021,After Market
MMYT,7/27/2021,Before Market
ST,7/27/2021,Before Market
WM,7/27/2021,Before Market
FIVN,7/27/2021,After Market
MASI,7/27/2021,After Market
NOV,7/27/2021,After Market
UMBF,7/27/2021,After Market
TENB,7/27/2021,After Market
CVLT,7/27/2021,Before Market
ROK,7/27/2021,Before Market
TER,7/27/2021,After Market
PFG,7/27/2021,After Market
ENTG,7/27/2021,Before Market
STAG,7/27/2021,After Market
AMD,7/27/2021,After Market
OVV,7/27/2021,After Market
PII,7/27/2021,Before Market
SFNC,7/27/2021,Before Market
AGYS,7/27/2021,After Market
LBRT,7/27/2021,After Market
FSV,7/27/2021,Before Market
THG,7/27/2021,After Market
BSX,7/27/2021,Before Market
HIW,7/27/2021,After Market
FBNC,7/27/2021,After Market
GE,7/27/2021,Before Market
HUBB,7/27/2021,Before Market
PHM,7/27/2021,Before Market
MMM,7/27/2021,Before Market
V,7/27/2021,After Market
IQV,7/27/2021,Before Market
AAT,7/27/2021,After Market
CHRW,7/27/2021,After Market
EQR,7/27/2021,After Market
PCAR,7/27/2021,Before Market
SWK,7/27/2021,Before Market
EPR,7/27/2021,After Market
OMAB,7/27/2021,After Market
AXTI,7/27/2021,After Market
CHE,7/27/2021,After Market
FCF,7/27/2021,After Market
LW,7/27/2021,Before Market
NWBI,7/26/2021,Before Market
NBTB,7/26/2021,After Market
TNET,7/26/2021,After Market
GABC,7/26/2021,After Market
LMT,7/26/2021,Before Market
IRT,7/26/2021,After Market
AMKR,7/26/2021,After Market
TSLA,7/26/2021,After Market
QURE,7/26/2021,Before Market
CLS,7/26/2021,After Market
ADC,7/26/2021,After Market
CALX,7/26/2021,After Market
RYAAY,7/26/2021,Before Market
PRK,7/26/2021,After Market
HAS,7/26/2021,Before Market
NBHC,7/26/2021,After Market
CHKP,7/26/2021,Before Market
AIN,7/26/2021,After Market
LOGI,7/26/2021,After Market
KOF,7/26/2021,After Market
CR,7/26/2021,After Market
UHS,7/26/2021,After Market
HXL,7/26/2021,After Market
CBU,7/26/2021,Before Market
QCRH,7/26/2021,After Market
CDNS,7/26/2021,After Market
RPM,7/26/2021,Before Market
PCH,7/26/2021,After Market
BOH,7/26/2021,Before Market
EFSC,7/26/2021,After Market
CATY,7/26/2021,After Market
SSD,7/26/2021,After Market
JJSF,7/26/2021,After Market
BRO,7/26/2021,After Market
AMP,7/26/2021,After Market
FFIV,7/26/2021,After Market
DORM,7/26/2021,Before Market
RRC,7/26/2021,After Market
SUI,7/26/2021,After Market
OTIS,7/26/2021,Before Market
MEDP,7/26/2021,After Market
PHG,7/26/2021,Before Market
LII,7/26/2021,Before Market
LKFN,7/26/2021,Before Market
AXTA,7/26/2021,After Market
ARLP,7/26/2021,Before Market
SCCO,7/26/2021,Before Market
NTB,7/26/2021,After Market
PKG,7/26/2021,After Market
ARE,7/26/2021,After Market
FRME,7/26/2021,Before Market
IBN,7/24/2021,Before Market
HON,7/23/2021,Before Market
NEE,7/23/2021,Before Market
SXT,7/23/2021,Before Market
UBSI,7/23/2021,Before Market
FHB,7/23/2021,Before Market
TMP,7/23/2021,Before Market
AXP,7/23/2021,Before Market
SLB,7/23/2021,Before Market
RBCAA,7/23/2021,Before Market
KMB,7/23/2021,Before Market
GRC,7/23/2021,Before Market
RF,7/23/2021,Before Market
ROP,7/23/2021,Before Market
SSB,7/23/2021,Before Market
FBP,7/23/2021,Before Market
GNTX,7/23/2021,Before Market
NEM,7/22/2021,Before Market
UL,7/22/2021,Before Market
AUB,7/22/2021,Before Market
VRSN,7/22/2021,After Market
CLF,7/22/2021,Before Market
DOW,7/22/2021,Before Market
CHCO,7/22/2021,Before Market
SBCF,7/22/2021,After Market
OZK,7/22/2021,After Market
ABT,7/22/2021,Before Market
ASR,7/22/2021,After Market
NUE,7/22/2021,Before Market
KB,7/22/2021,Before Market
GTLS,7/22/2021,Before Market
INTC,7/22/2021,After Market
BPOP,7/22/2021,Before Market
AEP,7/22/2021,Before Market
FFBC,7/22/2021,After Market
INDB,7/22/2021,After Market
DPZ,7/22/2021,Before Market
ABCB,7/22/2021,After Market
SRCE,7/22/2021,After Market
VICR,7/22/2021,After Market
BKU,7/22/2021,Before Market
RHI,7/22/2021,After Market
TPH,7/22/2021,Before Market
COF,7/22/2021,After Market
CROX,7/22/2021,Before Market
CBSH,7/22/2021,Before Market
HRI,7/22/2021,Before Market
ALLE,7/22/2021,Before Market
SON,7/22/2021,Before Market
EIG,7/22/2021,After Market
RS,7/22/2021,Before Market
TRN,7/22/2021,Before Market
BIIB,7/22/2021,Before Market
GPC,7/22/2021,Before Market
HTH,7/22/2021,After Market
SNA,7/22/2021,Before Market
FITB,7/22/2021,Before Market
ALK,7/22/2021,Before Market
ORI,7/22/2021,Before Market
DGX,7/22/2021,Before Market
SAFE,7/22/2021,Before Market
CE,7/22/2021,After Market
BX,7/22/2021,Before Market
EWBC,7/22/2021,Before Market
LUV,7/22/2021,Before Market
CSL,7/22/2021,After Market
DHI,7/22/2021,Before Market
WSFS,7/22/2021,After Market
BANC,7/22/2021,Before Market
FFIN,7/22/2021,After Market
DHR,7/22/2021,Before Market
CADE,7/22/2021,Before Market
SAM,7/22/2021,After Market
WRB,7/22/2021,After Market
RNR,7/22/2021,After Market
BCO,7/22/2021,Before Market
STBA,7/22/2021,Before Market
GBCI,7/22/2021,After Market
T,7/22/2021,Before Market
WBS,7/22/2021,Before Market
WSO,7/22/2021,Before Market
FE,7/22/2021,After Market
FAF,7/22/2021,Before Market
AAL,7/22/2021,Before Market
ASB,7/22/2021,After Market
UNP,7/22/2021,Before Market
POOL,7/22/2021,Before Market
ARR,7/22/2021,After Market
FCX,7/22/2021,Before Market
HOG,7/21/2021,Before Market
KALU,7/21/2021,After Market
REXR,7/21/2021,After Market
NVS,7/21/2021,Before Market
UFPI,7/21/2021,After Market
KO,7/21/2021,Before Market
CTBI,7/21/2021,Before Market
RCI,7/21/2021,Before Market
BOKF,7/21/2021,Before Market
HCSG,7/21/2021,Before Market
CMA,7/21/2021,Before Market
PLXS,7/21/2021,After Market
MTB,7/21/2021,Before Market
WHR,7/21/2021,After Market
FCFS,7/21/2021,Before Market
LOB,7/21/2021,After Market
MC,7/21/2021,After Market
KNX,7/21/2021,Before Market
BKR,7/21/2021,Before Market
LAD,7/21/2021,Before Market
EFX,7/21/2021,After Market
ICLR,7/21/2021,After Market
SLM,7/21/2021,After Market
OMF,7/21/2021,After Market
SLG,7/21/2021,After Market
CNS,7/21/2021,After Market
MKTX,7/21/2021,Before Market
KMI,7/21/2021,After Market
TCBI,7/21/2021,After Market
CCI,7/21/2021,After Market
TR,7/21/2021,After Market
JNJ,7/21/2021,Before Market
NDAQ,7/21/2021,Before Market
RLI,7/21/2021,After Market
CVBF,7/21/2021,After Market
CSX,7/21/2021,After Market
LVS,7/21/2021,After Market
OSBC,7/21/2021,After Market
STC,7/21/2021,After Market
NTRS,7/21/2021,Before Market
VZ,7/21/2021,Before Market
SAP,7/21/2021,Before Market
STX,7/21/2021,Before Market
SEIC,7/21/2021,After Market
ASML,7/21/2021,Before Market
BANR,7/21/2021,After Market
VMI,7/21/2021,After Market
FTI,7/21/2021,After Market
GL,7/21/2021,After Market
THC,7/21/2021,After Market
TXN,7/21/2021,After Market
LSTR,7/21/2021,After Market
FR,7/21/2021,After Market
PKX,7/21/2021,Before Market
OFG,7/21/2021,Before Market
GGG,7/21/2021,After Market
MAN,7/20/2021,Before Market
DOV,7/20/2021,Before Market
SYF,7/20/2021,Before Market
GATX,7/20/2021,Before Market
CNI,7/20/2021,After Market
UAL,7/20/2021,After Market
CMG,7/20/2021,After Market
ONB,7/20/2021,Before Market
PFBC,7/20/2021,After Market
AIR,7/20/2021,After Market
FULT,7/20/2021,After Market
PM,7/20/2021,Before Market
HAL,7/20/2021,Before Market
OMC,7/20/2021,Before Market
IRDM,7/20/2021,Before Market
UBS,7/20/2021,Before Market
RUSHA,7/20/2021,After Market
ALLY,7/20/2021,Before Market
BMI,7/20/2021,Before Market
TRV,7/20/2021,Before Market
HCA,7/20/2021,Before Market
IBKR,7/20/2021,After Market
PEBO,7/20/2021,Before Market
HWC,7/20/2021,After Market
FOR,7/20/2021,After Market
NFLX,7/20/2021,After Market
MLI,7/20/2021,Before Market
PNFP,7/20/2021,After Market
KEY,7/20/2021,Before Market
ISRG,7/20/2021,After Market
CFG,7/20/2021,Before Market
CALM,7/19/2021,Before Market
PLD,7/19/2021,Before Market
PPG,7/19/2021,After Market
SFBS,7/19/2021,After Market
IBM,7/19/2021,After Market
STLD,7/19/2021,After Market
AN,7/19/2021,Before Market
WTFC,7/19/2021,After Market
ZION,7/19/2021,After Market
CCK,7/19/2021,After Market
FNB,7/19/2021,After Market
ELS,7/19/2021,After Market
TSCO,7/19/2021,Before Market
FBK,7/19/2021,After Market
JBHT,7/19/2021,After Market
HDB,7/17/2021,Before Market
FHN,7/16/2021,Before Market
SCHW,7/16/2021,Before Market
ALV,7/16/2021,Before Market
STT,7/16/2021,Before Market
USB,7/15/2021,Before Market
MS,7/15/2021,Before Market
TSM,7/15/2021,Before Market
AA,7/15/2021,After Market
BK,7/15/2021,Before Market
WAL,7/15/2021,After Market
BANF,7/15/2021,After Market
TFC,7/15/2021,Before Market
MRTN,7/15/2021,After Market
WABC,7/15/2021,Before Market
PGR,7/15/2021,Before Market
HOMB,7/15/2021,Before Market
UNH,7/15/2021,Before Market
CTAS,7/15/2021,Before Market
PNC,7/14/2021,Before Market
BLK,7/14/2021,Before Market
DAL,7/14/2021,Before Market
BAC,7/14/2021,Before Market
C,7/14/2021,Before Market
INFY,7/14/2021,Before Market
WFC,7/14/2021,Before Market
CAG,7/13/2021,Before Market
FAST,7/13/2021,Before Market
NRIX,7/13/2021,After Market
AMX,7/13/2021,After Market
JPM,7/13/2021,Before Market
GS,7/13/2021,Before Market
WAFD,7/13/2021,After Market
PEP,7/12/2021,After Market
GBX,7/9/2021,Before Market
AZZ,7/9/2021,Before Market
LEVI,7/8/2021,After Market
PSMT,7/8/2021,After Market
MSM,7/7/2021,Before Market
WDFC,7/7/2021,After Market
LNN,7/1/2021,Before Market
SMPL,7/1/2021,Before Market
AYI,7/1/2021,Before Market
MKC,7/1/2021,Before Market
MU,6/30/2021,After Market
STZ,6/30/2021,Before Market
GIS,6/30/2021,Before Market
FIZZ,6/30/2021,After Market
UNF,6/30/2021,Before Market
EPAC,6/29/2021,Before Market
AVAV,6/29/2021,After Market
FDS,6/29/2021,Before Market
JEF,6/28/2021,After Market
PAYX,6/25/2021,Before Market
KMX,6/25/2021,Before Market
JKS,6/25/2021,Before Market
ACN,6/24/2021,Before Market
DRI,6/24/2021,Before Market
NKE,6/24/2021,After Market
SNX,6/24/2021,After Market
CCL,6/24/2021,Before Market
VERA,6/24/2021,Before Market
PRGS,6/24/2021,After Market
CUK,6/24/2021,Before Market
FDX,6/24/2021,After Market
WGO,6/23/2021,Before Market
WOR,6/23/2021,After Market
KBH,6/23/2021,After Market
CNXC,6/23/2021,After Market
FUL,6/23/2021,After Market
KFY,6/22/2021,Before Market
CMC,6/17/2021,Before Market
MANU,6/17/2021,After Market
KR,6/17/2021,Before Market
ADBE,6/17/2021,After Market
JBL,6/17/2021,Before Market
LEN,6/16/2021,After Market
HRB,6/15/2021,After Market
LZB,6/15/2021,After Market
ORCL,6/15/2021,After Market
STEP,6/15/2021,After Market
NVGS,6/10/2021,After Market
SIG,6/10/2021,Before Market
CHWY,6/10/2021,After Market
CPB,6/9/2021,Before Market
DAKT,6/9/2021,Before Market
BF/B,6/9/2021,Before Market
BF/A,6/9/2021,Before Market
GME,6/9/2021,After Market
UNFI,6/9/2021,Before Market
GEF,6/9/2021,After Market
RH,6/9/2021,After Market
ABM,6/8/2021,After Market
CASY,6/8/2021,After Market
ASO,6/8/2021,Before Market
FERG,6/8/2021,Before Market
UEC,6/8/2021,After Market
AGX,6/8/2021,After Market
THO,6/8/2021,Before Market
PATH,6/8/2021,After Market
GIII,6/7/2021,Before Market
MTN,6/7/2021,After Market
MRVL,6/7/2021,After Market
KEN,6/7/2021,Before Market
HQY,6/7/2021,After Market
REVG,6/7/2021,After Market
SJM,6/3/2021,Before Market
FIVE,6/3/2021,After Market
SAIC,6/3/2021,After Market
CRWD,6/3/2021,After Market
IDT,6/3/2021,After Market
COO,6/3/2021,After Market
LULU,6/3/2021,After Market
DOCU,6/3/2021,After Market
TTC,6/3/2021,Before Market
MDB,6/3/2021,After Market
AVGO,6/3/2021,After Market
CIEN,6/3/2021,Before Market
PVH,6/2/2021,After Market
AMSC,6/2/2021,After Market
AI,6/2/2021,After Market
AAP,6/2/2021,Before Market
DCI,6/2/2021,Before Market
ESTC,6/2/2021,After Market
NTAP,6/2/2021,After Market
MESO,6/2/2021,After Market
GWRE,6/2/2021,After Market
DSGX,6/2/2021,After Market
SMTC,6/2/2021,After Market
NCNO,6/2/2021,After Market
AMBA,6/1/2021,After Market
CMRE,6/1/2021,Before Market
HPE,6/1/2021,After Market
BNS,6/1/2021,Before Market
ZM,6/1/2021,After Market
IMVT,6/1/2021,Before Market
STNE,6/1/2021,After Market
DG,5/27/2021,Before Market
PRVA,5/27/2021,After Market
BOX,5/27/2021,After Market
DLTR,5/27/2021,Before Market
ADSK,5/27/2021,After Market
MDT,5/27/2021,Before Market
FRO,5/27/2021,Before Market
HPQ,5/27/2021,After Market
ASND,5/27/2021,After Market
OLLI,5/27/2021,After Market
COST,5/27/2021,After Market
DELL,5/27/2021,After Market
BBY,5/27/2021,Before Market
RY,5/27/2021,Before Market
ULTA,5/27/2021,After Market
CM,5/27/2021,Before Market
TD,5/27/2021,Before Market
HLNE,5/27/2021,Before Market
CRVL,5/27/2021,Before Market
BURL,5/27/2021,Before Market
ATHM,5/27/2021,Before Market
THR,5/27/2021,Before Market
QFIN,5/27/2021,After Market
VEEV,5/27/2021,After Market
CRM,5/27/2021,After Market
BMA,5/27/2021,After Market
AFYA,5/27/2021,After Market
GGAL,5/26/2021,After Market
PDD,5/26/2021,Before Market
VTOL,5/26/2021,After Market
WSM,5/26/2021,After Market
BBAR,5/26/2021,After Market
ANF,5/26/2021,Before Market
DKS,5/26/2021,Before Market
UVV,5/26/2021,After Market
NTNX,5/26/2021,After Market
DXC,5/26/2021,After Market
ELF,5/26/2021,After Market
SNOW,5/26/2021,After Market
PHVS,5/26/2021,Before Market
BMO,5/26/2021,Before Market
WDAY,5/26/2021,After Market
LI,5/26/2021,Before Market
ENS,5/26/2021,After Market
CVCO,5/26/2021,After Market
UHAL,5/26/2021,After Market
REX,5/26/2021,Before Market
MOD,5/26/2021,After Market
PSTG,5/26/2021,After Market
AEO,5/26/2021,After Market
PLAB,5/26/2021,Before Market
NVDA,5/26/2021,After Market
CPRI,5/26/2021,Before Market
OKTA,5/26/2021,After Market
SKY,5/25/2021,After Market
TOL,5/25/2021,After Market
INTU,5/25/2021,After Market
RAMP,5/25/2021,After Market
DY,5/25/2021,Before Market
CSWC,5/25/2021,After Market
AZO,5/25/2021,Before Market
ESLT,5/25/2021,Before Market
HEI,5/25/2021,After Market
VSAT,5/25/2021,Before Market
A,5/25/2021,After Market
MMYT,5/25/2021,Before Market
HEI/A,5/25/2021,After Market
URBN,5/25/2021,After Market
HTHT,5/25/2021,Before Market
ZS,5/25/2021,After Market
MAGS,5/24/2021,Before Market
NDSN,5/24/2021,After Market
VFC,5/21/2021,Before Market
BAH,5/21/2021,Before Market
DE,5/21/2021,Before Market
BKE,5/21/2021,Before Market
FLNG,5/21/2021,Before Market
KSS,5/20/2021,Before Market
BJ,5/20/2021,Before Market
PANW,5/20/2021,After Market
CSIQ,5/20/2021,Before Market
NGG,5/20/2021,Before Market
DECK,5/20/2021,After Market
RL,5/20/2021,Before Market
WMS,5/20/2021,Before Market
HRL,5/20/2021,Before Market
AMAT,5/20/2021,After Market
GLNG,5/20/2021,Before Market
IGIC,5/20/2021,After Market
BRC,5/20/2021,Before Market
PLUS,5/20/2021,After Market
ROST,5/20/2021,After Market
HWKN,5/20/2021,After Market
PAX,5/20/2021,Before Market
SQM,5/19/2021,After Market
LPG,5/19/2021,Before Market
CAAP,5/19/2021,After Market
SNPS,5/19/2021,After Market
BEKE,5/19/2021,After Market
SBLK,5/19/2021,After Market
GDS,5/19/2021,After Market
EXP,5/19/2021,Before Market
FUTU,5/19/2021,Before Market
ADI,5/19/2021,Before Market
TGT,5/19/2021,Before Market
CAE,5/19/2021,Before Market
TJX,5/19/2021,Before Market
JD,5/19/2021,Before Market
CSCO,5/19/2021,After Market
LB,5/19/2021,After Market
ZTO,5/19/2021,After Market
VIPS,5/19/2021,Before Market
MNSO,5/19/2021,Before Market
LOW,5/19/2021,Before Market
KEYS,5/19/2021,After Market
CPRT,5/19/2021,After Market
ZIM,5/19/2021,Before Market
DQ,5/18/2021,Before Market
AGYS,5/18/2021,After Market
HD,5/18/2021,Before Market
M,5/18/2021,Before Market
TTWO,5/18/2021,After Market
NTES,5/18/2021,Before Market
STE,5/18/2021,After Market
DAO,5/18/2021,Before Market
TCOM,5/18/2021,After Market
BIDU,5/18/2021,Before Market
SKYT,5/18/2021,After Market
VOD,5/18/2021,Before Market
SE,5/18/2021,Before Market
LEGN,5/18/2021,Before Market
WMT,5/18/2021,Before Market
RIOT,5/17/2021,After Market
HYMC,5/17/2021,Before Market
JHX,5/17/2021,After Market
VRRM,5/17/2021,After Market
TME,5/17/2021,After Market
ALHC,5/17/2021,After Market
SMMT,5/17/2021,Before Market
RYAAY,5/17/2021,Before Market
MUFG,5/17/2021,Before Market
ARGX,5/14/2021,Before Market
SMFG,5/14/2021,Before Market
HMC,5/14/2021,Before Market
RDY,5/14/2021,Before Market
AEVA,5/13/2021,After Market
BLFS,5/13/2021,After Market
EWTX,5/13/2021,After Market
BAM,5/13/2021,Before Market
OSCR,5/13/2021,After Market
BILI,5/13/2021,Before Market
COIN,5/13/2021,After Market
HAE,5/13/2021,Before Market
SBS,5/13/2021,After Market
ABNB,5/13/2021,After Market
UUUU,5/13/2021,After Market
GOOS,5/13/2021,Before Market
KEP,5/13/2021,Before Market
TERN,5/13/2021,After Market
XPEV,5/13/2021,Before Market
YETI,5/13/2021,Before Market
WVE,5/13/2021,Before Market
VERX,5/13/2021,Before Market
GLOB,5/13/2021,After Market
SHC,5/13/2021,Before Market
DIS,5/13/2021,After Market
INBX,5/13/2021,After Market
SRRK,5/13/2021,Before Market
DASH,5/13/2021,After Market
CELH,5/13/2021,Before Market
TNK,5/13/2021,Before Market
BABA,5/13/2021,Before Market
EYE,5/13/2021,Before Market
LQDA,5/13/2021,Before Market
SA,5/13/2021,After Market
NICE,5/13/2021,Before Market
PBR,5/13/2021,After Market
CAPR,5/13/2021,After Market
TAC,5/13/2021,Before Market
CRC,5/13/2021,Before Market
HUT,5/13/2021,Before Market
FLY,5/13/2021,Before Market
RNA,5/12/2021,After Market
COGT,5/12/2021,Before Market
DOX,5/12/2021,After Market
DFH,5/12/2021,Before Market
PSIX,5/12/2021,After Market
LITE,5/12/2021,Before Market
METC,5/12/2021,After Market
CPNG,5/12/2021,After Market
TSEM,5/12/2021,Before Market
BOOT,5/12/2021,After Market
APP,5/12/2021,After Market
APG,5/12/2021,Before Market
COMP,5/12/2021,After Market
TM,5/12/2021,Before Market
BLBD,5/12/2021,After Market
WWW,5/12/2021,Before Market
YPF,5/12/2021,Before Market
IMNM,5/12/2021,Before Market
DT,5/12/2021,Before Market
SONO,5/12/2021,After Market
COHR,5/12/2021,After Market
WIX,5/12/2021,Before Market
ADMA,5/12/2021,After Market
IMCR,5/12/2021,Before Market
PAAS,5/12/2021,After Market
EOSE,5/12/2021,Before Market
TRMD,5/12/2021,Before Market
PAM,5/12/2021,After Market
CEPU,5/12/2021,After Market
LEU,5/11/2021,After Market
PRGO,5/11/2021,Before Market
PHAT,5/11/2021,Before Market
COKE,5/11/2021,After Market
TAK,5/11/2021,Before Market
U,5/11/2021,After Market
BSY,5/11/2021,Before Market
TARS,5/11/2021,After Market
SDGR,5/11/2021,Before Market
OLMA,5/11/2021,After Market
LMND,5/11/2021,After Market
UPST,5/11/2021,After Market
PLTR,5/11/2021,Before Market
KGC,5/11/2021,After Market
BEAM,5/11/2021,Before Market
XENE,5/11/2021,After Market
TDG,5/11/2021,Before Market
EA,5/11/2021,After Market
RPRX,5/11/2021,Before Market
NOVT,5/11/2021,Before Market
IMOS,5/11/2021,Before Market
KT,5/11/2021,Before Market
PCVX,5/11/2021,After Market
DAR,5/11/2021,After Market
CNR,5/11/2021,After Market
SKM,5/11/2021,Before Market
VITL,5/11/2021,Before Market
HRMY,5/11/2021,Before Market
HBM,5/11/2021,After Market
HLI,5/11/2021,After Market
ALKT,5/11/2021,After Market
HROW,5/11/2021,After Market
SNDX,5/11/2021,After Market
OR,5/11/2021,After Market
JMIA,5/11/2021,Before Market
PRAX,5/11/2021,Before Market
ARMK,5/11/2021,Before Market
JAMF,5/11/2021,After Market
VIV,5/11/2021,After Market
NNI,5/10/2021,After Market
TGTX,5/10/2021,Before Market
ACM,5/10/2021,After Market
APPF,5/10/2021,After Market
SPG,5/10/2021,After Market
MGIC,5/10/2021,Before Market
IPAR,5/10/2021,After Market
GSL,5/10/2021,Before Market
FOLD,5/10/2021,Before Market
WYNN,5/10/2021,After Market
ES,5/10/2021,Before Market
SAIL,5/10/2021,After Market
REAL,5/10/2021,After Market
RDNT,5/10/2021,Before Market
GTES,5/10/2021,Before Market
AMR,5/10/2021,Before Market
KRYS,5/10/2021,Before Market
OSW,5/10/2021,After Market
AFRM,5/10/2021,After Market
IDYA,5/10/2021,Before Market
CHH,5/10/2021,Before Market
FSK,5/10/2021,After Market
GEO,5/10/2021,Before Market
G,5/10/2021,After Market
GEN,5/10/2021,After Market
ZLAB,5/10/2021,Before Market
AXSM,5/10/2021,Before Market
MGNI,5/10/2021,After Market
XPEL,5/10/2021,Before Market
TSN,5/10/2021,Before Market
WES,5/10/2021,After Market
OXY,5/10/2021,After Market
SNEX,5/10/2021,After Market
BNTX,5/10/2021,Before Market
VCYT,5/10/2021,After Market
CPRX,5/10/2021,After Market
RBA,5/10/2021,After Market
VOYA,5/10/2021,After Market
MAC,5/10/2021,After Market
BHF,5/10/2021,After Market
MAR,5/10/2021,Before Market
TREX,5/10/2021,After Market
RBLX,5/10/2021,After Market
TGNA,5/10/2021,Before Market
NHI,5/10/2021,After Market
DAC,5/10/2021,After Market
CELC,5/10/2021,After Market
QURE,5/10/2021,Before Market
HALO,5/10/2021,After Market
AEE,5/10/2021,After Market
IFF,5/10/2021,After Market
APD,5/10/2021,Before Market
DUK,5/10/2021,Before Market
KOD,5/10/2021,Before Market
RVMD,5/10/2021,After Market
J,5/10/2021,Before Market
DBD,5/10/2021,Before Market
CSTL,5/10/2021,After Market
ENR,5/10/2021,Before Market
HLIO,5/10/2021,After Market
TTD,5/10/2021,Before Market
NSSC,5/10/2021,Before Market
USFD,5/10/2021,Before Market
GBDC,5/10/2021,After Market
SPNT,5/10/2021,After Market
BHVN,5/10/2021,Before Market
VTRS,5/10/2021,Before Market
PAR,5/10/2021,After Market
STOK,5/10/2021,Before Market
AVDL,5/10/2021,Before Market
CCJ,5/7/2021,Before Market
FWONK,5/7/2021,Before Market
CI,5/7/2021,Before Market
TILE,5/7/2021,Before Market
FWONA,5/7/2021,Before Market
TU,5/7/2021,Before Market
LEA,5/7/2021,Before Market
CLMT,5/7/2021,Before Market
NPO,5/7/2021,Before Market
ENB,5/7/2021,Before Market
GVA,5/7/2021,Before Market
LXP,5/7/2021,Before Market
CVE,5/7/2021,Before Market
ANIP,5/7/2021,Before Market
NOG,5/7/2021,Before Market
HE,5/7/2021,Before Market
ROAD,5/7/2021,Before Market
MMI,5/7/2021,Before Market
TGS,5/7/2021,After Market
SIFY,5/7/2021,Before Market
MD,5/7/2021,Before Market
TGLS,5/7/2021,Before Market
IBP,5/7/2021,Before Market
SR,5/7/2021,Before Market
VTR,5/7/2021,Before Market
SPB,5/7/2021,Before Market
LBRDA,5/7/2021,Before Market
CNK,5/7/2021,Before Market
LBRDK,5/7/2021,Before Market
ELAN,5/7/2021,Before Market
MUX,5/7/2021,Before Market
NHC,5/7/2021,Before Market
MSGE,5/7/2021,Before Market
ESNT,5/7/2021,Before Market
GLP,5/7/2021,Before Market
BATRK,5/7/2021,Before Market
ITT,5/7/2021,Before Market
BATRA,5/7/2021,Before Market
STNG,5/7/2021,Before Market
AMRX,5/7/2021,Before Market
FLR,5/7/2021,Before Market
TRP,5/7/2021,Before Market
DKNG,5/7/2021,Before Market
DXPE,5/7/2021,Before Market
CWEN,5/6/2021,Before Market
YELP,5/6/2021,After Market
TDC,5/6/2021,After Market
SHAK,5/6/2021,After Market
ACMR,5/6/2021,After Market
PCTY,5/6/2021,After Market
TECH,5/6/2021,Before Market
TDW,5/6/2021,After Market
IDCC,5/6/2021,Before Market
SXI,5/6/2021,After Market
PLNT,5/6/2021,After Market
PRDO,5/6/2021,After Market
MNST,5/6/2021,After Market
QDEL,5/6/2021,After Market
DYN,5/6/2021,Before Market
TDS,5/6/2021,After Market
BL,5/6/2021,After Market
APPN,5/6/2021,After Market
WPM,5/6/2021,After Market
NTRA,5/6/2021,After Market
HWM,5/6/2021,Before Market
NWSA,5/6/2021,After Market
MCK,5/6/2021,After Market
KRP,5/6/2021,Before Market
AXON,5/6/2021,After Market
LYV,5/6/2021,After Market
MIRM,5/6/2021,After Market
WD,5/6/2021,Before Market
NWS,5/6/2021,After Market
VNT,5/6/2021,Before Market
ET,5/6/2021,After Market
GSAT,5/6/2021,After Market
CWK,5/6/2021,After Market
BAP,5/6/2021,After Market
VCTR,5/6/2021,After Market
HII,5/6/2021,Before Market
POST,5/6/2021,After Market
IBOC,5/6/2021,Before Market
KTB,5/6/2021,Before Market
AMH,5/6/2021,After Market
EVRG,5/6/2021,Before Market
PWR,5/6/2021,Before Market
PGNY,5/6/2021,After Market
CNXN,5/6/2021,After Market
NFG,5/6/2021,After Market
ED,5/6/2021,After Market
BUD,5/6/2021,Before Market
THS,5/6/2021,Before Market
PBH,5/6/2021,Before Market
KWR,5/6/2021,After Market
NRP,5/6/2021,Before Market
SYNA,5/6/2021,After Market
ATRO,5/6/2021,Before Market
XHR,5/6/2021,Before Market
COLD,5/6/2021,After Market
UMH,5/6/2021,After Market
HL,5/6/2021,Before Market
ING,5/6/2021,Before Market
ICUI,5/6/2021,After Market
COLL,5/6/2021,After Market
NVMI,5/6/2021,Before Market
WCC,5/6/2021,Before Market
SUN,5/6/2021,Before Market
ROKU,5/6/2021,After Market
BCC,5/6/2021,After Market
NRG,5/6/2021,Before Market
APTV,5/6/2021,Before Market
TPR,5/6/2021,Before Market
UTI,5/6/2021,After Market
LIN,5/6/2021,Before Market
W,5/6/2021,Before Market
EOG,5/6/2021,After Market
CGNX,5/6/2021,After Market
MIDD,5/6/2021,Before Market
GH,5/6/2021,After Market
PZZA,5/6/2021,Before Market
INOD,5/6/2021,Before Market
BIPC,5/6/2021,Before Market
CYTK,5/6/2021,After Market
SSRM,5/6/2021,Before Market
SFM,5/6/2021,After Market
OGE,5/6/2021,Before Market
ARW,5/6/2021,Before Market
DOCN,5/6/2021,Before Market
STWD,5/6/2021,Before Market
TVTX,5/6/2021,After Market
OCSL,5/6/2021,Before Market
ADNT,5/6/2021,Before Market
DMLP,5/6/2021,Before Market
CTRE,5/6/2021,After Market
PRLB,5/6/2021,Before Market
SEM,5/6/2021,After Market
SPXC,5/6/2021,After Market
DLX,5/6/2021,Before Market
PDFS,5/6/2021,After Market
USPH,5/6/2021,Before Market
SWX,5/6/2021,After Market
MCHP,5/6/2021,After Market
NJR,5/6/2021,Before Market
DIOD,5/6/2021,After Market
ZTS,5/6/2021,Before Market
LNT,5/6/2021,After Market
ATEC,5/6/2021,After Market
NET,5/6/2021,After Market
REGN,5/6/2021,Before Market
LASR,5/6/2021,After Market
FTDR,5/6/2021,After Market
PMT,5/6/2021,After Market
MAIN,5/6/2021,After Market
REG,5/6/2021,After Market
CAH,5/6/2021,Before Market
OTEX,5/6/2021,After Market
MSI,5/6/2021,After Market
REZI,5/6/2021,After Market
FROG,5/6/2021,After Market
IAC,5/6/2021,After Market
BV,5/6/2021,Before Market
OUST,5/6/2021,After Market
IRM,5/6/2021,Before Market
CLDX,5/6/2021,After Market
INSW,5/6/2021,Before Market
AAOI,5/6/2021,After Market
SPH,5/6/2021,Before Market
INSM,5/6/2021,Before Market
EXPE,5/6/2021,After Market
SBH,5/6/2021,Before Market
RGA,5/6/2021,After Market
VRDN,5/6/2021,After Market
AAON,5/6/2021,Before Market
BBIO,5/6/2021,Before Market
MTZ,5/6/2021,After Market
AES,5/6/2021,Before Market
MTX,5/6/2021,After Market
LAUR,5/6/2021,Before Market
TRGP,5/6/2021,Before Market
EPAM,5/6/2021,Before Market
MUR,5/6/2021,Before Market
CORT,5/6/2021,After Market
TWST,5/6/2021,After Market
GLPG,5/6/2021,After Market
IRTC,5/6/2021,After Market
DVAX,5/6/2021,After Market
PPL,5/6/2021,Before Market
CNQ,5/6/2021,Before Market
CNP,5/6/2021,Before Market
BILL,5/6/2021,After Market
FOUR,5/6/2021,Before Market
FIS,5/6/2021,Before Market
MP,5/6/2021,After Market
XRAY,5/6/2021,Before Market
MT,5/6/2021,Before Market
MTD,5/6/2021,After Market
DDOG,5/6/2021,After Market
PENN,5/6/2021,Before Market
NTCT,5/6/2021,Before Market
ORIC,5/6/2021,After Market
GOLF,5/6/2021,Before Market
BIP,5/6/2021,Before Market
TRIP,5/6/2021,After Market
CRNX,5/6/2021,After Market
TRIN,5/6/2021,After Market
CVNA,5/6/2021,After Market
PFSI,5/6/2021,After Market
PODD,5/6/2021,After Market
WLDN,5/6/2021,After Market
CWEN/A,5/6/2021,Before Market
MDGL,5/6/2021,Before Market
NTLA,5/6/2021,Before Market
MRNA,5/6/2021,Before Market
DBX,5/6/2021,After Market
RVLV,5/6/2021,After Market
BLD,5/6/2021,Before Market
PAHC,5/6/2021,After Market
NMRK,5/6/2021,Before Market
AMPH,5/6/2021,After Market
TPL,5/6/2021,After Market
ACIW,5/6/2021,Before Market
OPCH,5/6/2021,Before Market
NCLH,5/6/2021,Before Market
BKD,5/6/2021,After Market
SATS,5/6/2021,Before Market
MMS,5/6/2021,Before Market
AGO,5/6/2021,After Market
AGM,5/6/2021,After Market
APLE,5/6/2021,After Market
KYMR,5/6/2021,Before Market
AL,5/6/2021,After Market
FMS,5/6/2021,Before Market
OLED,5/6/2021,After Market
PNTG,5/6/2021,After Market
AUPH,5/6/2021,After Market
NSIT,5/6/2021,Before Market
MGEE,5/6/2021,Before Market
AG,5/6/2021,Before Market
FNF,5/6/2021,After Market
FND,5/6/2021,After Market
AIG,5/6/2021,After Market
BRBR,5/6/2021,After Market
BDX,5/6/2021,Before Market
HCI,5/6/2021,After Market
EXEL,5/6/2021,After Market
PBA,5/6/2021,After Market
MGA,5/6/2021,Before Market
CARG,5/6/2021,After Market
BLDR,5/6/2021,Before Market
CRAI,5/6/2021,Before Market
CLSK,5/6/2021,After Market
ESTA,5/5/2021,Before Market
SAFT,5/5/2021,After Market
TRNO,5/5/2021,After Market
PEG,5/5/2021,Before Market
CW,5/5/2021,After Market
ALG,5/5/2021,After Market
ALL,5/5/2021,After Market
QRVO,5/5/2021,After Market
SRE,5/5/2021,Before Market
CDNA,5/5/2021,After Market
PYPL,5/5/2021,After Market
CCU,5/5/2021,After Market
TIMB,5/5/2021,After Market
IONS,5/5/2021,Before Market
FNV,5/5/2021,After Market
BE,5/5/2021,After Market
ATO,5/5/2021,After Market
TT,5/5/2021,Before Market
CF,5/5/2021,After Market
ALB,5/5/2021,After Market
ORA,5/5/2021,After Market
CSGS,5/5/2021,After Market
TXG,5/5/2021,After Market
IMKTA,5/5/2021,Before Market
STN,5/5/2021,After Market
FRT,5/5/2021,After Market
GEL,5/5/2021,Before Market
STAA,5/5/2021,After Market
KTOS,5/5/2021,After Market
WAT,5/5/2021,Before Market
KLIC,5/5/2021,After Market
TWO,5/5/2021,After Market
QTWO,5/5/2021,After Market
DGII,5/5/2021,After Market
BFAM,5/5/2021,After Market
CDW,5/5/2021,Before Market
SMG,5/5/2021,Before Market
QLYS,5/5/2021,After Market
FOXA,5/5/2021,After Market
HR,5/5/2021,After Market
EPR,5/5/2021,After Market
BDC,5/5/2021,Before Market
VCEL,5/5/2021,Before Market
SGRY,5/5/2021,Before Market
FTS,5/5/2021,Before Market
AEIS,5/5/2021,Before Market
CENT,5/5/2021,After Market
PRIM,5/5/2021,After Market
ACAD,5/5/2021,After Market
DNOW,5/5/2021,Before Market
CXW,5/5/2021,After Market
HUBS,5/5/2021,After Market
GM,5/5/2021,Before Market
GFL,5/5/2021,After Market
BBU,5/5/2021,Before Market
HUBG,5/5/2021,After Market
APA,5/5/2021,After Market
EYPT,5/5/2021,Before Market
BWA,5/5/2021,Before Market
ARLO,5/5/2021,After Market
CYBR,5/5/2021,Before Market
GIL,5/5/2021,After Market
TNDM,5/5/2021,After Market
FUN,5/5/2021,Before Market
EQH,5/5/2021,After Market
SBRA,5/5/2021,After Market
HAYW,5/5/2021,Before Market
EQX,5/5/2021,After Market
VAC,5/5/2021,After Market
HLT,5/5/2021,Before Market
UNM,5/5/2021,After Market
FDP,5/5/2021,Before Market
CIM,5/5/2021,Before Market
RSG,5/5/2021,After Market
EQT,5/5/2021,After Market
NEO,5/5/2021,Before Market
CTSH,5/5/2021,After Market
CLH,5/5/2021,Before Market
WHD,5/5/2021,After Market
SIMO,5/5/2021,After Market
PFGC,5/5/2021,Before Market
SRPT,5/5/2021,After Market
REYN,5/5/2021,Before Market
NWN,5/5/2021,Before Market
GMAB,5/5/2021,Before Market
UGI,5/5/2021,After Market
DOC,5/5/2021,Before Market
LNC,5/5/2021,After Market
NVO,5/5/2021,Before Market
ECPG,5/5/2021,After Market
ASTE,5/5/2021,Before Market
RUN,5/5/2021,After Market
WTRG,5/5/2021,After Market
FICO,5/5/2021,After Market
ROOT,5/5/2021,After Market
NI,5/5/2021,Before Market
IIPR,5/5/2021,After Market
EZPW,5/5/2021,After Market
SKT,5/5/2021,After Market
MSGS,5/5/2021,Before Market
AXGN,5/5/2021,After Market
RDWR,5/5/2021,Before Market
EMR,5/5/2021,Before Market
FOX,5/5/2021,After Market
NYT,5/5/2021,Before Market
AVA,5/5/2021,Before Market
PNW,5/5/2021,Before Market
MTG,5/5/2021,After Market
NVST,5/5/2021,After Market
GOLD,5/5/2021,Before Market
TWLO,5/5/2021,After Market
PRI,5/5/2021,After Market
MET,5/5/2021,After Market
PRA,5/5/2021,After Market
MELI,5/5/2021,After Market
BKNG,5/5/2021,After Market
FLEX,5/5/2021,Before Market
ETSY,5/5/2021,After Market
BLX,5/5/2021,Before Market
RCUS,5/5/2021,After Market
MFC,5/5/2021,After Market
SLF,5/5/2021,After Market
MDU,5/5/2021,After Market
TPC,5/5/2021,After Market
SBGI,5/5/2021,Before Market
RYN,5/5/2021,After Market
UTHR,5/5/2021,Before Market
EFC,5/5/2021,After Market
SUPN,5/5/2021,After Market
RGLD,5/5/2021,After Market
CPA,5/5/2021,After Market
CENX,5/5/2021,After Market
EXC,5/5/2021,Before Market
SLNO,5/5/2021,After Market
ZYME,5/5/2021,After Market
PARR,5/5/2021,After Market
ROCK,5/5/2021,Before Market
SITE,5/5/2021,Before Market
GKOS,5/5/2021,After Market
CENTA,5/5/2021,After Market
DFIN,5/5/2021,Before Market
RKT,5/5/2021,After Market
PSN,5/5/2021,Before Market
GDDY,5/5/2021,After Market
HCC,5/5/2021,After Market
TRMB,5/5/2021,After Market
ALGM,5/5/2021,Before Market
UBER,5/5/2021,After Market
BRKR,5/5/2021,Before Market
NBIX,5/5/2021,After Market
LOPE,5/5/2021,After Market
ADPT,5/5/2021,After Market
FMC,5/5/2021,After Market
JLL,5/5/2021,Before Market
PLMR,5/5/2021,After Market
NNN,5/4/2021,Before Market
DD,5/4/2021,Before Market
DK,5/4/2021,After Market
AME,5/4/2021,Before Market
VMC,5/4/2021,Before Market
PEN,5/4/2021,After Market
HASI,5/4/2021,After Market
ESE,5/4/2021,After Market
RARE,5/4/2021,After Market
CVLT,5/4/2021,Before Market
LYFT,5/4/2021,After Market
BG,5/4/2021,Before Market
SYY,5/4/2021,Before Market
ALC,5/4/2021,After Market
KAI,5/4/2021,After Market
WK,5/4/2021,After Market
MLM,5/4/2021,Before Market
ALRM,5/4/2021,After Market
BSM,5/4/2021,Before Market
D,5/4/2021,Before Market
LAMR,5/4/2021,Before Market
MPLX,5/4/2021,Before Market
PFE,5/4/2021,Before Market
HSIC,5/4/2021,Before Market
DHT,5/4/2021,After Market
VIAV,5/4/2021,After Market
GILT,5/4/2021,Before Market
RNG,5/4/2021,After Market
STAG,5/4/2021,After Market
CVS,5/4/2021,Before Market
RACE,5/4/2021,Before Market
EC,5/4/2021,After Market
HURN,5/4/2021,After Market
XYL,5/4/2021,Before Market
PAYC,5/4/2021,After Market
PAGP,5/4/2021,After Market
NXST,5/4/2021,Before Market
SEE,5/4/2021,Before Market
RRR,5/4/2021,After Market
ZG,5/4/2021,After Market
IDXX,5/4/2021,Before Market
LSCC,5/4/2021,After Market
NSA,5/4/2021,After Market
NMIH,5/4/2021,After Market
XP,5/4/2021,After Market
BEPC,5/4/2021,Before Market
H,5/4/2021,After Market
POWL,5/4/2021,After Market
OUT,5/4/2021,After Market
DKL,5/4/2021,After Market
IOSP,5/4/2021,After Market
WTS,5/4/2021,After Market
APO,5/4/2021,Before Market
Z,5/4/2021,After Market
FSS,5/4/2021,Before Market
VSH,5/4/2021,Before Market
JBGS,5/4/2021,After Market
HMN,5/4/2021,After Market
BEP,5/4/2021,Before Market
VST,5/4/2021,Before Market
HLF,5/4/2021,After Market
AKAM,5/4/2021,After Market
GRBK,5/4/2021,After Market
LCII,5/4/2021,Before Market
LNTH,5/4/2021,Before Market
CIGI,5/4/2021,Before Market
IPGP,5/4/2021,Before Market
CHT,5/4/2021,Before Market
MPC,5/4/2021,Before Market
IT,5/4/2021,Before Market
WMG,5/4/2021,Before Market
ICFI,5/4/2021,After Market
CIB,5/4/2021,After Market
CZR,5/4/2021,After Market
ETN,5/4/2021,Before Market
PTCT,5/4/2021,After Market
LGIH,5/4/2021,Before Market
ARWR,5/4/2021,After Market
SMCI,5/4/2021,After Market
RDN,5/4/2021,After Market
VRSK,5/4/2021,After Market
ALGT,5/4/2021,After Market
LDOS,5/4/2021,Before Market
VIRT,5/4/2021,Before Market
TMUS,5/4/2021,After Market
UFPT,5/4/2021,Before Market
UPWK,5/4/2021,After Market
LNG,5/4/2021,Before Market
ZBH,5/4/2021,Before Market
BR,5/4/2021,Before Market
EXPD,5/4/2021,Before Market
INSP,5/4/2021,After Market
ICHR,5/4/2021,After Market
ZBRA,5/4/2021,Before Market
MRCY,5/4/2021,After Market
USAC,5/4/2021,Before Market
LPX,5/4/2021,Before Market
CTVA,5/4/2021,After Market
TMDX,5/4/2021,After Market
MTCH,5/4/2021,After Market
AFG,5/4/2021,After Market
MCY,5/4/2021,After Market
INCY,5/4/2021,Before Market
KKR,5/4/2021,Before Market
VECO,5/4/2021,After Market
ARQT,5/4/2021,After Market
TNC,5/4/2021,Before Market
CMI,5/4/2021,Before Market
ANAB,5/4/2021,After Market
TSLX,5/4/2021,After Market
PTGX,5/4/2021,After Market
JAZZ,5/4/2021,After Market
AMCR,5/4/2021,After Market
MPWR,5/4/2021,After Market
EXAS,5/4/2021,After Market
HST,5/4/2021,After Market
DLB,5/4/2021,After Market
HI,5/4/2021,After Market
WLK,5/4/2021,Before Market
CPK,5/4/2021,After Market
GMED,5/4/2021,After Market
KNSA,5/4/2021,Before Market
DCO,5/4/2021,After Market
PRU,5/4/2021,After Market
PAA,5/4/2021,After Market
COP,5/4/2021,Before Market
BKH,5/4/2021,After Market
ARCB,5/4/2021,Before Market
SITM,5/4/2021,After Market
ANDE,5/4/2021,After Market
MGY,5/4/2021,After Market
BEN,5/4/2021,Before Market
DEA,5/4/2021,Before Market
CRL,5/4/2021,Before Market
CRK,5/4/2021,After Market
BNL,5/4/2021,After Market
AMRC,5/4/2021,After Market
INGR,5/4/2021,Before Market
RGEN,5/4/2021,Before Market
CQP,5/4/2021,Before Market
ANET,5/4/2021,After Market
TRI,5/4/2021,Before Market
GPN,5/4/2021,Before Market
TBPH,5/4/2021,After Market
GLDD,5/4/2021,Before Market
AIZ,5/4/2021,After Market
DVN,5/4/2021,After Market
ACLS,5/4/2021,After Market
UE,5/3/2021,After Market
CR,5/3/2021,After Market
AMG,5/3/2021,Before Market
CSR,5/3/2021,After Market
CC,5/3/2021,After Market
LEG,5/3/2021,After Market
ITRI,5/3/2021,Before Market
BRX,5/3/2021,After Market
STRL,5/3/2021,After Market
DNLI,5/3/2021,Before Market
VRNS,5/3/2021,After Market
VNOM,5/3/2021,After Market
VNO,5/3/2021,After Market
CVI,5/3/2021,After Market
EPD,5/3/2021,Before Market
ADUS,5/3/2021,After Market
MWA,5/3/2021,After Market
O,5/3/2021,After Market
SCI,5/3/2021,After Market
RMBS,5/3/2021,After Market
BELFB,5/3/2021,Before Market
L,5/3/2021,Before Market
QGEN,5/3/2021,After Market
KMT,5/3/2021,After Market
OGS,5/3/2021,After Market
NTR,5/3/2021,After Market
MOS,5/3/2021,After Market
NSP,5/3/2021,After Market
RBC,5/3/2021,After Market
RYTM,5/3/2021,Before Market
WEC,5/3/2021,Before Market
BWXT,5/3/2021,After Market
CBT,5/3/2021,After Market
ADC,5/3/2021,After Market
FANG,5/3/2021,After Market
OHI,5/3/2021,After Market
IAG,5/3/2021,After Market
AWR,5/3/2021,After Market
EPRT,5/3/2021,After Market
CNA,5/3/2021,Before Market
AWK,5/3/2021,After Market
FRPT,5/3/2021,After Market
EL,5/3/2021,Before Market
UAN,5/3/2021,After Market
JKHY,5/3/2021,After Market
FN,5/3/2021,After Market
XPO,5/3/2021,After Market
WMB,5/3/2021,After Market
LGND,5/3/2021,After Market
ON,5/3/2021,Before Market
RHP,5/3/2021,After Market
OTTR,5/3/2021,After Market
CAR,5/3/2021,After Market
SU,5/3/2021,After Market
WWD,5/3/2021,After Market
FLS,5/3/2021,After Market
SANM,5/3/2021,After Market
SEDG,5/3/2021,After Market
WMK,5/3/2021,After Market
BRK/B,5/1/2021,Before Market
CL,4/30/2021,Before Market
BSAC,4/30/2021,Before Market
WPC,4/30/2021,Before Market
CVX,4/30/2021,Before Market
CLX,4/30/2021,Before Market
LHX,4/30/2021,Before Market
E,4/30/2021,Before Market
B,4/30/2021,Before Market
IMO,4/30/2021,Before Market
WY,4/30/2021,Before Market
LYB,4/30/2021,Before Market
PFS,4/30/2021,Before Market
BCS,4/30/2021,Before Market
IESC,4/30/2021,Before Market
IRMD,4/30/2021,Before Market
AON,4/30/2021,Before Market
BBVA,4/30/2021,Before Market
MOG/A,4/30/2021,Before Market
GWW,4/30/2021,Before Market
CHTR,4/30/2021,Before Market
TMP,4/30/2021,Before Market
AVNT,4/30/2021,Before Market
CBOE,4/30/2021,Before Market
ABBV,4/30/2021,Before Market
ITW,4/30/2021,Before Market
POR,4/30/2021,Before Market
QSR,4/30/2021,Before Market
BCPC,4/30/2021,Before Market
LAZ,4/30/2021,Before Market
XOM,4/30/2021,Before Market
PIPR,4/30/2021,Before Market
JCI,4/30/2021,Before Market
DCOM,4/30/2021,Before Market
AZN,4/30/2021,Before Market
CRI,4/30/2021,Before Market
PSX,4/30/2021,Before Market
ARES,4/29/2021,Before Market
PEB,4/29/2021,After Market
CX,4/29/2021,Before Market
CTS,4/29/2021,Before Market
CARR,4/29/2021,Before Market
MTSI,4/29/2021,Before Market
KRG,4/29/2021,After Market
FTNT,4/29/2021,After Market
OSIS,4/29/2021,Before Market
COHU,4/29/2021,Before Market
CBZ,4/29/2021,Before Market
TW,4/29/2021,Before Market
BY,4/29/2021,After Market
NMM,4/29/2021,Before Market
OCFC,4/29/2021,After Market
TROW,4/29/2021,Before Market
WSC,4/29/2021,After Market
TBBK,4/29/2021,After Market
CACC,4/29/2021,After Market
FIVN,4/29/2021,After Market
STRA,4/29/2021,Before Market
XEL,4/29/2021,Before Market
TXT,4/29/2021,Before Market
WST,4/29/2021,Before Market
STM,4/29/2021,Before Market
CWT,4/29/2021,Before Market
BAX,4/29/2021,Before Market
KDP,4/29/2021,Before Market
EQNR,4/29/2021,Before Market
TFX,4/29/2021,Before Market
GILD,4/29/2021,After Market
ENSG,4/29/2021,After Market
SPSC,4/29/2021,After Market
ATGE,4/29/2021,After Market
HGV,4/29/2021,Before Market
SAH,4/29/2021,Before Market
NTST,4/29/2021,After Market
AMT,4/29/2021,Before Market
VC,4/29/2021,Before Market
NOC,4/29/2021,Before Market
FSLR,4/29/2021,After Market
CUZ,4/29/2021,After Market
KBR,4/29/2021,Before Market
WAB,4/29/2021,Before Market
ROG,4/29/2021,After Market
EMN,4/29/2021,After Market
TEX,4/29/2021,After Market
EME,4/29/2021,Before Market
DXCM,4/29/2021,After Market
KEX,4/29/2021,Before Market
BCE,4/29/2021,Before Market
MMSI,4/29/2021,After Market
TOWN,4/29/2021,Before Market
EVTC,4/29/2021,After Market
COLB,4/29/2021,Before Market
DLR,4/29/2021,After Market
GNRC,4/29/2021,Before Market
CUBE,4/29/2021,After Market
ONTO,4/29/2021,After Market
CHD,4/29/2021,Before Market
FTV,4/29/2021,After Market
CFR,4/29/2021,Before Market
FTAI,4/29/2021,After Market
ENVA,4/29/2021,After Market
AOS,4/29/2021,Before Market
COLM,4/29/2021,After Market
PH,4/29/2021,Before Market
THG,4/29/2021,After Market
BTU,4/29/2021,Before Market
AMZN,4/29/2021,After Market
WEX,4/29/2021,Before Market
EXLS,4/29/2021,Before Market
CRUS,4/29/2021,After Market
VEON,4/29/2021,Before Market
KHC,4/29/2021,Before Market
TRUP,4/29/2021,After Market
ATKR,4/29/2021,Before Market
ALEX,4/29/2021,After Market
LKQ,4/29/2021,Before Market
FCN,4/29/2021,Before Market
AIT,4/29/2021,Before Market
SPGI,4/29/2021,Before Market
ITGR,4/29/2021,Before Market
BVN,4/29/2021,After Market
IP,4/29/2021,Before Market
AGCO,4/29/2021,Before Market
NEM,4/29/2021,Before Market
LPLA,4/29/2021,After Market
NWG,4/29/2021,Before Market
LH,4/29/2021,Before Market
AX,4/29/2021,After Market
DPZ,4/29/2021,Before Market
BMRN,4/29/2021,After Market
OMCL,4/29/2021,After Market
GSHD,4/29/2021,After Market
MA,4/29/2021,Before Market
TMO,4/29/2021,Before Market
CRS,4/29/2021,Before Market
MTRN,4/29/2021,Before Market
AROC,4/29/2021,After Market
VRTX,4/29/2021,After Market
KIM,4/29/2021,Before Market
ATI,4/29/2021,Before Market
RMD,4/29/2021,After Market
RCL,4/29/2021,Before Market
MRK,4/29/2021,Before Market
SWKS,4/29/2021,After Market
NVT,4/29/2021,Before Market
EXPO,4/29/2021,After Market
EBC,4/29/2021,After Market
ACA,4/29/2021,After Market
ATR,4/29/2021,After Market
LMAT,4/29/2021,After Market
JHG,4/29/2021,Before Market
IDA,4/29/2021,Before Market
THRM,4/29/2021,Before Market
MCD,4/29/2021,Before Market
ERIE,4/29/2021,After Market
CNX,4/29/2021,Before Market
GLPI,4/29/2021,After Market
ICE,4/29/2021,Before Market
MO,4/29/2021,Before Market
FHI,4/29/2021,After Market
CNOB,4/29/2021,Before Market
VICI,4/29/2021,After Market
BIO,4/29/2021,After Market
AEM,4/29/2021,After Market
SKYW,4/29/2021,After Market
TFSL,4/29/2021,After Market
CMS,4/29/2021,Before Market
PRG,4/29/2021,Before Market
HSY,4/29/2021,Before Market
TIGO,4/29/2021,Before Market
CPT,4/29/2021,After Market
CBRE,4/29/2021,Before Market
TXRH,4/29/2021,After Market
SNDR,4/29/2021,Before Market
KNSL,4/29/2021,After Market
GFF,4/29/2021,After Market
GPI,4/29/2021,Before Market
EGO,4/29/2021,After Market
CMCSA,4/29/2021,Before Market
PHVS,4/29/2021,After Market
IMAX,4/29/2021,Before Market
CWST,4/29/2021,After Market
KLAC,4/29/2021,After Market
NVCR,4/29/2021,Before Market
POWI,4/29/2021,After Market
AGIO,4/29/2021,Before Market
HTGC,4/29/2021,After Market
TMHC,4/29/2021,Before Market
COR,4/29/2021,Before Market
AJG,4/29/2021,After Market
MSTR,4/29/2021,After Market
FMX,4/29/2021,Before Market
AB,4/29/2021,Before Market
WDC,4/29/2021,After Market
KMPR,4/29/2021,After Market
CAT,4/29/2021,Before Market
MHK,4/29/2021,After Market
BC,4/29/2021,Before Market
CAI,4/29/2021,After Market
SM,4/29/2021,After Market
SO,4/29/2021,Before Market
PCG,4/29/2021,Before Market
TEAM,4/29/2021,After Market
LTC,4/29/2021,After Market
TRS,4/29/2021,Before Market
ALNY,4/29/2021,Before Market
HP,4/29/2021,After Market
TAP,4/29/2021,Before Market
PATK,4/29/2021,Before Market
DVA,4/29/2021,After Market
PBF,4/29/2021,Before Market
BMY,4/29/2021,Before Market
EAT,4/28/2021,Before Market
JOE,4/28/2021,After Market
TDY,4/28/2021,Before Market
GTY,4/28/2021,After Market
CCS,4/28/2021,After Market
EBAY,4/28/2021,After Market
DB,4/28/2021,Before Market
KRC,4/28/2021,After Market
SLAB,4/28/2021,Before Market
AKR,4/28/2021,After Market
GRMN,4/28/2021,Before Market
NLY,4/28/2021,After Market
TS,4/28/2021,After Market
CG,4/28/2021,After Market
GSK,4/28/2021,Before Market
WERN,4/28/2021,After Market
ADP,4/28/2021,Before Market
ROL,4/28/2021,Before Market
HESM,4/28/2021,Before Market
WH,4/28/2021,After Market
SAIA,4/28/2021,Before Market
SIGI,4/28/2021,After Market
RNR,4/28/2021,After Market
DX,4/28/2021,Before Market
CDE,4/28/2021,After Market
VVV,4/28/2021,After Market
ALSN,4/28/2021,After Market
AVT,4/28/2021,After Market
SSB,4/28/2021,After Market
SAN,4/28/2021,Before Market
AAPL,4/28/2021,After Market
MKL,4/28/2021,After Market
NOW,4/28/2021,After Market
BCO,4/28/2021,Before Market
USLM,4/28/2021,After Market
PEGA,4/28/2021,After Market
OVV,4/28/2021,After Market
WCN,4/28/2021,After Market
VKTX,4/28/2021,After Market
NSC,4/28/2021,Before Market
QCOM,4/28/2021,After Market
MUSA,4/28/2021,After Market
MYRG,4/28/2021,After Market
R,4/28/2021,Before Market
F,4/28/2021,After Market
CUBI,4/28/2021,After Market
MBIN,4/28/2021,After Market
BSX,4/28/2021,Before Market
BLKB,4/28/2021,After Market
APH,4/28/2021,Before Market
CCOI,4/28/2021,After Market
TYL,4/28/2021,After Market
GD,4/28/2021,Before Market
AXTI,4/28/2021,After Market
TKR,4/28/2021,Before Market
ASX,4/28/2021,Before Market
PTC,4/28/2021,After Market
SLGN,4/28/2021,Before Market
MOH,4/28/2021,After Market
RJF,4/28/2021,After Market
LFUS,4/28/2021,Before Market
FORM,4/28/2021,After Market
TECK,4/28/2021,Before Market
VRT,4/28/2021,Before Market
EXTR,4/28/2021,Before Market
CLBK,4/28/2021,After Market
NTB,4/28/2021,After Market
TTMI,4/28/2021,After Market
NGVT,4/28/2021,After Market
SWK,4/28/2021,Before Market
IR,4/28/2021,After Market
VSEC,4/28/2021,After Market
MSA,4/28/2021,After Market
TTEK,4/28/2021,After Market
ETR,4/28/2021,Before Market
KALU,4/28/2021,After Market
MAA,4/28/2021,After Market
LC,4/28/2021,After Market
SONY,4/28/2021,Before Market
UCTT,4/28/2021,After Market
CLS,4/28/2021,After Market
TEVA,4/28/2021,Before Market
MC,4/28/2021,After Market
CMPR,4/28/2021,After Market
BHE,4/28/2021,After Market
ALGN,4/28/2021,After Market
MAS,4/28/2021,Before Market
MCRI,4/28/2021,After Market
IRT,4/28/2021,After Market
CHEF,4/28/2021,Before Market
ESI,4/28/2021,After Market
HNI,4/28/2021,After Market
CNMD,4/28/2021,After Market
OII,4/28/2021,After Market
MGRC,4/28/2021,After Market
CAKE,4/28/2021,After Market
EEFT,4/28/2021,After Market
FCNCA,4/28/2021,Before Market
PPC,4/28/2021,After Market
MCO,4/28/2021,Before Market
AER,4/28/2021,Before Market
EVR,4/28/2021,Before Market
BXMT,4/28/2021,Before Market
DAN,4/28/2021,Before Market
OC,4/28/2021,Before Market
FIX,4/28/2021,After Market
AFL,4/28/2021,After Market
BPOP,4/28/2021,Before Market
OI,4/28/2021,After Market
ROK,4/28/2021,Before Market
CNO,4/28/2021,After Market
CME,4/28/2021,Before Market
URI,4/28/2021,After Market
OSK,4/28/2021,Before Market
AVB,4/28/2021,After Market
MTDR,4/28/2021,After Market
INVA,4/28/2021,After Market
MORN,4/28/2021,After Market
MTH,4/28/2021,After Market
TNL,4/28/2021,Before Market
AVY,4/28/2021,Before Market
CAMT,4/28/2021,Before Market
LIVN,4/28/2021,Before Market
LOGI,4/28/2021,After Market
EXR,4/28/2021,After Market
INVH,4/28/2021,After Market
YUM,4/28/2021,Before Market
PAG,4/28/2021,Before Market
ALKS,4/28/2021,Before Market
DRVN,4/28/2021,Before Market
SIRI,4/28/2021,Before Market
AXS,4/28/2021,After Market
ICLR,4/28/2021,After Market
CSTM,4/28/2021,Before Market
CINF,4/28/2021,After Market
PI,4/28/2021,After Market
SHOP,4/28/2021,Before Market
WELL,4/28/2021,After Market
SHOO,4/28/2021,Before Market
AGI,4/28/2021,After Market
ARCC,4/28/2021,Before Market
PB,4/28/2021,Before Market
AM,4/28/2021,After Market
ORLY,4/28/2021,After Market
APLS,4/28/2021,After Market
GIB,4/28/2021,Before Market
AR,4/28/2021,After Market
ASGN,4/28/2021,After Market
ASH,4/28/2021,After Market
MEOH,4/28/2021,After Market
AVTR,4/28/2021,After Market
BA,4/28/2021,Before Market
MHO,4/28/2021,Before Market
HOLX,4/28/2021,After Market
EQIX,4/28/2021,After Market
TCBK,4/28/2021,Before Market
MXL,4/28/2021,After Market
WING,4/28/2021,Before Market
SPOT,4/28/2021,Before Market
PSA,4/28/2021,After Market
MGM,4/28/2021,After Market
HUM,4/28/2021,Before Market
SNY,4/28/2021,Before Market
FIBK,4/27/2021,After Market
CCB,4/27/2021,Before Market
QCRH,4/27/2021,After Market
CRSP,4/27/2021,After Market
RNST,4/27/2021,After Market
AMD,4/27/2021,After Market
MDLZ,4/27/2021,After Market
BP,4/27/2021,Before Market
CSGP,4/27/2021,After Market
CB,4/27/2021,After Market
TX,4/27/2021,After Market
TENB,4/27/2021,After Market
WM,4/27/2021,Before Market
SBUX,4/27/2021,After Market
ROP,4/27/2021,Before Market
UMBF,4/27/2021,Before Market
TXN,4/27/2021,After Market
AMX,4/27/2021,After Market
PFG,4/27/2021,After Market
MATX,4/27/2021,After Market
FCPT,4/27/2021,After Market
ENTG,4/27/2021,Before Market
TER,4/27/2021,After Market
ATRC,4/27/2021,After Market
LBRT,4/27/2021,After Market
NOV,4/27/2021,After Market
FTI,4/27/2021,After Market
APAM,4/27/2021,After Market
PII,4/27/2021,Before Market
FCF,4/27/2021,Before Market
CHE,4/27/2021,After Market
YUMC,4/27/2021,After Market
AMGN,4/27/2021,After Market
SCL,4/27/2021,Before Market
MMM,4/27/2021,Before Market
HUBB,4/27/2021,Before Market
FBNC,4/27/2021,After Market
PHM,4/27/2021,Before Market
HIW,4/27/2021,After Market
SCCO,4/27/2021,Before Market
CHRW,4/27/2021,After Market
FSV,4/27/2021,Before Market
GE,4/27/2021,Before Market
AAT,4/27/2021,After Market
RTX,4/27/2021,Before Market
ABG,4/27/2021,Before Market
OMAB,4/27/2021,After Market
LLY,4/27/2021,Before Market
PJT,4/27/2021,Before Market
PCAR,4/27/2021,Before Market
EQR,4/27/2021,After Market
GOOGL,4/27/2021,After Market
ATEN,4/27/2021,After Market
BYD,4/27/2021,After Market
SHW,4/27/2021,Before Market
FELE,4/27/2021,Before Market
ECL,4/27/2021,Before Market
ADM,4/27/2021,Before Market
SYK,4/27/2021,After Market
BXP,4/27/2021,After Market
SYF,4/27/2021,Before Market
NVS,4/27/2021,Before Market
ESS,4/27/2021,After Market
CASH,4/27/2021,After Market
UPS,4/27/2021,Before Market
FFIV,4/27/2021,After Market
LECO,4/27/2021,Before Market
VIST,4/27/2021,After Market
AWI,4/27/2021,Before Market
CNC,4/27/2021,Before Market
OLN,4/27/2021,After Market
OPRA,4/27/2021,Before Market
CALX,4/27/2021,After Market
BUSE,4/27/2021,After Market
ACGL,4/27/2021,After Market
ILMN,4/27/2021,After Market
MSFT,4/27/2021,After Market
OKE,4/27/2021,After Market
GLW,4/27/2021,Before Market
PINS,4/27/2021,After Market
CROX,4/27/2021,Before Market
UDR,4/27/2021,After Market
GPK,4/27/2021,Before Market
EGP,4/27/2021,After Market
V,4/27/2021,After Market
TPB,4/27/2021,Before Market
UBS,4/27/2021,Before Market
HSBC,4/27/2021,Before Market
MANH,4/27/2021,After Market
IVZ,4/27/2021,Before Market
COF,4/27/2021,After Market
DTE,4/27/2021,Before Market
HAS,4/27/2021,Before Market
IEX,4/27/2021,After Market
SF,4/27/2021,Before Market
NAVI,4/27/2021,After Market
ST,4/27/2021,Before Market
GOOG,4/27/2021,After Market
EIX,4/27/2021,After Market
WSBC,4/27/2021,After Market
MSCI,4/27/2021,Before Market
TRMK,4/27/2021,After Market
TRU,4/27/2021,Before Market
EHC,4/27/2021,After Market
FISV,4/27/2021,Before Market
ENPH,4/27/2021,After Market
UHS,4/26/2021,After Market
CDNS,4/26/2021,After Market
EFSC,4/26/2021,After Market
BOH,4/26/2021,Before Market
NXPI,4/26/2021,After Market
CBU,4/26/2021,Before Market
MASI,4/26/2021,After Market
CATY,4/26/2021,After Market
VALE,4/26/2021,Before Market
SSNC,4/26/2021,After Market
AMP,4/26/2021,After Market
OTIS,4/26/2021,Before Market
BRO,4/26/2021,After Market
SSD,4/26/2021,After Market
DORM,4/26/2021,Before Market
FBK,4/26/2021,After Market
FBP,4/26/2021,Before Market
RRC,4/26/2021,After Market
LII,4/26/2021,Before Market
PHG,4/26/2021,Before Market
MEDP,4/26/2021,After Market
SUI,4/26/2021,After Market
LKFN,4/26/2021,Before Market
ARLP,4/26/2021,Before Market
AXTA,4/26/2021,After Market
ARE,4/26/2021,After Market
PKG,4/26/2021,After Market
TNET,4/26/2021,After Market
SBAC,4/26/2021,After Market
NBTB,4/26/2021,After Market
GABC,4/26/2021,After Market
NWBI,4/26/2021,Before Market
AMKR,4/26/2021,Before Market
CNI,4/26/2021,After Market
JJSF,4/26/2021,After Market
TSLA,4/26/2021,After Market
MKSI,4/26/2021,After Market
KOF,4/26/2021,After Market
OMF,4/26/2021,After Market
ACI,4/26/2021,Before Market
PCH,4/26/2021,After Market
CHKP,4/26/2021,Before Market
AIN,4/26/2021,After Market
PKX,4/25/2021,Before Market
IBN,4/24/2021,Before Market
ALV,4/23/2021,Before Market
AZZ,4/23/2021,Before Market
SXT,4/23/2021,Before Market
GNTX,4/23/2021,Before Market
HON,4/23/2021,Before Market
KMB,4/23/2021,Before Market
FHB,4/23/2021,Before Market
UBSI,4/23/2021,Before Market
PRK,4/23/2021,After Market
AXP,4/23/2021,Before Market
SLB,4/23/2021,Before Market
XLY,4/23/2021,Before Market
RF,4/23/2021,Before Market
ALK,4/22/2021,Before Market
ORI,4/22/2021,Before Market
VLO,4/22/2021,Before Market
SAFE,4/22/2021,Before Market
DGX,4/22/2021,Before Market
EWBC,4/22/2021,Before Market
CE,4/22/2021,After Market
FFIN,4/22/2021,After Market
BX,4/22/2021,Before Market
WSFS,4/22/2021,After Market
BANC,4/22/2021,Before Market
FAF,4/22/2021,Before Market
TSCO,4/22/2021,Before Market
WSO,4/22/2021,Before Market
FE,4/22/2021,After Market
HIG,4/22/2021,Before Market
DHR,4/22/2021,Before Market
CADE,4/22/2021,Before Market
STBA,4/22/2021,Before Market
SAM,4/22/2021,After Market
SAP,4/22/2021,Before Market
GBCI,4/22/2021,After Market
T,4/22/2021,Before Market
POOL,4/22/2021,Before Market
ASB,4/22/2021,After Market
AAL,4/22/2021,Before Market
ASR,4/22/2021,After Market
NUE,4/22/2021,Before Market
IQV,4/22/2021,Before Market
FCX,4/22/2021,Before Market
UNP,4/22/2021,Before Market
FRME,4/22/2021,Before Market
CLF,4/22/2021,Before Market
AUB,4/22/2021,Before Market
PNR,4/22/2021,Before Market
VRSN,4/22/2021,After Market
MAT,4/22/2021,After Market
KN,4/22/2021,After Market
KB,4/22/2021,Before Market
GTLS,4/22/2021,Before Market
DOW,4/22/2021,Before Market
OZK,4/22/2021,After Market
SBCF,4/22/2021,After Market
INTC,4/22/2021,After Market
HRI,4/22/2021,Before Market
ABCB,4/22/2021,After Market
FFBC,4/22/2021,After Market
AEP,4/22/2021,Before Market
INDB,4/22/2021,After Market
DHI,4/22/2021,Before Market
SRCE,4/22/2021,Before Market
STX,4/22/2021,After Market
VICR,4/22/2021,After Market
GPC,4/22/2021,Before Market
RBCAA,4/22/2021,Before Market
HTH,4/22/2021,After Market
HBAN,4/22/2021,Before Market
ALLE,4/22/2021,Before Market
MKTX,4/22/2021,Before Market
TPH,4/22/2021,Before Market
BKU,4/22/2021,Before Market
NBHC,4/22/2021,After Market
SON,4/22/2021,Before Market
EIG,4/22/2021,After Market
ODFL,4/22/2021,Before Market
CSL,4/22/2021,After Market
GRC,4/22/2021,Before Market
LUV,4/22/2021,Before Market
AMAL,4/22/2021,Before Market
SNA,4/22/2021,Before Market
HCA,4/22/2021,Before Market
BIIB,4/22/2021,Before Market
TRN,4/22/2021,Before Market
RS,4/22/2021,Before Market
CCI,4/21/2021,After Market
LRCX,4/21/2021,After Market
CP,4/21/2021,After Market
OSBC,4/21/2021,After Market
VMI,4/21/2021,After Market
RLI,4/21/2021,After Market
SYBT,4/21/2021,Before Market
CVBF,4/21/2021,After Market
LVS,4/21/2021,After Market
TR,4/21/2021,After Market
BANR,4/21/2021,After Market
STC,4/21/2021,After Market
PLXS,4/21/2021,After Market
SEIC,4/21/2021,After Market
ASML,4/21/2021,Before Market
VZ,4/21/2021,Before Market
LSTR,4/21/2021,After Market
GGG,4/21/2021,After Market
FR,4/21/2021,After Market
GL,4/21/2021,After Market
OFG,4/21/2021,Before Market
ARR,4/21/2021,After Market
REXR,4/21/2021,After Market
CHCO,4/21/2021,After Market
NWE,4/21/2021,After Market
NEE,4/21/2021,Before Market
CHDN,4/21/2021,After Market
WHR,4/21/2021,After Market
CTBI,4/21/2021,Before Market
NEU,4/21/2021,After Market
LOB,4/21/2021,After Market
RCI,4/21/2021,Before Market
HCSG,4/21/2021,Before Market
UFPI,4/21/2021,After Market
BOKF,4/21/2021,Before Market
FCFS,4/21/2021,Before Market
KMI,4/21/2021,After Market
CNS,4/21/2021,After Market
CACI,4/21/2021,After Market
CMG,4/21/2021,After Market
TEL,4/21/2021,Before Market
FHN,4/21/2021,Before Market
LAD,4/21/2021,Before Market
KNX,4/21/2021,Before Market
SLG,4/21/2021,After Market
EFX,4/21/2021,After Market
SLM,4/21/2021,After Market
HAL,4/21/2021,Before Market
BKR,4/21/2021,Before Market
RHI,4/21/2021,After Market
RUSHA,4/21/2021,After Market
TCBI,4/21/2021,After Market
NDAQ,4/21/2021,Before Market
PEBO,4/20/2021,Before Market
IBKR,4/20/2021,After Market
FITB,4/20/2021,Before Market
CSX,4/20/2021,After Market
HWC,4/20/2021,After Market
JNJ,4/20/2021,Before Market
MLI,4/20/2021,Before Market
NTRS,4/20/2021,Before Market
EW,4/20/2021,After Market
NFLX,4/20/2021,After Market
WRB,4/20/2021,After Market
EDU,4/20/2021,Before Market
KEY,4/20/2021,Before Market
SFNC,4/20/2021,Before Market
ISRG,4/20/2021,After Market
LRN,4/20/2021,After Market
PG,4/20/2021,Before Market
THC,4/20/2021,After Market
MAN,4/20/2021,Before Market
FOR,4/20/2021,After Market
ABT,4/20/2021,Before Market
LMT,4/20/2021,Before Market
GATX,4/20/2021,Before Market
DOV,4/20/2021,Before Market
CMA,4/20/2021,Before Market
FULT,4/20/2021,After Market
PFBC,4/20/2021,After Market
IRDM,4/20/2021,Before Market
OMC,4/20/2021,Before Market
PM,4/20/2021,Before Market
AN,4/20/2021,Before Market
TRV,4/20/2021,Before Market
BMI,4/20/2021,Before Market
HXL,4/19/2021,After Market
CCK,4/19/2021,After Market
PNFP,4/19/2021,After Market
ELS,4/19/2021,After Market
WBS,4/19/2021,Before Market
PLD,4/19/2021,Before Market
HOG,4/19/2021,Before Market
IBM,4/19/2021,After Market
KO,4/19/2021,Before Market
SFBS,4/19/2021,After Market
KEN,4/19/2021,Before Market
MTB,4/19/2021,Before Market
UAL,4/19/2021,After Market
ONB,4/19/2021,Before Market
STLD,4/19/2021,After Market
ZION,4/19/2021,After Market
WTFC,4/19/2021,After Market
FNB,4/19/2021,After Market
HDB,4/17/2021,Before Market
BK,4/16/2021,Before Market
CFG,4/16/2021,Before Market
STT,4/16/2021,Before Market
EH,4/16/2021,Before Market
PNC,4/16/2021,Before Market
MS,4/16/2021,Before Market
ALLY,4/16/2021,Before Market
MRTN,4/15/2021,After Market
WAL,4/15/2021,After Market
TFC,4/15/2021,Before Market
BAC,4/15/2021,Before Market
C,4/15/2021,Before Market
BANF,4/15/2021,After Market
PGR,4/15/2021,Before Market
WABC,4/15/2021,Before Market
HOMB,4/15/2021,Before Market
JBHT,4/15/2021,After Market
UNH,4/15/2021,Before Market
PPG,4/15/2021,After Market
DAL,4/15/2021,Before Market
SCHW,4/15/2021,Before Market
USB,4/15/2021,Before Market
BLK,4/15/2021,Before Market
CBSH,4/15/2021,Before Market
TSM,4/15/2021,Before Market
AA,4/15/2021,After Market
PEP,4/14/2021,After Market
AGX,4/14/2021,After Market
INFY,4/14/2021,Before Market
JPM,4/14/2021,Before Market
GS,4/14/2021,Before Market
WFC,4/14/2021,Before Market
NRIX,4/13/2021,After Market
FAST,4/13/2021,Before Market
WAFD,4/13/2021,After Market
JKS,4/9/2021,Before Market
WDFC,4/8/2021,After Market
AFYA,4/8/2021,After Market
CAG,4/8/2021,Before Market
STZ,4/8/2021,Before Market
LEVI,4/8/2021,After Market
PSMT,4/8/2021,After Market
CCL,4/7/2021,Before Market
CUK,4/7/2021,Before Market
LW,4/7/2021,Before Market
SMPL,4/7/2021,Before Market
MSM,4/7/2021,Before Market
RPM,4/7/2021,Before Market
LNN,4/6/2021,Before Market
GBX,4/6/2021,Before Market
PAYX,4/6/2021,Before Market
MAGS,4/6/2021,Before Market
KMX,4/1/2021,Before Market
MU,3/31/2021,After Market
NCNO,3/31/2021,After Market
AYI,3/31/2021,Before Market
RIOT,3/31/2021,After Market
TARS,3/31/2021,After Market
UNF,3/31/2021,Before Market
CRNX,3/30/2021,After Market
CHWY,3/30/2021,After Market
MKC,3/30/2021,Before Market
PVH,3/30/2021,After Market
PSIX,3/30/2021,After Market
CAAP,3/30/2021,After Market
PHAT,3/30/2021,After Market
GVA,3/30/2021,Before Market
LULU,3/30/2021,After Market
TERN,3/30/2021,After Market
BNTX,3/30/2021,Before Market
ASO,3/30/2021,Before Market
FDS,3/30/2021,Before Market
PCVX,3/29/2021,After Market
CALM,3/29/2021,Before Market
CLDX,3/29/2021,After Market
SBS,3/26/2021,Before Market
VRDN,3/25/2021,After Market
HRMY,3/25/2021,Before Market
REX,3/25/2021,Before Market
PRGS,3/25/2021,After Market
DRI,3/25/2021,Before Market
ADMA,3/25/2021,After Market
HUT,3/25/2021,Before Market
IMCR,3/25/2021,Before Market
SAIC,3/25/2021,After Market
IMNM,3/25/2021,After Market
GIS,3/24/2021,Before Market
KBH,3/24/2021,After Market
WGO,3/24/2021,Before Market
VITL,3/24/2021,Before Market
EPAC,3/24/2021,Before Market
CNXC,3/24/2021,After Market
HYMC,3/24/2021,Before Market
RH,3/24/2021,After Market
HTHT,3/24/2021,Before Market
SA,3/24/2021,After Market
NMM,3/24/2021,Before Market
FUL,3/24/2021,After Market
WOR,3/24/2021,Before Market
JEF,3/24/2021,After Market
APG,3/24/2021,Before Market
ESLT,3/24/2021,Before Market
GME,3/23/2021,After Market
ORIC,3/23/2021,After Market
ADBE,3/23/2021,After Market
LQDA,3/23/2021,Before Market
AIR,3/23/2021,After Market
IDYA,3/23/2021,Before Market
SHG,3/23/2021,After Market
ZIM,3/22/2021,Before Market
BLFS,3/22/2021,After Market
UUUU,3/22/2021,Before Market
TME,3/22/2021,After Market
SNX,3/22/2021,Before Market
ACN,3/18/2021,Before Market
MP,3/18/2021,After Market
FDX,3/18/2021,After Market
LEGN,3/18/2021,Before Market
CMC,3/18/2021,Before Market
GIII,3/18/2021,Before Market
PAX,3/18/2021,After Market
DG,3/18/2021,Before Market
NVGS,3/18/2021,After Market
NKE,3/18/2021,After Market
LEU,3/18/2021,After Market
CSIQ,3/18/2021,Before Market
OLLI,3/18/2021,After Market
CTRA,3/18/2021,Before Market
SIG,3/18/2021,Before Market
CTAS,3/17/2021,Before Market
PRAX,3/17/2021,Before Market
SMTC,3/17/2021,After Market
FIVE,3/17/2021,After Market
PDD,3/17/2021,Before Market
WSM,3/17/2021,After Market
OLMA,3/17/2021,After Market
UPST,3/17/2021,After Market
SMMT,3/17/2021,Before Market
ZTO,3/17/2021,After Market
LEN,3/16/2021,After Market
DFH,3/16/2021,Before Market
UEC,3/16/2021,Before Market
COGT,3/16/2021,Before Market
CRWD,3/16/2021,After Market
GEN,3/16/2021,After Market
FUTU,3/16/2021,Before Market
IMOS,3/16/2021,Before Market
JBL,3/16/2021,Before Market
HQY,3/15/2021,After Market
QFIN,3/15/2021,After Market
AMPH,3/15/2021,After Market
CEPU,3/15/2021,After Market
PAR,3/15/2021,After Market
RNA,3/15/2021,After Market
BEKE,3/15/2021,After Market
AMR,3/15/2021,Before Market
NRP,3/15/2021,Before Market
BEAM,3/15/2021,Before Market
CPRX,3/15/2021,After Market
INBX,3/12/2021,Before Market
BKE,3/12/2021,Before Market
NOG,3/12/2021,Before Market
INSW,3/12/2021,Before Market
CELH,3/11/2021,Before Market
WLDN,3/11/2021,After Market
IGIC,3/11/2021,After Market
KYMR,3/11/2021,Before Market
MTN,3/11/2021,After Market
OPCH,3/11/2021,Before Market
PAM,3/11/2021,After Market
CRC,3/11/2021,After Market
STNE,3/11/2021,After Market
HCI,3/11/2021,After Market
CAPR,3/11/2021,After Market
WPM,3/11/2021,After Market
WPP,3/11/2021,Before Market
INOD,3/11/2021,Before Market
ULTA,3/11/2021,After Market
XPEL,3/11/2021,Before Market
DOCU,3/11/2021,After Market
JD,3/11/2021,Before Market
FIZZ,3/11/2021,After Market
PTGX,3/10/2021,After Market
MUX,3/10/2021,After Market
BMA,3/10/2021,After Market
DRVN,3/10/2021,Before Market
CPB,3/10/2021,Before Market
REVG,3/10/2021,Before Market
FNV,3/10/2021,After Market
ESTA,3/10/2021,Before Market
ASND,3/10/2021,After Market
GDS,3/10/2021,After Market
SGRY,3/10/2021,Before Market
UNFI,3/10/2021,Before Market
UMH,3/10/2021,After Market
LC,3/10/2021,After Market
VERX,3/10/2021,Before Market
ORCL,3/10/2021,After Market
SRRK,3/9/2021,After Market
MDB,3/9/2021,After Market
DXPE,3/9/2021,Before Market
AVDL,3/9/2021,Before Market
HRB,3/9/2021,After Market
WMK,3/9/2021,After Market
STOK,3/9/2021,Before Market
GGAL,3/9/2021,Before Market
AVAV,3/9/2021,After Market
DQ,3/9/2021,Before Market
BBAR,3/9/2021,After Market
ANIP,3/9/2021,Before Market
ABM,3/9/2021,After Market
MIRM,3/9/2021,After Market
DKS,3/9/2021,Before Market
TGS,3/9/2021,After Market
THO,3/9/2021,Before Market
SHC,3/9/2021,Before Market
CSTL,3/8/2021,After Market
HROW,3/8/2021,After Market
SNDX,3/8/2021,After Market
MGIC,3/8/2021,Before Market
PSO,3/8/2021,Before Market
RDNT,3/8/2021,Before Market
CASY,3/8/2021,After Market
XPEV,3/8/2021,Before Market
GRBK,3/8/2021,After Market
GLP,3/5/2021,Before Market
CNQ,3/4/2021,Before Market
FOUR,3/4/2021,Before Market
TRIN,3/4/2021,After Market
AVGO,3/4/2021,After Market
IMAX,3/4/2021,After Market
CRAI,3/4/2021,Before Market
COST,3/4/2021,After Market
JAMF,3/4/2021,After Market
IDT,3/4/2021,After Market
CIEN,3/4/2021,Before Market
GSL,3/4/2021,Before Market
MANU,3/4/2021,After Market
BJ,3/4/2021,Before Market
CRH,3/4/2021,Before Market
DYN,3/4/2021,Before Market
TDW,3/4/2021,After Market
HCM,3/4/2021,Before Market
NTST,3/4/2021,After Market
ARGX,3/4/2021,Before Market
GWRE,3/4/2021,After Market
SDGR,3/4/2021,Before Market
ATEC,3/4/2021,After Market
WVE,3/4/2021,Before Market
COO,3/4/2021,After Market
VSEC,3/4/2021,After Market
EYPT,3/4/2021,Before Market
YPF,3/4/2021,After Market
BURL,3/4/2021,Before Market
KR,3/4/2021,Before Market
TTC,3/4/2021,Before Market
UFPT,3/4/2021,Before Market
AEO,3/3/2021,After Market
TCOM,3/3/2021,After Market
DSGX,3/3/2021,After Market
CNR,3/3/2021,After Market
SLNO,3/3/2021,After Market
EYE,3/3/2021,Before Market
OKTA,3/3/2021,After Market
TAC,3/3/2021,Before Market
SQM,3/3/2021,After Market
CLMT,3/3/2021,Before Market
DLTR,3/3/2021,Before Market
PUK,3/3/2021,Before Market
MRVL,3/3/2021,After Market
DY,3/3/2021,Before Market
OSW,3/3/2021,Before Market
GSAT,3/3/2021,After Market
BF/B,3/3/2021,Before Market
BF/A,3/3/2021,Before Market
MYRG,3/3/2021,After Market
EQX,3/3/2021,After Market
SNOW,3/3/2021,After Market
DAKT,3/3/2021,Before Market
AER,3/2/2021,Before Market
TMDX,3/2/2021,After Market
DAR,3/2/2021,After Market
RVMD,3/2/2021,After Market
ROST,3/2/2021,After Market
VEEV,3/2/2021,After Market
AMBA,3/2/2021,After Market
URBN,3/2/2021,After Market
SE,3/2/2021,Before Market
TILE,3/2/2021,Before Market
BOX,3/2/2021,After Market
KTB,3/2/2021,Before Market
KSS,3/2/2021,Before Market
AZO,3/2/2021,Before Market
ANF,3/2/2021,Before Market
STRL,3/2/2021,After Market
HPE,3/2/2021,After Market
TGT,3/2/2021,Before Market
BSY,3/2/2021,Before Market
TGLS,3/2/2021,Before Market
THRM,3/1/2021,Before Market
QURE,3/1/2021,Before Market
CWEN/A,3/1/2021,Before Market
XRAY,3/1/2021,Before Market
KOD,3/1/2021,Before Market
MELI,3/1/2021,After Market
BHVN,3/1/2021,Before Market
TRMD,3/1/2021,Before Market
FMX,3/1/2021,Before Market
AMRC,3/1/2021,After Market
HLIO,3/1/2021,After Market
VTRS,3/1/2021,After Market
TGTX,3/1/2021,After Market
FOLD,3/1/2021,Before Market
IPAR,3/1/2021,After Market
APPF,3/1/2021,After Market
AI,3/1/2021,After Market
CWEN,3/1/2021,Before Market
KRYS,3/1/2021,Before Market
PRGO,3/1/2021,Before Market
HGV,3/1/2021,Before Market
NRG,3/1/2021,Before Market
AXSM,3/1/2021,Before Market
LMND,3/1/2021,After Market
MIDD,3/1/2021,Before Market
FSK,3/1/2021,After Market
ZM,3/1/2021,After Market
XHR,3/1/2021,Before Market
EVTC,3/1/2021,Before Market
TVTX,3/1/2021,After Market
VRRM,3/1/2021,After Market
RYTM,3/1/2021,Before Market
XENE,3/1/2021,After Market
SRPT,3/1/2021,After Market
ASTE,3/1/2021,Before Market
HNI,3/1/2021,Before Market
NOVT,3/1/2021,Before Market
TGNA,3/1/2021,Before Market
BRK/B,2/27/2021,Before Market
LBRDA,2/26/2021,Before Market
LBRDK,2/26/2021,Before Market
BATRA,2/26/2021,Before Market
BATRK,2/26/2021,Before Market
CNK,2/26/2021,Before Market
RHP,2/26/2021,Before Market
CRI,2/26/2021,Before Market
DKNG,2/26/2021,Before Market
BLDR,2/26/2021,Before Market
FLR,2/26/2021,Before Market
AMRX,2/26/2021,Before Market
FWONK,2/26/2021,Before Market
PEG,2/26/2021,Before Market
FWONA,2/26/2021,Before Market
STRA,2/26/2021,Before Market
COKE,2/26/2021,After Market
EVRG,2/26/2021,Before Market
LAMR,2/26/2021,Before Market
MESO,2/26/2021,After Market
VST,2/26/2021,Before Market
NWN,2/26/2021,Before Market
CVNA,2/25/2021,After Market
AES,2/25/2021,Before Market
MTZ,2/25/2021,After Market
AEP,2/25/2021,Before Market
CM,2/25/2021,Before Market
GOLF,2/25/2021,Before Market
MDGL,2/25/2021,Before Market
VIST,2/25/2021,After Market
TNK,2/25/2021,Before Market
TNC,2/25/2021,Before Market
ANAB,2/25/2021,After Market
TD,2/25/2021,Before Market
IRTC,2/25/2021,After Market
GPOR,2/25/2021,After Market
FIX,2/25/2021,After Market
OPRA,2/25/2021,Before Market
DAO,2/25/2021,Before Market
DVAX,2/25/2021,After Market
CNP,2/25/2021,Before Market
BBIO,2/25/2021,Before Market
DASH,2/25/2021,After Market
LMAT,2/25/2021,After Market
ERIE,2/25/2021,After Market
LAUR,2/25/2021,Before Market
VICR,2/25/2021,After Market
AGIO,2/25/2021,Before Market
AGO,2/25/2021,After Market
AGM,2/25/2021,After Market
NCLH,2/25/2021,Before Market
ACIW,2/25/2021,Before Market
CSTM,2/25/2021,Before Market
TPL,2/25/2021,After Market
SUPN,2/25/2021,After Market
NVCR,2/25/2021,Before Market
SJM,2/25/2021,Before Market
KOF,2/25/2021,Before Market
SHOO,2/25/2021,Before Market
EGO,2/25/2021,After Market
NTLA,2/25/2021,Before Market
PRG,2/25/2021,Before Market
ETSY,2/25/2021,After Market
MRNA,2/25/2021,Before Market
CRM,2/25/2021,After Market
ROCK,2/25/2021,Before Market
DCI,2/25/2021,Before Market
PBA,2/25/2021,After Market
FLY,2/25/2021,After Market
TRS,2/25/2021,Before Market
EOSE,2/25/2021,Before Market
RKT,2/25/2021,After Market
PCG,2/25/2021,Before Market
FND,2/25/2021,After Market
EIX,2/25/2021,After Market
DFIN,2/25/2021,Before Market
APLS,2/25/2021,After Market
GKOS,2/25/2021,After Market
ALG,2/25/2021,After Market
ADSK,2/25/2021,After Market
NTRA,2/25/2021,After Market
KRP,2/25/2021,Before Market
SHAK,2/25/2021,After Market
AMH,2/25/2021,After Market
ACMR,2/25/2021,After Market
SRE,2/25/2021,Before Market
MNST,2/25/2021,After Market
UHS,2/25/2021,After Market
NNI,2/25/2021,After Market
EME,2/25/2021,Before Market
VALE,2/25/2021,Before Market
IBOC,2/25/2021,Before Market
AMT,2/25/2021,Before Market
FSLR,2/25/2021,After Market
SAIL,2/25/2021,After Market
PWR,2/25/2021,Before Market
KDP,2/25/2021,Before Market
CWT,2/25/2021,Before Market
ALRM,2/25/2021,After Market
CWK,2/25/2021,After Market
KTOS,2/25/2021,After Market
TFX,2/25/2021,Before Market
DNLI,2/25/2021,After Market
AXON,2/25/2021,After Market
WSC,2/25/2021,After Market
LYV,2/25/2021,After Market
BBY,2/25/2021,Before Market
FSS,2/25/2021,Before Market
W,2/25/2021,Before Market
PZZA,2/25/2021,Before Market
EOG,2/25/2021,After Market
CCOI,2/25/2021,Before Market
COLL,2/25/2021,After Market
ICUI,2/25/2021,After Market
OUT,2/25/2021,After Market
ABNB,2/25/2021,After Market
CUBE,2/25/2021,After Market
FCN,2/25/2021,Before Market
HPQ,2/25/2021,Before Market
FTAI,2/25/2021,After Market
DELL,2/25/2021,After Market
ADUS,2/25/2021,After Market
BUD,2/25/2021,Before Market
KWR,2/25/2021,After Market
OGE,2/25/2021,Before Market
SFM,2/25/2021,After Market
SWX,2/25/2021,After Market
BVN,2/25/2021,After Market
ICFI,2/25/2021,After Market
CZR,2/25/2021,After Market
STWD,2/25/2021,Before Market
LNTH,2/25/2021,After Market
ALEX,2/25/2021,After Market
SEM,2/25/2021,After Market
WDAY,2/25/2021,After Market
EXLS,2/25/2021,Before Market
NTES,2/25/2021,Before Market
GIL,2/25/2021,Before Market
WWW,2/25/2021,Before Market
DMLP,2/25/2021,Before Market
OGS,2/25/2021,After Market
CYTK,2/25/2021,After Market
USPH,2/25/2021,Before Market
VIPS,2/25/2021,Before Market
AAON,2/25/2021,Before Market
AAOI,2/25/2021,After Market
INSM,2/25/2021,Before Market
RUN,2/25/2021,After Market
DOC,2/25/2021,Before Market
ZS,2/25/2021,After Market
GLNG,2/25/2021,Before Market
REZI,2/25/2021,Before Market
DPZ,2/25/2021,Before Market
MAIN,2/25/2021,After Market
ROOT,2/25/2021,After Market
CLF,2/25/2021,Before Market
BMRN,2/25/2021,After Market
LI,2/25/2021,Before Market
PTCT,2/25/2021,After Market
TNL,2/24/2021,Before Market
LOW,2/24/2021,Before Market
PSTG,2/24/2021,After Market
TPC,2/24/2021,After Market
AWK,2/24/2021,After Market
PNTG,2/24/2021,After Market
RVLV,2/24/2021,After Market
MGEE,2/24/2021,Before Market
JMIA,2/24/2021,Before Market
GEF,2/24/2021,After Market
AGI,2/24/2021,After Market
RCUS,2/24/2021,After Market
EXC,2/24/2021,Before Market
NVDA,2/24/2021,After Market
BKD,2/24/2021,After Market
ICLR,2/24/2021,Before Market
UTHR,2/24/2021,Before Market
OR,2/24/2021,After Market
HCC,2/24/2021,After Market
PSA,2/24/2021,After Market
SBGI,2/24/2021,Before Market
BKNG,2/24/2021,After Market
LIVN,2/24/2021,Before Market
CPK,2/24/2021,After Market
PBR,2/24/2021,After Market
SITE,2/24/2021,Before Market
DEA,2/24/2021,Before Market
PLAB,2/24/2021,Before Market
ADPT,2/24/2021,After Market
PLMR,2/24/2021,After Market
ZYME,2/24/2021,After Market
RGEN,2/24/2021,Before Market
PSN,2/24/2021,Before Market
CQP,2/24/2021,Before Market
TRN,2/24/2021,Before Market
FNF,2/24/2021,After Market
AUPH,2/24/2021,After Market
PARR,2/24/2021,After Market
BNL,2/24/2021,After Market
ORA,2/24/2021,After Market
TS,2/24/2021,After Market
SAFT,2/24/2021,After Market
ITRI,2/24/2021,Before Market
IONS,2/24/2021,Before Market
CDNA,2/24/2021,After Market
PRDO,2/24/2021,After Market
JOE,2/24/2021,After Market
CW,2/24/2021,After Market
NTNX,2/24/2021,After Market
CNXN,2/24/2021,After Market
MMSI,2/24/2021,After Market
PGNY,2/24/2021,After Market
STAA,2/24/2021,After Market
ESTC,2/24/2021,After Market
STN,2/24/2021,After Market
BILI,2/24/2021,After Market
NTAP,2/24/2021,After Market
APA,2/24/2021,After Market
GH,2/24/2021,After Market
VCEL,2/24/2021,Before Market
ACAD,2/24/2021,After Market
EPR,2/24/2021,After Market
FTI,2/24/2021,After Market
FDP,2/24/2021,Before Market
VAC,2/24/2021,After Market
VRT,2/24/2021,Before Market
TNDM,2/24/2021,After Market
CIB,2/24/2021,After Market
CYD,2/24/2021,Before Market
ASR,2/24/2021,After Market
MGNI,2/24/2021,After Market
WEX,2/24/2021,Before Market
TJX,2/24/2021,Before Market
IIPR,2/24/2021,After Market
RDN,2/24/2021,After Market
LNG,2/24/2021,Before Market
ELAN,2/24/2021,Before Market
OII,2/24/2021,After Market
LB,2/24/2021,After Market
ECPG,2/24/2021,After Market
RY,2/24/2021,Before Market
ACA,2/24/2021,After Market
MCRI,2/24/2021,After Market
IRM,2/24/2021,Before Market
ESI,2/24/2021,After Market
WTRG,2/24/2021,After Market
PNW,2/24/2021,Before Market
AVA,2/24/2021,Before Market
CHDN,2/24/2021,After Market
UFPI,2/24/2021,After Market
IBP,2/24/2021,Before Market
ETR,2/24/2021,Before Market
KALU,2/24/2021,After Market
WHD,2/24/2021,After Market
CLH,2/24/2021,Before Market
NEO,2/24/2021,Before Market
AWI,2/23/2021,Before Market
CBRE,2/23/2021,Before Market
MTDR,2/23/2021,After Market
PODD,2/23/2021,After Market
MTG,2/23/2021,After Market
JAZZ,2/23/2021,After Market
HALO,2/23/2021,After Market
HEI,2/23/2021,After Market
CORT,2/23/2021,After Market
EPRT,2/23/2021,After Market
APLE,2/23/2021,After Market
HTGC,2/23/2021,After Market
SATS,2/23/2021,Before Market
HSBC,2/23/2021,Before Market
TRI,2/23/2021,Before Market
CROX,2/23/2021,Before Market
KNSA,2/23/2021,Before Market
INTU,2/23/2021,After Market
BLD,2/23/2021,Before Market
WLK,2/23/2021,Before Market
VIV,2/23/2021,After Market
FLS,2/23/2021,After Market
TBPH,2/23/2021,After Market
MDT,2/23/2021,Before Market
FMS,2/23/2021,Before Market
HEI/A,2/23/2021,After Market
TX,2/23/2021,After Market
ALC,2/23/2021,After Market
MASI,2/23/2021,After Market
CSGP,2/23/2021,After Market
HMY,2/23/2021,Before Market
GTY,2/23/2021,After Market
DK,2/23/2021,After Market
PEN,2/23/2021,After Market
PEB,2/23/2021,After Market
ATRC,2/23/2021,After Market
NXST,2/23/2021,Before Market
EC,2/23/2021,After Market
MATX,2/23/2021,After Market
NPO,2/23/2021,Before Market
TOL,2/23/2021,After Market
DKL,2/23/2021,After Market
XP,2/23/2021,After Market
M,2/23/2021,Before Market
CHE,2/23/2021,After Market
RRC,2/23/2021,After Market
HD,2/23/2021,Before Market
BCO,2/23/2021,Before Market
ATRO,2/23/2021,Before Market
HURN,2/23/2021,After Market
LGIH,2/23/2021,Before Market
WES,2/23/2021,After Market
EQH,2/23/2021,After Market
SPXC,2/23/2021,After Market
ARLO,2/23/2021,After Market
JBGS,2/23/2021,After Market
VRSK,2/23/2021,After Market
BNS,2/23/2021,Before Market
MGRC,2/23/2021,After Market
INSP,2/23/2021,After Market
LDOS,2/23/2021,Before Market
GMAB,2/23/2021,Before Market
BMO,2/23/2021,Before Market
GSHD,2/23/2021,After Market
UPWK,2/23/2021,After Market
UAN,2/22/2021,After Market
NDSN,2/22/2021,After Market
OKE,2/22/2021,After Market
AXGN,2/22/2021,After Market
NHI,2/22/2021,After Market
FRPT,2/22/2021,After Market
AWR,2/22/2021,After Market
EXR,2/22/2021,After Market
PRA,2/22/2021,After Market
WMB,2/22/2021,After Market
PANW,2/22/2021,After Market
CSR,2/22/2021,After Market
AL,2/22/2021,After Market
MGY,2/22/2021,After Market
CDNS,2/22/2021,After Market
CCU,2/22/2021,After Market
REAL,2/22/2021,After Market
CVI,2/22/2021,After Market
AU,2/22/2021,Before Market
BSM,2/22/2021,After Market
VNOM,2/22/2021,After Market
FIVN,2/22/2021,After Market
BCC,2/22/2021,After Market
GFL,2/22/2021,After Market
O,2/22/2021,After Market
PRIM,2/22/2021,After Market
NSA,2/22/2021,After Market
DORM,2/22/2021,Before Market
OXY,2/22/2021,After Market
BWXT,2/22/2021,After Market
IR,2/22/2021,After Market
RSG,2/22/2021,After Market
SBRA,2/22/2021,After Market
SBAC,2/22/2021,After Market
KFY,2/22/2021,Before Market
TREX,2/22/2021,After Market
FANG,2/22/2021,After Market
RCL,2/22/2021,Before Market
AROC,2/22/2021,After Market
POR,2/19/2021,Before Market
DE,2/19/2021,Before Market
ESNT,2/19/2021,Before Market
ITT,2/19/2021,Before Market
NHC,2/19/2021,Before Market
DTE,2/19/2021,Before Market
BCPC,2/19/2021,Before Market
MGA,2/19/2021,Before Market
KBR,2/19/2021,After Market
B,2/19/2021,Before Market
E,2/19/2021,Before Market
FRO,2/19/2021,Before Market
KEP,2/19/2021,Before Market
NWG,2/19/2021,Before Market
IDA,2/18/2021,Before Market
GOLD,2/18/2021,Before Market
AEE,2/18/2021,After Market
MORN,2/18/2021,After Market
GLPI,2/18/2021,After Market
GLPG,2/18/2021,After Market
HRI,2/18/2021,Before Market
SBSW,2/18/2021,Before Market
DAN,2/18/2021,Before Market
EPAM,2/18/2021,Before Market
PPL,2/18/2021,Before Market
VICI,2/18/2021,After Market
TRIP,2/18/2021,After Market
DBX,2/18/2021,After Market
HST,2/18/2021,After Market
OMC,2/18/2021,Before Market
CENX,2/18/2021,After Market
TXRH,2/18/2021,After Market
CWST,2/18/2021,After Market
TPH,2/18/2021,Before Market
EFC,2/18/2021,After Market
KNSL,2/18/2021,After Market
NMRK,2/18/2021,Before Market
HBM,2/18/2021,After Market
RS,2/18/2021,Before Market
ANET,2/18/2021,After Market
WMT,2/18/2021,Before Market
KEYS,2/18/2021,After Market
STNG,2/18/2021,Before Market
TRP,2/18/2021,Before Market
LTC,2/18/2021,After Market
TTD,2/18/2021,After Market
SO,2/18/2021,Before Market
OLED,2/18/2021,After Market
NICE,2/18/2021,Before Market
AG,2/18/2021,After Market
CBZ,2/18/2021,Before Market
APPN,2/18/2021,After Market
QDEL,2/18/2021,After Market
HASI,2/18/2021,After Market
VC,2/18/2021,Before Market
IDCC,2/18/2021,Before Market
TDS,2/18/2021,After Market
PLNT,2/18/2021,After Market
SNN,2/18/2021,Before Market
ROG,2/18/2021,After Market
WAB,2/18/2021,Before Market
ED,2/18/2021,After Market
LXP,2/18/2021,Before Market
METC,2/18/2021,After Market
GEL,2/18/2021,Before Market
WST,2/18/2021,Before Market
FE,2/18/2021,Before Market
WM,2/18/2021,Before Market
NVMI,2/18/2021,Before Market
HRL,2/18/2021,Before Market
BRC,2/18/2021,Before Market
SCL,2/18/2021,Before Market
MMI,2/18/2021,After Market
COLD,2/18/2021,After Market
HL,2/18/2021,Before Market
BCS,2/18/2021,Before Market
BELFB,2/18/2021,Before Market
ROKU,2/18/2021,After Market
RBA,2/18/2021,After Market
FTDR,2/18/2021,After Market
VEON,2/18/2021,Before Market
PDFS,2/18/2021,After Market
ITGR,2/18/2021,Before Market
LKQ,2/18/2021,Before Market
GFI,2/18/2021,Before Market
AXTI,2/18/2021,After Market
TECK,2/18/2021,Before Market
ATR,2/18/2021,After Market
GLOB,2/18/2021,After Market
VTR,2/18/2021,Before Market
GTLS,2/18/2021,Before Market
MD,2/18/2021,Before Market
ADC,2/18/2021,After Market
MTRN,2/18/2021,Before Market
AMAT,2/18/2021,After Market
MAR,2/18/2021,Before Market
MSA,2/18/2021,After Market
LNT,2/18/2021,After Market
NEM,2/18/2021,Before Market
TRGP,2/18/2021,Before Market
CPRT,2/18/2021,After Market
NI,2/17/2021,Before Market
WIX,2/17/2021,Before Market
TSLX,2/17/2021,After Market
BIDU,2/17/2021,After Market
TWLO,2/17/2021,After Market
SKT,2/17/2021,After Market
OC,2/17/2021,Before Market
GMED,2/17/2021,After Market
GPC,2/17/2021,Before Market
SHOP,2/17/2021,Before Market
CRL,2/17/2021,Before Market
EIG,2/17/2021,After Market
GLDD,2/17/2021,Before Market
LOPE,2/17/2021,After Market
FLNG,2/17/2021,Before Market
PAAS,2/17/2021,After Market
WING,2/17/2021,Before Market
SM,2/17/2021,After Market
AR,2/17/2021,After Market
AM,2/17/2021,After Market
ALB,2/17/2021,After Market
CF,2/17/2021,After Market
KAI,2/17/2021,After Market
RIO,2/17/2021,Before Market
GRMN,2/17/2021,Before Market
CDE,2/17/2021,After Market
VMI,2/17/2021,After Market
SNPS,2/17/2021,After Market
SBLK,2/17/2021,After Market
UE,2/17/2021,After Market
FCPT,2/17/2021,After Market
ALSN,2/17/2021,After Market
BFAM,2/17/2021,After Market
SAM,2/17/2021,After Market
ADI,2/17/2021,Before Market
SAH,2/17/2021,Before Market
HSIC,2/17/2021,Before Market
H,2/17/2021,After Market
TXG,2/17/2021,After Market
QTWO,2/17/2021,After Market
ET,2/17/2021,After Market
WK,2/17/2021,After Market
VKTX,2/17/2021,After Market
TSEM,2/17/2021,Before Market
SUN,2/17/2021,After Market
DNOW,2/17/2021,Before Market
SUI,2/17/2021,After Market
CHH,2/17/2021,Before Market
PEGA,2/17/2021,After Market
OVV,2/17/2021,After Market
WCN,2/17/2021,After Market
NTR,2/17/2021,After Market
ARR,2/17/2021,After Market
SSRM,2/17/2021,Before Market
EQT,2/17/2021,Before Market
HLT,2/17/2021,Before Market
FUN,2/17/2021,Before Market
MOS,2/17/2021,After Market
HLF,2/17/2021,After Market
VCYT,2/17/2021,After Market
BTI,2/17/2021,Before Market
AXTA,2/17/2021,After Market
RPRX,2/17/2021,Before Market
IAG,2/17/2021,After Market
CAKE,2/17/2021,After Market
UCTT,2/17/2021,After Market
LASR,2/17/2021,After Market
INVH,2/16/2021,After Market
CELC,2/16/2021,After Market
ARQT,2/16/2021,After Market
MCY,2/16/2021,After Market
DAC,2/16/2021,Before Market
LPX,2/16/2021,Before Market
ANDE,2/16/2021,After Market
A,2/16/2021,After Market
ALLE,2/16/2021,Before Market
EXAS,2/16/2021,After Market
CRK,2/16/2021,After Market
DVN,2/16/2021,After Market
USFD,2/16/2021,Before Market
TRU,2/16/2021,Before Market
SEDG,2/16/2021,After Market
AIG,2/16/2021,After Market
BRKR,2/16/2021,Before Market
CAR,2/16/2021,After Market
CAI,2/16/2021,After Market
AN,2/16/2021,Before Market
NRIX,2/16/2021,After Market
TR,2/16/2021,After Market
RNG,2/16/2021,After Market
VMC,2/16/2021,Before Market
CRSP,2/16/2021,After Market
ES,2/16/2021,After Market
CVS,2/16/2021,Before Market
VNO,2/16/2021,After Market
IMVT,2/16/2021,Before Market
GEO,2/16/2021,Before Market
GILT,2/16/2021,Before Market
PLTR,2/16/2021,Before Market
IOSP,2/16/2021,After Market
DRD,2/16/2021,Before Market
LSCC,2/16/2021,After Market
NMIH,2/16/2021,After Market
HE,2/16/2021,Before Market
RBC,2/16/2021,Before Market
LZB,2/16/2021,After Market
IPGP,2/16/2021,Before Market
TNET,2/16/2021,After Market
AAP,2/16/2021,Before Market
BYD,2/16/2021,After Market
EXPD,2/16/2021,Before Market
ECL,2/16/2021,Before Market
ZTS,2/16/2021,Before Market
FELE,2/16/2021,Before Market
DIOD,2/16/2021,After Market
USAC,2/16/2021,Before Market
OTTR,2/15/2021,After Market
BHP,2/15/2021,Before Market
SCI,2/15/2021,After Market
MEDP,2/15/2021,After Market
OMAB,2/15/2021,After Market
LECO,2/12/2021,Before Market
MCO,2/12/2021,Before Market
BLX,2/12/2021,Before Market
WPC,2/12/2021,Before Market
CLSK,2/12/2021,Before Market
CAE,2/12/2021,Before Market
D,2/12/2021,Before Market
ENB,2/12/2021,Before Market
MSGE,2/12/2021,Before Market
ING,2/12/2021,Before Market
FTS,2/12/2021,Before Market
PRLB,2/12/2021,Before Market
SXT,2/12/2021,Before Market
AEM,2/11/2021,After Market
BIO,2/11/2021,After Market
ILMN,2/11/2021,After Market
QSR,2/11/2021,Before Market
DDOG,2/11/2021,After Market
ZBRA,2/11/2021,Before Market
MT,2/11/2021,Before Market
VECO,2/11/2021,After Market
DIS,2/11/2021,After Market
NSIT,2/11/2021,Before Market
TIGO,2/11/2021,Before Market
AFRM,2/11/2021,After Market
DUK,2/11/2021,Before Market
AZN,2/11/2021,Before Market
CCEP,2/11/2021,Before Market
DCO,2/11/2021,After Market
IRDM,2/11/2021,Before Market
ALKS,2/11/2021,Before Market
CARG,2/11/2021,After Market
AB,2/11/2021,Before Market
PATK,2/11/2021,Before Market
TAP,2/11/2021,Before Market
PBF,2/11/2021,Before Market
ALNY,2/11/2021,Before Market
DVA,2/11/2021,After Market
GDDY,2/11/2021,After Market
MHK,2/11/2021,After Market
SON,2/11/2021,Before Market
RELX,2/11/2021,Before Market
SAFE,2/11/2021,Before Market
CC,2/11/2021,After Market
TU,2/11/2021,Before Market
COHU,2/11/2021,Before Market
KRG,2/11/2021,After Market
BL,2/11/2021,After Market
RARE,2/11/2021,After Market
NNN,2/11/2021,Before Market
CX,2/11/2021,Before Market
VNT,2/11/2021,Before Market
SPSC,2/11/2021,After Market
TEX,2/11/2021,After Market
CUZ,2/11/2021,After Market
FAF,2/11/2021,Before Market
FRT,2/11/2021,After Market
HII,2/11/2021,Before Market
WSO,2/11/2021,Before Market
BAM,2/11/2021,Before Market
BRX,2/11/2021,After Market
CYBR,2/11/2021,Before Market
POOL,2/11/2021,Before Market
HUBS,2/11/2021,After Market
CGNX,2/11/2021,After Market
R,2/11/2021,Before Market
GNRC,2/11/2021,Before Market
NSP,2/11/2021,After Market
DLR,2/11/2021,After Market
THS,2/11/2021,Before Market
DXCM,2/11/2021,After Market
BWA,2/11/2021,Before Market
CIGI,2/11/2021,Before Market
YETI,2/11/2021,Before Market
KHC,2/11/2021,Before Market
VRSN,2/11/2021,After Market
EXPE,2/11/2021,After Market
TSN,2/11/2021,Before Market
FROG,2/11/2021,Before Market
KIM,2/11/2021,Before Market
REG,2/11/2021,After Market
NWE,2/11/2021,After Market
NET,2/11/2021,After Market
VIRT,2/11/2021,Before Market
MAC,2/11/2021,Before Market
LH,2/11/2021,Before Market
NVST,2/10/2021,After Market
RDWR,2/10/2021,Before Market
CME,2/10/2021,Before Market
TPB,2/10/2021,Before Market
PPC,2/10/2021,After Market
BXMT,2/10/2021,Before Market
COHR,2/10/2021,After Market
IFF,2/10/2021,After Market
ARCC,2/10/2021,Before Market
ASGN,2/10/2021,After Market
CPA,2/10/2021,After Market
CINF,2/10/2021,After Market
PI,2/10/2021,After Market
SONO,2/10/2021,After Market
EFX,2/10/2021,After Market
DBD,2/10/2021,Before Market
SLF,2/10/2021,After Market
PAG,2/10/2021,Before Market
MFC,2/10/2021,After Market
TMHC,2/10/2021,Before Market
XPO,2/10/2021,After Market
MGM,2/10/2021,After Market
ACLS,2/10/2021,After Market
EXEL,2/10/2021,After Market
AIN,2/10/2021,After Market
UBER,2/10/2021,After Market
TRMB,2/10/2021,After Market
BG,2/10/2021,Before Market
NLY,2/10/2021,After Market
BE,2/10/2021,After Market
EQIX,2/10/2021,After Market
ORLY,2/10/2021,After Market
RUSHA,2/10/2021,After Market
TRNO,2/10/2021,After Market
AKR,2/10/2021,After Market
PEP,2/10/2021,After Market
ARES,2/10/2021,After Market
CCJ,2/10/2021,Before Market
SSNC,2/10/2021,After Market
VCTR,2/10/2021,After Market
CDW,2/10/2021,Before Market
STAG,2/10/2021,After Market
EQNR,2/10/2021,Before Market
FR,2/10/2021,After Market
TM,2/10/2021,Before Market
STC,2/10/2021,After Market
WH,2/10/2021,After Market
QLYS,2/10/2021,After Market
CXW,2/10/2021,After Market
GM,2/10/2021,Before Market
WTS,2/10/2021,After Market
AEIS,2/10/2021,Before Market
TYL,2/10/2021,Before Market
Z,2/10/2021,After Market
MOH,2/10/2021,After Market
BDC,2/10/2021,Before Market
HR,2/10/2021,After Market
ZG,2/10/2021,After Market
PAYC,2/10/2021,After Market
ENS,2/10/2021,After Market
CIM,2/10/2021,Before Market
EQR,2/10/2021,After Market
NGVT,2/10/2021,After Market
NTB,2/10/2021,After Market
TRUP,2/10/2021,After Market
CTRE,2/10/2021,After Market
KGC,2/10/2021,After Market
IQV,2/10/2021,Before Market
BLBD,2/10/2021,After Market
REXR,2/10/2021,After Market
HCSG,2/10/2021,Before Market
KO,2/10/2021,Before Market
TEVA,2/10/2021,Before Market
IRT,2/10/2021,After Market
CHEF,2/10/2021,Before Market
MC,2/10/2021,After Market
BHF,2/10/2021,After Market
TDG,2/9/2021,Before Market
CAMT,2/9/2021,Before Market
INCY,2/9/2021,Before Market
ACGL,2/9/2021,After Market
OI,2/9/2021,After Market
FIS,2/9/2021,Before Market
CNO,2/9/2021,After Market
CNC,2/9/2021,Before Market
BKH,2/9/2021,After Market
WELL,2/9/2021,After Market
UDR,2/9/2021,After Market
PAA,2/9/2021,After Market
EGP,2/9/2021,After Market
PRI,2/9/2021,After Market
ENPH,2/9/2021,After Market
AIZ,2/9/2021,After Market
FMC,2/9/2021,After Market
JLL,2/9/2021,Before Market
FISV,2/9/2021,After Market
HP,2/9/2021,After Market
J,2/9/2021,Before Market
FOXA,2/9/2021,Before Market
CTS,2/9/2021,Before Market
EXTR,2/9/2021,After Market
YELP,2/9/2021,After Market
CSCO,2/9/2021,After Market
ARMK,2/9/2021,Before Market
LYFT,2/9/2021,After Market
DD,2/9/2021,Before Market
TIMB,2/9/2021,After Market
CARR,2/9/2021,Before Market
CCK,2/9/2021,After Market
FOX,2/9/2021,Before Market
TWO,2/9/2021,After Market
AMX,2/9/2021,Before Market
CVE,2/9/2021,Before Market
G,2/9/2021,After Market
HIW,2/9/2021,After Market
BAP,2/9/2021,After Market
MLM,2/9/2021,Before Market
THC,2/9/2021,After Market
WCC,2/9/2021,Before Market
FSV,2/9/2021,Before Market
QGEN,2/9/2021,After Market
RRR,2/9/2021,After Market
SEE,2/9/2021,Before Market
PAGP,2/9/2021,After Market
IT,2/9/2021,Before Market
LCII,2/9/2021,Before Market
AKAM,2/9/2021,After Market
SPGI,2/9/2021,Before Market
AAT,2/9/2021,After Market
VSH,2/9/2021,Before Market
NVT,2/9/2021,Before Market
REYN,2/9/2021,After Market
EEFT,2/9/2021,After Market
KT,2/9/2021,Before Market
VOYA,2/9/2021,After Market
HMC,2/9/2021,Before Market
AVNT,2/9/2021,Before Market
MAT,2/9/2021,After Market
ATEN,2/9/2021,After Market
MAS,2/9/2021,Before Market
STEP,2/9/2021,After Market
CNA,2/8/2021,Before Market
KKR,2/8/2021,After Market
RGA,2/8/2021,After Market
HAS,2/8/2021,Before Market
OMF,2/8/2021,After Market
ENR,2/8/2021,Before Market
GPN,2/8/2021,Before Market
JHX,2/8/2021,After Market
SPG,2/8/2021,After Market
RAMP,2/8/2021,After Market
GBDC,2/8/2021,After Market
LEG,2/8/2021,After Market
AMG,2/8/2021,Before Market
UVV,2/8/2021,After Market
ACM,2/8/2021,After Market
SSD,2/8/2021,After Market
SAIA,2/8/2021,Before Market
DHT,2/8/2021,After Market
GTES,2/8/2021,Before Market
ESE,2/8/2021,After Market
TTWO,2/8/2021,After Market
VRNS,2/8/2021,After Market
BLKB,2/8/2021,After Market
L,2/8/2021,Before Market
JKHY,2/8/2021,After Market
SNEX,2/8/2021,After Market
AMKR,2/8/2021,After Market
NSSC,2/8/2021,Before Market
ITW,2/5/2021,Before Market
LAZ,2/5/2021,Before Market
SNY,2/5/2021,Before Market
GRC,2/5/2021,Before Market
TT,2/5/2021,Before Market
CAH,2/5/2021,Before Market
AON,2/5/2021,Before Market
LIN,2/5/2021,Before Market
BBU,2/5/2021,Before Market
EL,2/5/2021,Before Market
IESC,2/5/2021,Before Market
ROAD,2/5/2021,Before Market
ADNT,2/5/2021,Before Market
REGN,2/5/2021,Before Market
ZBH,2/5/2021,Before Market
SPB,2/5/2021,Before Market
CBOE,2/5/2021,Before Market
MTX,2/4/2021,After Market
PINS,2/4/2021,After Market
JHG,2/4/2021,Before Market
PFSI,2/4/2021,After Market
CMS,2/4/2021,Before Market
CMI,2/4/2021,Before Market
ARWR,2/4/2021,After Market
MTD,2/4/2021,After Market
ICE,2/4/2021,Before Market
PENN,2/4/2021,Before Market
BV,2/4/2021,Before Market
SPH,2/4/2021,Before Market
NYT,2/4/2021,Before Market
SKYW,2/4/2021,After Market
PCTY,2/4/2021,After Market
SBH,2/4/2021,Before Market
ODFL,2/4/2021,Before Market
PM,2/4/2021,Before Market
PIPR,2/4/2021,Before Market
TWST,2/4/2021,After Market
COR,2/4/2021,Before Market
SNA,2/4/2021,Before Market
GPI,2/4/2021,Before Market
YUM,2/4/2021,Before Market
PRU,2/4/2021,After Market
MUFG,2/4/2021,Before Market
NWS,2/4/2021,After Market
MPWR,2/4/2021,After Market
CPT,2/4/2021,After Market
HSY,2/4/2021,Before Market
CLX,2/4/2021,Before Market
DECK,2/4/2021,After Market
BMY,2/4/2021,Before Market
PH,2/4/2021,Before Market
SYNA,2/4/2021,After Market
NBIX,2/4/2021,After Market
CSL,2/4/2021,After Market
TPR,2/4/2021,Before Market
MMS,2/4/2021,Before Market
APD,2/4/2021,Before Market
CI,2/4/2021,Before Market
BSAC,2/4/2021,Before Market
TW,2/4/2021,Before Market
GOOS,2/4/2021,Before Market
LEA,2/4/2021,Before Market
FTNT,2/4/2021,After Market
BRBR,2/4/2021,After Market
AME,2/4/2021,Before Market
BDX,2/4/2021,Before Market
RL,2/4/2021,Before Market
DB,2/4/2021,Before Market
PBH,2/4/2021,Before Market
CCS,2/4/2021,After Market
TAK,2/4/2021,Before Market
DGX,2/4/2021,Before Market
WMS,2/4/2021,Before Market
TDC,2/4/2021,After Market
WD,2/4/2021,Before Market
OTEX,2/4/2021,After Market
LBRT,2/4/2021,After Market
WERN,2/4/2021,After Market
WYNN,2/4/2021,After Market
NOV,2/4/2021,After Market
DX,2/4/2021,Before Market
MCHP,2/4/2021,After Market
F,2/4/2021,After Market
BAX,2/4/2021,Before Market
HIG,2/4/2021,After Market
GILD,2/4/2021,After Market
POST,2/4/2021,After Market
DXC,2/4/2021,After Market
BCE,2/4/2021,Before Market
BTU,2/4/2021,Before Market
BILL,2/4/2021,After Market
IMKTA,2/4/2021,Before Market
UL,2/4/2021,Before Market
U,2/4/2021,After Market
HUBG,2/4/2021,After Market
COLM,2/4/2021,After Market
ENVA,2/4/2021,After Market
DLX,2/4/2021,After Market
BEPC,2/4/2021,Before Market
NFG,2/4/2021,After Market
ONTO,2/4/2021,After Market
FTV,2/4/2021,After Market
IRMD,2/4/2021,Before Market
XYL,2/4/2021,Before Market
ARW,2/4/2021,Before Market
IP,2/4/2021,Before Market
UNM,2/4/2021,After Market
WEC,2/4/2021,Before Market
NJR,2/4/2021,Before Market
CHT,2/4/2021,Before Market
OHI,2/4/2021,After Market
VSAT,2/4/2021,Before Market
KB,2/4/2021,Before Market
ASX,2/4/2021,Before Market
TKR,2/4/2021,Before Market
UTI,2/4/2021,After Market
OCSL,2/4/2021,Before Market
BEP,2/4/2021,Before Market
PMT,2/4/2021,After Market
EXPO,2/4/2021,After Market
MRK,2/4/2021,Before Market
MOD,2/4/2021,After Market
SXI,2/4/2021,After Market
SR,2/4/2021,Before Market
ESS,2/4/2021,After Market
KN,2/4/2021,After Market
THR,2/4/2021,Before Market
NWSA,2/4/2021,After Market
MSI,2/4/2021,After Market
BHE,2/4/2021,After Market
AGCO,2/4/2021,Before Market
LPLA,2/4/2021,After Market
TMUS,2/4/2021,After Market
INVA,2/3/2021,After Market
BIP,2/3/2021,Before Market
AVY,2/3/2021,Before Market
UGI,2/3/2021,After Market
AFL,2/3/2021,After Market
CTVA,2/3/2021,After Market
SKM,2/3/2021,Before Market
AFG,2/3/2021,After Market
ABBV,2/3/2021,Before Market
EVR,2/3/2021,Before Market
LAD,2/3/2021,Before Market
IEX,2/3/2021,After Market
MDU,2/3/2021,After Market
EZPW,2/3/2021,After Market
SNDR,2/3/2021,Before Market
RYN,2/3/2021,After Market
QRVO,2/3/2021,After Market
LGND,2/3/2021,Before Market
MET,2/3/2021,After Market
SITM,2/3/2021,After Market
HUM,2/3/2021,Before Market
DCOM,2/3/2021,After Market
HI,2/3/2021,After Market
MXL,2/3/2021,After Market
BIIB,2/3/2021,Before Market
SU,2/3/2021,After Market
CHKP,2/3/2021,Before Market
INGR,2/3/2021,Before Market
SPOT,2/3/2021,Before Market
AVTR,2/3/2021,After Market
ASH,2/3/2021,After Market
CG,2/3/2021,After Market
GSK,2/3/2021,Before Market
HWM,2/3/2021,Before Market
CSGS,2/3/2021,After Market
SLAB,2/3/2021,Before Market
PYPL,2/3/2021,After Market
CENTA,2/3/2021,After Market
EBAY,2/3/2021,After Market
ALL,2/3/2021,After Market
SAN,2/3/2021,Before Market
BSX,2/3/2021,Before Market
AMSC,2/3/2021,After Market
PFGC,2/3/2021,Before Market
ENSG,2/3/2021,After Market
YUMC,2/3/2021,After Market
APO,2/3/2021,Before Market
THG,2/3/2021,After Market
BIPC,2/3/2021,Before Market
MSGS,2/3/2021,Before Market
GWW,2/3/2021,Before Market
ELF,2/3/2021,After Market
APTV,2/3/2021,Before Market
DGII,2/3/2021,After Market
MUSA,2/3/2021,After Market
VVV,2/3/2021,After Market
KLIC,2/3/2021,After Market
EPD,2/3/2021,Before Market
DT,2/3/2021,Before Market
SMG,2/3/2021,Before Market
MWA,2/3/2021,After Market
FORM,2/3/2021,After Market
LFUS,2/3/2021,Before Market
KLAC,2/3/2021,After Market
QCOM,2/3/2021,After Market
UHAL,2/3/2021,After Market
CENT,2/3/2021,After Market
RGLD,2/3/2021,After Market
TTMI,2/3/2021,After Market
PAHC,2/3/2021,After Market
SIMO,2/3/2021,After Market
MAA,2/3/2021,After Market
PLUS,2/3/2021,After Market
LNC,2/3/2021,After Market
NVO,2/3/2021,Before Market
CPRI,2/3/2021,Before Market
IAC,2/3/2021,After Market
ALGT,2/3/2021,After Market
AVB,2/3/2021,After Market
ALGN,2/3/2021,After Market
NEU,2/3/2021,After Market
CTSH,2/3/2021,After Market
ALGM,2/2/2021,After Market
SYY,2/2/2021,Before Market
CMG,2/2/2021,After Market
TECH,2/2/2021,Before Market
ATHM,2/2/2021,Before Market
MTCH,2/2/2021,After Market
BABA,2/2/2021,Before Market
VIAV,2/2/2021,After Market
EMR,2/2/2021,Before Market
SIRI,2/2/2021,Before Market
ARCB,2/2/2021,Before Market
LITE,2/2/2021,Before Market
COP,2/2/2021,Before Market
MANH,2/2/2021,After Market
ATGE,2/2/2021,After Market
XOM,2/2/2021,Before Market
POWI,2/2/2021,After Market
GPK,2/2/2021,Before Market
HCA,2/2/2021,Before Market
LPG,2/2/2021,Before Market
MCK,2/2/2021,Before Market
MHO,2/2/2021,Before Market
ST,2/2/2021,Before Market
GOOG,2/2/2021,After Market
VTOL,2/2/2021,After Market
HAE,2/2/2021,Before Market
BEN,2/2/2021,Before Market
CB,2/2/2021,After Market
BP,2/2/2021,Before Market
TENB,2/2/2021,After Market
SANM,2/2/2021,After Market
APAM,2/2/2021,After Market
ENTG,2/2/2021,Before Market
MKL,2/2/2021,After Market
SMCI,2/2/2021,After Market
PFE,2/2/2021,Before Market
AMCR,2/2/2021,After Market
IMO,2/2/2021,Before Market
BR,2/2/2021,Before Market
MPLX,2/2/2021,Before Market
RACE,2/2/2021,Before Market
DOX,2/2/2021,After Market
WAT,2/2/2021,Before Market
ATO,2/2/2021,After Market
MLI,2/2/2021,Before Market
CRVL,2/2/2021,Before Market
HLNE,2/2/2021,Before Market
GL,2/2/2021,After Market
LII,2/2/2021,Before Market
HUBB,2/2/2021,Before Market
AMGN,2/2/2021,After Market
SMFG,2/2/2021,Before Market
EA,2/2/2021,After Market
IDXX,2/2/2021,Before Market
MRCY,2/2/2021,After Market
MPC,2/2/2021,Before Market
STE,2/2/2021,After Market
PJT,2/2/2021,Before Market
ABG,2/2/2021,Before Market
POWL,2/2/2021,After Market
HMN,2/2/2021,After Market
ATKR,2/2/2021,Before Market
AMZN,2/2/2021,After Market
HOG,2/2/2021,Before Market
ICHR,2/2/2021,After Market
UPS,2/2/2021,Before Market
GOOGL,2/2/2021,After Market
MAN,2/2/2021,Before Market
ETN,2/2/2021,Before Market
ON,2/1/2021,Before Market
CBT,2/1/2021,After Market
SKY,2/1/2021,After Market
KMT,2/1/2021,After Market
PCH,2/1/2021,After Market
KMPR,2/1/2021,After Market
CMRE,2/1/2021,After Market
WWD,2/1/2021,After Market
KRC,2/1/2021,After Market
NXPI,2/1/2021,After Market
OTIS,2/1/2021,Before Market
CSWC,2/1/2021,After Market
CACC,2/1/2021,After Market
RMBS,2/1/2021,After Market
CRUS,2/1/2021,After Market
ARE,2/1/2021,After Market
RYAAY,2/1/2021,Before Market
ARLP,2/1/2021,Before Market
FN,2/1/2021,After Market
OMCL,2/1/2021,After Market
WMG,2/1/2021,After Market
VRTX,2/1/2021,After Market
TMO,2/1/2021,Before Market
IBN,1/30/2021,Before Market
RDY,1/29/2021,Before Market
RBCAA,1/29/2021,Before Market
PSX,1/29/2021,Before Market
BMI,1/29/2021,Before Market
CAT,1/29/2021,Before Market
SF,1/29/2021,Before Market
CL,1/29/2021,Before Market
JCI,1/29/2021,Before Market
CVX,1/29/2021,Before Market
LYB,1/29/2021,Before Market
SAP,1/29/2021,Before Market
PFS,1/29/2021,Before Market
LHX,1/29/2021,Before Market
WY,1/29/2021,Before Market
ROP,1/29/2021,Before Market
USLM,1/29/2021,After Market
BBVA,1/29/2021,Before Market
CHD,1/29/2021,Before Market
FBP,1/29/2021,Before Market
GNTX,1/29/2021,Before Market
MOG/A,1/29/2021,Before Market
CHTR,1/29/2021,Before Market
BAH,1/29/2021,Before Market
LLY,1/29/2021,Before Market
SYF,1/29/2021,Before Market
TMP,1/29/2021,Before Market
HON,1/29/2021,Before Market
MCD,1/28/2021,Before Market
CNOB,1/28/2021,Before Market
OSIS,1/28/2021,Before Market
FHI,1/28/2021,After Market
MO,1/28/2021,Before Market
FFBC,1/28/2021,After Market
ABCB,1/28/2021,After Market
MUR,1/28/2021,Before Market
OLN,1/28/2021,After Market
FICO,1/28/2021,After Market
UBSI,1/28/2021,Before Market
FCFS,1/28/2021,Before Market
CNX,1/28/2021,Before Market
SWKS,1/28/2021,After Market
FLEX,1/28/2021,Before Market
BPOP,1/28/2021,Before Market
RHI,1/28/2021,After Market
TFSL,1/28/2021,After Market
MMYT,1/28/2021,Before Market
HTH,1/28/2021,After Market
CMCSA,1/28/2021,Before Market
DLB,1/28/2021,After Market
FIBK,1/28/2021,After Market
AMAL,1/28/2021,Before Market
EXP,1/28/2021,Before Market
V,1/28/2021,After Market
BC,1/28/2021,Before Market
LUV,1/28/2021,Before Market
MSCI,1/28/2021,Before Market
MSTR,1/28/2021,After Market
GFF,1/28/2021,Before Market
AJG,1/28/2021,After Market
CRS,1/28/2021,Before Market
FFIN,1/28/2021,After Market
CE,1/28/2021,After Market
AIT,1/28/2021,Before Market
BY,1/28/2021,After Market
OCFC,1/28/2021,After Market
NOC,1/28/2021,Before Market
EWBC,1/28/2021,Before Market
TROW,1/28/2021,Before Market
MDLZ,1/28/2021,After Market
VLO,1/28/2021,Before Market
ORI,1/28/2021,Before Market
XEL,1/28/2021,Before Market
EMN,1/28/2021,After Market
TBBK,1/28/2021,After Market
SIGI,1/28/2021,After Market
TSCO,1/28/2021,Before Market
DHR,1/28/2021,Before Market
RMD,1/28/2021,After Market
PFG,1/28/2021,After Market
MKC,1/28/2021,Before Market
MTSI,1/28/2021,Before Market
STM,1/28/2021,Before Market
STBA,1/28/2021,Before Market
AX,1/28/2021,After Market
TOWN,1/28/2021,Before Market
KEX,1/28/2021,Before Market
CFR,1/28/2021,Before Market
PHM,1/28/2021,Before Market
SIFY,1/28/2021,Before Market
AOS,1/28/2021,Before Market
GBCI,1/28/2021,After Market
CVCO,1/28/2021,After Market
COLB,1/28/2021,Before Market
MBIN,1/28/2021,After Market
NTCT,1/28/2021,Before Market
SWK,1/28/2021,Before Market
FRME,1/28/2021,Before Market
RCI,1/28/2021,Before Market
NUE,1/28/2021,Before Market
PKX,1/28/2021,Before Market
AAL,1/28/2021,Before Market
TEAM,1/28/2021,After Market
DOW,1/28/2021,Before Market
DOV,1/28/2021,Before Market
EBC,1/28/2021,After Market
ATI,1/28/2021,Before Market
DEO,1/28/2021,Before Market
HWKN,1/28/2021,After Market
GATX,1/28/2021,Before Market
PNR,1/28/2021,Before Market
MA,1/28/2021,Before Market
SBCF,1/28/2021,After Market
WDC,1/28/2021,After Market
HLI,1/28/2021,After Market
SHW,1/28/2021,Before Market
TTEK,1/27/2021,After Market
TSLA,1/27/2021,After Market
GLW,1/27/2021,Before Market
MKSI,1/27/2021,After Market
LEVI,1/27/2021,After Market
MTH,1/27/2021,After Market
URI,1/27/2021,After Market
CASH,1/27/2021,After Market
CALX,1/27/2021,After Market
EAT,1/27/2021,Before Market
LRCX,1/27/2021,After Market
CNS,1/27/2021,After Market
SLM,1/27/2021,After Market
PB,1/27/2021,Before Market
CVLT,1/27/2021,Before Market
SLG,1/27/2021,After Market
AXS,1/27/2021,After Market
TEL,1/27/2021,Before Market
MKTX,1/27/2021,Before Market
AVT,1/27/2021,After Market
OSK,1/27/2021,Before Market
ADP,1/27/2021,Before Market
KNX,1/27/2021,Before Market
NDAQ,1/27/2021,Before Market
TCBK,1/27/2021,Before Market
VFC,1/27/2021,Before Market
MEOH,1/27/2021,After Market
BA,1/27/2021,Before Market
QCRH,1/27/2021,After Market
GIB,1/27/2021,Before Market
CCB,1/27/2021,Before Market
HOLX,1/27/2021,After Market
LVS,1/27/2021,After Market
BX,1/27/2021,Before Market
CVBF,1/27/2021,After Market
RLI,1/27/2021,After Market
SYBT,1/27/2021,Before Market
OSBC,1/27/2021,After Market
TDY,1/27/2021,Before Market
CCI,1/27/2021,After Market
CP,1/27/2021,After Market
ROL,1/27/2021,Before Market
NOW,1/27/2021,After Market
TER,1/27/2021,After Market
SSB,1/27/2021,After Market
AMP,1/27/2021,After Market
SEIC,1/27/2021,After Market
TXT,1/27/2021,Before Market
PGR,1/27/2021,Before Market
CMPR,1/27/2021,After Market
CATY,1/27/2021,After Market
HESM,1/27/2021,Before Market
EW,1/27/2021,After Market
CACI,1/27/2021,After Market
APH,1/27/2021,Before Market
FBNC,1/27/2021,After Market
T,1/27/2021,Before Market
GD,1/27/2021,Before Market
AAPL,1/27/2021,After Market
CUBI,1/27/2021,After Market
NSC,1/27/2021,Before Market
LSTR,1/27/2021,After Market
PKG,1/27/2021,After Market
CLBK,1/27/2021,After Market
CNMD,1/27/2021,After Market
SYK,1/27/2021,After Market
ABT,1/27/2021,Before Market
RJF,1/27/2021,After Market
WHR,1/27/2021,After Market
LOB,1/27/2021,After Market
PTC,1/27/2021,After Market
NBTB,1/27/2021,After Market
UBS,1/26/2021,Before Market
BUSE,1/26/2021,After Market
CNI,1/26/2021,After Market
ROK,1/26/2021,Before Market
FFIV,1/26/2021,After Market
IVZ,1/26/2021,Before Market
COF,1/26/2021,After Market
AXP,1/26/2021,Before Market
EHC,1/26/2021,After Market
DHI,1/26/2021,Before Market
WSBC,1/26/2021,After Market
LRN,1/26/2021,After Market
AGYS,1/26/2021,After Market
TRMK,1/26/2021,After Market
NAVI,1/26/2021,After Market
MRTN,1/26/2021,After Market
JNJ,1/26/2021,Before Market
RNST,1/26/2021,After Market
AMD,1/26/2021,After Market
ALV,1/26/2021,Before Market
PEBO,1/26/2021,Before Market
UMBF,1/26/2021,After Market
ALK,1/26/2021,Before Market
VZ,1/26/2021,Before Market
WRB,1/26/2021,After Market
RNR,1/26/2021,After Market
TXN,1/26/2021,After Market
SFNC,1/26/2021,Before Market
SBUX,1/26/2021,After Market
CHRW,1/26/2021,After Market
GE,1/26/2021,Before Market
MSFT,1/26/2021,After Market
MMM,1/26/2021,Before Market
FCF,1/26/2021,After Market
PII,1/26/2021,Before Market
FCX,1/26/2021,Before Market
PCAR,1/26/2021,Before Market
SLGN,1/26/2021,After Market
RTX,1/26/2021,Before Market
PLD,1/26/2021,Before Market
NEE,1/26/2021,Before Market
AUB,1/26/2021,Before Market
NVS,1/26/2021,Before Market
FCNCA,1/26/2021,After Market
BXP,1/26/2021,After Market
LMT,1/26/2021,Before Market
ADM,1/26/2021,Before Market
CLS,1/26/2021,After Market
KMB,1/25/2021,Before Market
JJSF,1/25/2021,After Market
STLD,1/25/2021,After Market
PRK,1/25/2021,After Market
PFBC,1/25/2021,After Market
BOH,1/25/2021,Before Market
CBU,1/25/2021,Before Market
BOOT,1/25/2021,After Market
EFSC,1/25/2021,After Market
HXL,1/25/2021,After Market
CR,1/25/2021,After Market
BRO,1/25/2021,After Market
WSFS,1/25/2021,After Market
ELS,1/25/2021,After Market
CADE,1/25/2021,Before Market
FBK,1/25/2021,After Market
PHG,1/25/2021,Before Market
GGG,1/25/2021,After Market
SCCO,1/25/2021,After Market
NWBI,1/25/2021,Before Market
GABC,1/25/2021,After Market
CHCO,1/25/2021,Before Market
FUL,1/25/2021,After Market
OFG,1/25/2021,Before Market
LKFN,1/25/2021,Before Market
SFBS,1/25/2021,After Market
FHN,1/22/2021,Before Market
FHB,1/22/2021,Before Market
ALLY,1/22/2021,Before Market
HBAN,1/22/2021,Before Market
EDU,1/22/2021,Before Market
SLB,1/22/2021,Before Market
RF,1/22/2021,Before Market
FOR,1/21/2021,After Market
INDB,1/21/2021,After Market
MTB,1/21/2021,Before Market
PPG,1/21/2021,After Market
INTC,1/21/2021,After Market
SRCE,1/21/2021,After Market
BKR,1/21/2021,Before Market
BKU,1/21/2021,Before Market
NBHC,1/21/2021,After Market
FITB,1/21/2021,Before Market
TCBI,1/21/2021,After Market
TRV,1/21/2021,Before Market
CSX,1/21/2021,After Market
TFC,1/21/2021,Before Market
WABC,1/21/2021,Before Market
BANR,1/21/2021,After Market
BANC,1/21/2021,Before Market
BANF,1/21/2021,After Market
NTRS,1/21/2021,Before Market
WAL,1/21/2021,After Market
KEY,1/21/2021,Before Market
WBS,1/21/2021,Before Market
ISRG,1/21/2021,After Market
UNP,1/21/2021,Before Market
STX,1/21/2021,After Market
ASB,1/21/2021,After Market
HOMB,1/21/2021,Before Market
OZK,1/21/2021,After Market
IBM,1/21/2021,After Market
UAL,1/20/2021,After Market
USB,1/20/2021,Before Market
MS,1/20/2021,Before Market
KMI,1/20/2021,After Market
BOKF,1/20/2021,Before Market
CBSH,1/20/2021,Before Market
WTFC,1/20/2021,After Market
AA,1/20/2021,After Market
PG,1/20/2021,Before Market
FAST,1/20/2021,Before Market
BK,1/20/2021,Before Market
HWC,1/20/2021,After Market
ASML,1/20/2021,Before Market
CFG,1/20/2021,Before Market
PLXS,1/20/2021,After Market
UNH,1/20/2021,Before Market
CTBI,1/20/2021,Before Market
SCHW,1/19/2021,Before Market
FULT,1/19/2021,After Market
CMA,1/19/2021,Before Market
HAL,1/19/2021,Before Market
ZION,1/19/2021,After Market
ONB,1/19/2021,Before Market
FNB,1/19/2021,After Market
PNFP,1/19/2021,After Market
IBKR,1/19/2021,After Market
STT,1/19/2021,Before Market
NFLX,1/19/2021,After Market
BAC,1/19/2021,Before Market
GS,1/19/2021,Before Market
JBHT,1/19/2021,After Market
LOGI,1/18/2021,After Market
HDB,1/16/2021,Before Market
JPM,1/15/2021,Before Market
C,1/15/2021,Before Market
WFC,1/15/2021,Before Market
PNC,1/15/2021,Before Market
DAL,1/14/2021,Before Market
BLK,1/14/2021,Before Market
TSM,1/14/2021,Before Market
WAFD,1/14/2021,After Market
PRGS,1/14/2021,After Market
INFY,1/13/2021,Before Market
ACI,1/12/2021,Before Market
KBH,1/12/2021,After Market
SNX,1/11/2021,After Market
AZZ,1/11/2021,Before Market
CNXC,1/11/2021,After Market
CMC,1/11/2021,Before Market
LW,1/7/2021,Before Market
PSMT,1/7/2021,After Market
CAG,1/7/2021,Before Market
LNN,1/7/2021,Before Market
WDFC,1/7/2021,After Market
AYI,1/7/2021,Before Market
STZ,1/7/2021,Before Market
GBX,1/6/2021,Before Market
UNF,1/6/2021,Before Market
SMPL,1/6/2021,Before Market
RPM,1/6/2021,Before Market
JEF,1/4/2021,After Market
PAYX,12/23/2020,Before Market
CTAS,12/22/2020,Before Market
KMX,12/22/2020,Before Market
HEI,12/21/2020,After Market
FDS,12/21/2020,Before Market
EPAC,12/21/2020,Before Market
HEI/A,12/21/2020,After Market
DRI,12/18/2020,Before Market
NKE,12/18/2020,After Market
MNSO,12/18/2020,Before Market
WGO,12/18/2020,Before Market
GIS,12/17/2020,Before Market
JBL,12/17/2020,Before Market
AIR,12/17/2020,After Market
ACN,12/17/2020,Before Market
WOR,12/17/2020,Before Market
FDX,12/17/2020,After Market
BLBD,12/16/2020,After Market
TTC,12/16/2020,Before Market
LEN,12/16/2020,After Market
ABM,12/16/2020,After Market
NDSN,12/15/2020,After Market
UEC,12/15/2020,After Market
EZPW,12/14/2020,After Market
ROAD,12/11/2020,Before Market
ASO,12/10/2020,Before Market
FLR,12/10/2020,Before Market
ADBE,12/10/2020,Before Market
AVGO,12/10/2020,After Market
CIEN,12/10/2020,Before Market
COST,12/10/2020,After Market
MTN,12/10/2020,After Market
FIZZ,12/10/2020,After Market
ORCL,12/10/2020,After Market
LULU,12/10/2020,After Market
UNFI,12/9/2020,Before Market
SNEX,12/9/2020,After Market
AGX,12/9/2020,After Market
RH,12/9/2020,After Market
GEF,12/9/2020,After Market
NCNO,12/9/2020,After Market
PLAB,12/9/2020,Before Market
CPB,12/9/2020,Before Market
CHWY,12/8/2020,After Market
GWRE,12/8/2020,After Market
POWL,12/8/2020,After Market
GME,12/8/2020,After Market
MDB,12/8/2020,After Market
THO,12/8/2020,Before Market
AVAV,12/8/2020,After Market
HRB,12/8/2020,Before Market
GIII,12/8/2020,Before Market
BF/A,12/8/2020,Before Market
BF/B,12/8/2020,Before Market
AZO,12/8/2020,Before Market
IMKTA,12/8/2020,Before Market
IESC,12/7/2020,Before Market
TOL,12/7/2020,After Market
HQY,12/7/2020,After Market
JKS,12/7/2020,Before Market
CASY,12/7/2020,After Market
HTHT,12/4/2020,Before Market
KR,12/3/2020,Before Market
SIG,12/3/2020,Before Market
COO,12/3/2020,After Market
REX,12/3/2020,Before Market
CM,12/3/2020,Before Market
TD,12/3/2020,Before Market
AFYA,12/3/2020,After Market
DG,12/3/2020,Before Market
IDT,12/3/2020,After Market
SAIC,12/3/2020,After Market
EH,12/3/2020,Before Market
OLLI,12/3/2020,After Market
DCI,12/3/2020,Before Market
MRVL,12/3/2020,After Market
DOCU,12/3/2020,After Market
ULTA,12/3/2020,After Market
RY,12/2/2020,Before Market
DSGX,12/2/2020,After Market
ZS,12/2/2020,After Market
SMTC,12/2/2020,After Market
ESTC,12/2/2020,After Market
PVH,12/2/2020,After Market
OKTA,12/2/2020,After Market
FIVE,12/2/2020,After Market
DAKT,12/2/2020,Before Market
KEN,12/2/2020,Before Market
CRWD,12/2/2020,After Market
SNPS,12/2/2020,After Market
SNOW,12/2/2020,After Market
ROOT,12/1/2020,After Market
TCOM,12/1/2020,After Market
BMO,12/1/2020,Before Market
BNS,12/1/2020,Before Market
VEEV,12/1/2020,After Market
CRM,12/1/2020,After Market
BOX,12/1/2020,After Market
NTAP,12/1/2020,After Market
HPE,12/1/2020,After Market
GLNG,11/30/2020,Before Market
ATHM,11/30/2020,Before Market
ADNT,11/30/2020,Before Market
NJR,11/30/2020,Before Market
BMA,11/30/2020,After Market
GBDC,11/30/2020,After Market
ZM,11/30/2020,After Market
DE,11/25/2020,Before Market
FRO,11/25/2020,Before Market
HPQ,11/24/2020,After Market
HRL,11/24/2020,Before Market
PSTG,11/24/2020,After Market
SJM,11/24/2020,Before Market
BURL,11/24/2020,Before Market
AEO,11/24/2020,After Market
ESLT,11/24/2020,Before Market
MDT,11/24/2020,Before Market
GGAL,11/24/2020,Before Market
J,11/24/2020,Before Market
ADSK,11/24/2020,After Market
ANF,11/24/2020,Before Market
DLTR,11/24/2020,Before Market
DY,11/24/2020,Before Market
DELL,11/24/2020,After Market
DKS,11/24/2020,Before Market
BBY,11/24/2020,Before Market
BBAR,11/24/2020,After Market
ADI,11/24/2020,Before Market
CENT,11/23/2020,After Market
WMG,11/23/2020,Before Market
CBT,11/23/2020,After Market
ARWR,11/23/2020,After Market
TWST,11/23/2020,Before Market
URBN,11/23/2020,After Market
AMBA,11/23/2020,After Market
A,11/23/2020,After Market
DQ,11/23/2020,Before Market
CENTA,11/23/2020,After Market
NTNX,11/23/2020,After Market
KFY,11/23/2020,Before Market
BKE,11/20/2020,Before Market
WDAY,11/19/2020,After Market
ALGM,11/19/2020,Before Market
ATKR,11/19/2020,Before Market
OPRA,11/19/2020,Before Market
OCSL,11/19/2020,Before Market
MESO,11/19/2020,After Market
BRC,11/19/2020,Before Market
DAO,11/19/2020,Before Market
QFIN,11/19/2020,After Market
ROST,11/19/2020,After Market
BJ,11/19/2020,Before Market
FUTU,11/19/2020,Before Market
MMS,11/19/2020,Before Market
INTU,11/19/2020,After Market
HP,11/19/2020,After Market
WWD,11/19/2020,After Market
WSM,11/19/2020,After Market
ESE,11/19/2020,After Market
BRBR,11/19/2020,After Market
M,11/19/2020,Before Market
CSIQ,11/19/2020,Before Market
POST,11/19/2020,After Market
NTES,11/19/2020,Before Market
KLIC,11/18/2020,After Market
TJX,11/18/2020,Before Market
ZTO,11/18/2020,After Market
UTI,11/18/2020,After Market
LB,11/18/2020,After Market
LOW,11/18/2020,Before Market
SR,11/18/2020,Before Market
CPA,11/18/2020,After Market
BV,11/18/2020,Before Market
UGI,11/18/2020,After Market
CPRT,11/18/2020,After Market
NVDA,11/18/2020,After Market
SONO,11/18/2020,After Market
CAAP,11/18/2020,After Market
SQM,11/18/2020,After Market
BILI,11/18/2020,After Market
KEYS,11/18/2020,After Market
TGT,11/18/2020,Before Market
IMNM,11/17/2020,After Market
WMT,11/17/2020,Before Market
SE,11/17/2020,Before Market
FLNG,11/17/2020,Before Market
KSS,11/17/2020,Before Market
ARMK,11/17/2020,Before Market
LZB,11/17/2020,After Market
HD,11/17/2020,Before Market
JD,11/16/2020,Before Market
SMMT,11/16/2020,After Market
MSGE,11/16/2020,After Market
VOD,11/16/2020,Before Market
TSN,11/16/2020,Before Market
BIDU,11/16/2020,After Market
LEGN,11/16/2020,Before Market
BEKE,11/16/2020,After Market
SBLK,11/16/2020,After Market
PANW,11/16/2020,Before Market
MGIC,11/16/2020,Before Market
PSIX,11/16/2020,After Market
GDS,11/16/2020,After Market
ACM,11/16/2020,Before Market
MAGS,11/16/2020,Before Market
VIPS,11/13/2020,Before Market
LI,11/13/2020,Before Market
MUFG,11/13/2020,Before Market
INBX,11/13/2020,After Market
SPB,11/13/2020,Before Market
DKNG,11/13/2020,Before Market
SMFG,11/13/2020,Before Market
DGII,11/12/2020,After Market
IGIC,11/12/2020,After Market
PCVX,11/12/2020,After Market
WIX,11/12/2020,Before Market
GLOB,11/12/2020,After Market
TNK,11/12/2020,Before Market
AMAT,11/12/2020,After Market
SPH,11/12/2020,Before Market
RVMD,11/12/2020,Before Market
HRMY,11/12/2020,Before Market
CELH,11/12/2020,Before Market
JAMF,11/12/2020,After Market
NICE,11/12/2020,Before Market
CAPR,11/12/2020,After Market
HUT,11/12/2020,Before Market
FLY,11/12/2020,Before Market
TDG,11/12/2020,Before Market
IMVT,11/12/2020,Before Market
NVGS,11/12/2020,After Market
STOK,11/12/2020,Before Market
SA,11/12/2020,Before Market
LEU,11/12/2020,After Market
ENR,11/12/2020,Before Market
PDD,11/12/2020,Before Market
SBH,11/12/2020,Before Market
DIS,11/12/2020,After Market
GFF,11/12/2020,After Market
MIRM,11/12/2020,Before Market
DLB,11/12/2020,After Market
NGG,11/12/2020,Before Market
IDYA,11/12/2020,Before Market
SBS,11/12/2020,After Market
BAM,11/12/2020,Before Market
TSEM,11/12/2020,Before Market
KEP,11/12/2020,Before Market
CSCO,11/12/2020,After Market
U,11/12/2020,After Market
MANU,11/12/2020,Before Market
SDGR,11/12/2020,Before Market
PLTR,11/12/2020,After Market
NVMI,11/12/2020,Before Market
SSRM,11/12/2020,Before Market
INOD,11/12/2020,Before Market
CIB,11/12/2020,After Market
XPEV,11/12/2020,Before Market
REYN,11/11/2020,After Market
RVLV,11/11/2020,After Market
PAM,11/11/2020,After Market
TTEK,11/11/2020,After Market
MFC,11/11/2020,After Market
TRMD,11/11/2020,Before Market
TR,11/11/2020,After Market
CEPU,11/11/2020,After Market
APD,11/11/2020,Before Market
HI,11/11/2020,After Market
ASND,11/11/2020,After Market
GIB,11/11/2020,Before Market
ENS,11/11/2020,After Market
ATO,11/11/2020,After Market
NOVT,11/10/2020,Before Market
AAP,11/10/2020,Before Market
YPF,11/10/2020,After Market
RPRX,11/10/2020,After Market
BEAM,11/10/2020,Before Market
VERX,11/10/2020,After Market
TME,11/10/2020,After Market
AER,11/10/2020,Before Market
IMOS,11/10/2020,Before Market
VITL,11/10/2020,Before Market
CNR,11/10/2020,After Market
DDOG,11/10/2020,After Market
COHR,11/10/2020,After Market
CAE,11/10/2020,Before Market
SLNO,11/10/2020,After Market
AUPH,11/10/2020,After Market
DHI,11/10/2020,Before Market
PNTG,11/10/2020,After Market
FICO,11/10/2020,After Market
JMIA,11/10/2020,Before Market
ROK,11/10/2020,Before Market
LYFT,11/10/2020,After Market
RKT,11/10/2020,After Market
ALC,11/10/2020,After Market
PLMR,11/10/2020,After Market
ADPT,11/10/2020,After Market
GILT,11/10/2020,Before Market
RNA,11/10/2020,After Market
OSW,11/10/2020,After Market
BSY,11/10/2020,Before Market
TXG,11/10/2020,After Market
PHAT,11/10/2020,After Market
SANM,11/10/2020,After Market
APG,11/10/2020,After Market
ASH,11/10/2020,After Market
DOX,11/10/2020,After Market
BNTX,11/10/2020,Before Market
CYBR,11/10/2020,Before Market
XPEL,11/10/2020,After Market
LMND,11/10/2020,After Market
STEP,11/10/2020,After Market
DIOD,11/9/2020,After Market
CTRA,11/9/2020,Before Market
GPOR,11/9/2020,After Market
MWA,11/9/2020,After Market
CELC,11/9/2020,After Market
TGNA,11/9/2020,Before Market
MSGS,11/9/2020,Before Market
SRRK,11/9/2020,Before Market
MCD,11/9/2020,Before Market
BIP,11/9/2020,Before Market
OR,11/9/2020,After Market
CSTL,11/9/2020,After Market
NHI,11/9/2020,After Market
IFF,11/9/2020,After Market
AGM,11/9/2020,After Market
RAMP,11/9/2020,After Market
JHX,11/9/2020,After Market
NBIX,11/9/2020,After Market
KOD,11/9/2020,Before Market
NCLH,11/9/2020,After Market
HROW,11/9/2020,After Market
SPG,11/9/2020,After Market
COGT,11/9/2020,Before Market
ESTA,11/9/2020,After Market
TGTX,11/9/2020,After Market
AL,11/9/2020,After Market
HYMC,11/9/2020,Before Market
RIOT,11/9/2020,After Market
AVDL,11/9/2020,Before Market
WPM,11/9/2020,After Market
GSL,11/9/2020,Before Market
HWM,11/9/2020,Before Market
BHVN,11/9/2020,Before Market
RNG,11/9/2020,After Market
RDNT,11/9/2020,Before Market
REAL,11/9/2020,After Market
IPAR,11/9/2020,After Market
DHT,11/9/2020,After Market
APPF,11/9/2020,After Market
GEN,11/9/2020,Before Market
CNXN,11/9/2020,After Market
BTU,11/9/2020,Before Market
FSK,11/9/2020,After Market
XP,11/9/2020,After Market
WVE,11/9/2020,Before Market
CPRX,11/9/2020,After Market
HL,11/9/2020,Before Market
MGNI,11/9/2020,After Market
WES,11/9/2020,After Market
OXY,11/9/2020,After Market
BIPC,11/9/2020,Before Market
EQX,11/9/2020,Before Market
BRK/B,11/7/2020,Before Market
LNG,11/6/2020,Before Market
TGLS,11/6/2020,Before Market
ZBH,11/6/2020,Before Market
KT,11/6/2020,Before Market
VTR,11/6/2020,Before Market
DOC,11/6/2020,Before Market
MD,11/6/2020,Before Market
MAR,11/6/2020,Before Market
VIRT,11/6/2020,Before Market
ELAN,11/6/2020,Before Market
MOG/A,11/6/2020,Before Market
AES,11/6/2020,Before Market
INSW,11/6/2020,Before Market
LQDA,11/6/2020,After Market
CCEP,11/6/2020,Before Market
AMPH,11/6/2020,Before Market
GOLF,11/6/2020,Before Market
CRNX,11/6/2020,Before Market
ESNT,11/6/2020,Before Market
PAR,11/6/2020,Before Market
HSY,11/6/2020,Before Market
MGA,11/6/2020,Before Market
CQP,11/6/2020,Before Market
TM,11/6/2020,Before Market
DXPE,11/6/2020,Before Market
TILE,11/6/2020,Before Market
TU,11/6/2020,Before Market
AMRX,11/6/2020,Before Market
NOG,11/6/2020,Before Market
GSAT,11/6/2020,Before Market
CLMT,11/6/2020,Before Market
CVS,11/6/2020,Before Market
CWT,11/6/2020,Before Market
ENB,11/6/2020,Before Market
TGS,11/6/2020,After Market
KRYS,11/6/2020,After Market
HMC,11/6/2020,Before Market
HE,11/6/2020,Before Market
OTEX,11/5/2020,After Market
IRM,11/5/2020,Before Market
VRRM,11/5/2020,After Market
MAIN,11/5/2020,After Market
WWW,11/5/2020,Before Market
YETI,11/5/2020,Before Market
BMRN,11/5/2020,After Market
USPH,11/5/2020,Before Market
LASR,11/5/2020,After Market
PMT,11/5/2020,After Market
REGN,11/5/2020,Before Market
MAC,11/5/2020,Before Market
ATEC,11/5/2020,After Market
PDFS,11/5/2020,After Market
AMCR,11/5/2020,After Market
XENE,11/5/2020,After Market
SRPT,11/5/2020,After Market
ICFI,11/5/2020,After Market
RUN,11/5/2020,After Market
TEVA,11/5/2020,Before Market
LNTH,11/5/2020,Before Market
KIM,11/5/2020,Before Market
IAC,11/5/2020,After Market
CTRE,11/5/2020,After Market
ORIC,11/5/2020,After Market
BATRA,11/5/2020,Before Market
ARQT,11/5/2020,After Market
REZI,11/5/2020,Before Market
EPAM,11/5/2020,Before Market
REG,11/5/2020,After Market
IRTC,11/5/2020,After Market
BILL,11/5/2020,After Market
IBP,11/5/2020,Before Market
BATRK,11/5/2020,Before Market
GLPG,11/5/2020,After Market
BHF,11/5/2020,After Market
BBIO,11/5/2020,Before Market
NWN,11/5/2020,Before Market
DVAX,11/5/2020,After Market
NET,11/5/2020,After Market
FOUR,11/5/2020,Before Market
TMUS,11/5/2020,After Market
TRGP,11/5/2020,Before Market
ZTS,11/5/2020,Before Market
AAON,11/5/2020,Before Market
LAUR,11/5/2020,Before Market
CLDX,11/5/2020,After Market
AAOI,11/5/2020,After Market
MTD,11/5/2020,After Market
GLP,11/5/2020,Before Market
MT,11/5/2020,Before Market
WLDN,11/5/2020,After Market
ACIW,11/5/2020,Before Market
SKT,11/5/2020,After Market
NMRK,11/5/2020,Before Market
XRAY,11/5/2020,Before Market
CWEN/A,11/5/2020,Before Market
NHC,11/5/2020,After Market
MUR,11/5/2020,Before Market
PPL,11/5/2020,Before Market
KNSA,11/5/2020,Before Market
NYT,11/5/2020,Before Market
SKM,11/5/2020,Before Market
DAC,11/5/2020,After Market
RGA,11/5/2020,After Market
CNQ,11/5/2020,Before Market
CNP,11/5/2020,Before Market
TRIP,11/5/2020,After Market
CNK,11/5/2020,Before Market
NTLA,11/5/2020,Before Market
ADMA,11/5/2020,After Market
SERV,11/5/2020,Before Market
BKNG,11/5/2020,After Market
PRA,11/5/2020,After Market
XPO,11/5/2020,Before Market
DBX,11/5/2020,After Market
GOLD,11/5/2020,Before Market
PFSI,11/5/2020,After Market
AGO,11/5/2020,After Market
RCUS,11/5/2020,After Market
MDGL,11/5/2020,Before Market
INCY,11/5/2020,Before Market
EFC,11/5/2020,After Market
SATS,11/5/2020,Before Market
FOR,11/5/2020,After Market
AZN,11/5/2020,Before Market
DUK,11/5/2020,Before Market
PBH,11/5/2020,Before Market
EYE,11/5/2020,Before Market
UVV,11/5/2020,After Market
AG,11/5/2020,Before Market
AI,11/5/2020,After Market
GKOS,11/5/2020,After Market
MGEE,11/5/2020,Before Market
NWSA,11/5/2020,After Market
APLE,11/5/2020,After Market
WMS,11/5/2020,Before Market
CRC,11/5/2020,After Market
BMY,11/5/2020,Before Market
RGEN,11/5/2020,Before Market
KYMR,11/5/2020,Before Market
TECH,11/5/2020,Before Market
STNG,11/5/2020,Before Market
PBA,11/5/2020,After Market
AGIO,11/5/2020,Before Market
MXL,11/5/2020,After Market
AIG,11/5/2020,After Market
FLS,11/5/2020,After Market
UBER,11/5/2020,After Market
HCI,11/5/2020,After Market
TBPH,11/5/2020,After Market
GOOS,11/5/2020,Before Market
IDCC,11/5/2020,Before Market
TTD,11/5/2020,After Market
MCHP,11/5/2020,After Market
PLNT,11/5/2020,After Market
NWS,11/5/2020,After Market
MNST,11/5/2020,After Market
PRDO,11/5/2020,After Market
ACMR,11/5/2020,After Market
FWONA,11/5/2020,Before Market
PCTY,11/5/2020,After Market
MGY,11/5/2020,After Market
CWEN,11/5/2020,Before Market
TDC,11/5/2020,After Market
CI,11/5/2020,Before Market
LOPE,11/5/2020,After Market
ACLS,11/5/2020,After Market
YELP,11/5/2020,After Market
CARG,11/5/2020,After Market
DXC,11/5/2020,After Market
EXEL,11/5/2020,After Market
KRP,11/5/2020,Before Market
TTWO,11/5/2020,After Market
CBL,11/5/2020,After Market
NMM,11/5/2020,Before Market
JJSF,11/5/2020,After Market
ATGE,11/5/2020,After Market
ALNY,11/5/2020,Before Market
ANIP,11/5/2020,Before Market
VIAV,11/5/2020,After Market
AMH,11/5/2020,After Market
EVRG,11/5/2020,Before Market
ALRM,11/5/2020,After Market
GTX,11/5/2020,Before Market
LAMR,11/5/2020,Before Market
TDW,11/5/2020,After Market
VMC,11/5/2020,Before Market
SRE,11/5/2020,Before Market
DYN,11/5/2020,Before Market
TDS,11/5/2020,After Market
EA,11/5/2020,After Market
DNLI,11/5/2020,After Market
NNI,11/5/2020,After Market
UE,11/5/2020,After Market
FWONK,11/5/2020,Before Market
FOLD,11/5/2020,Before Market
STRA,11/5/2020,Before Market
NTRA,11/5/2020,After Market
WYNN,11/5/2020,After Market
ED,11/5/2020,After Market
BLFS,11/5/2020,After Market
APPN,11/5/2020,After Market
SAIL,11/5/2020,After Market
HASI,11/5/2020,After Market
STAG,11/5/2020,After Market
SYNA,11/5/2020,After Market
LXP,11/5/2020,Before Market
THR,11/5/2020,Before Market
CUBE,11/5/2020,After Market
D,11/5/2020,Before Market
PRIM,11/5/2020,After Market
GEL,11/5/2020,Before Market
COLL,11/5/2020,After Market
FRT,11/5/2020,After Market
VSAT,11/5/2020,After Market
COLD,11/5/2020,After Market
HII,11/5/2020,Before Market
NMIH,11/5/2020,After Market
CWK,11/5/2020,After Market
BDX,11/5/2020,Before Market
BAP,11/5/2020,After Market
WSC,11/5/2020,After Market
LYV,11/5/2020,After Market
NRP,11/5/2020,Before Market
NXST,11/5/2020,Before Market
BCE,11/5/2020,Before Market
PGNY,11/5/2020,After Market
NRG,11/5/2020,Before Market
BFAM,11/5/2020,After Market
WCC,11/5/2020,Before Market
GM,11/5/2020,Before Market
ATRC,11/5/2020,After Market
VCEL,11/5/2020,Before Market
PH,11/5/2020,Before Market
Z,11/5/2020,After Market
GH,11/5/2020,After Market
LIN,11/5/2020,Before Market
EOG,11/5/2020,After Market
ING,11/5/2020,Before Market
IBOC,11/5/2020,Before Market
MMI,11/5/2020,After Market
DLX,11/5/2020,After Market
CAH,11/5/2020,Before Market
ZG,11/5/2020,After Market
CHH,11/5/2020,Before Market
NSA,11/5/2020,After Market
ROKU,11/5/2020,After Market
DMLP,11/5/2020,Before Market
EYPT,11/5/2020,Before Market
MTSI,11/5/2020,After Market
KWR,11/5/2020,After Market
ARLO,11/5/2020,After Market
THS,11/5/2020,Before Market
NFG,11/5/2020,After Market
OGE,11/5/2020,Before Market
SWX,11/5/2020,After Market
HUBS,11/5/2020,After Market
RBA,11/5/2020,After Market
TNDM,11/5/2020,After Market
BABA,11/5/2020,Before Market
AXSM,11/5/2020,Before Market
PZZA,11/5/2020,Before Market
CZR,11/5/2020,After Market
CCOI,11/5/2020,Before Market
RSG,11/5/2020,After Market
CPRI,11/5/2020,Before Market
STWD,11/5/2020,Before Market
MIDD,11/5/2020,Before Market
HLF,11/5/2020,After Market
SBRA,11/5/2020,After Market
ICUI,11/5/2020,After Market
AEIS,11/5/2020,Before Market
MOD,11/5/2020,After Market
VST,11/4/2020,Before Market
PFGC,11/4/2020,Before Market
RDN,11/4/2020,After Market
VRSK,11/4/2020,After Market
LC,11/4/2020,After Market
FTDR,11/4/2020,After Market
LNC,11/4/2020,After Market
VOYA,11/4/2020,After Market
IAG,11/4/2020,After Market
AVA,11/4/2020,Before Market
MTCH,11/4/2020,After Market
CTVA,11/4/2020,After Market
UPWK,11/4/2020,After Market
CLH,11/4/2020,Before Market
WHD,11/4/2020,After Market
EPRT,11/4/2020,After Market
AWK,11/4/2020,After Market
IIPR,11/4/2020,After Market
QCOM,11/4/2020,After Market
TMDX,11/4/2020,After Market
RDWR,11/4/2020,Before Market
AEE,11/4/2020,After Market
EXPE,11/4/2020,After Market
ASTE,11/4/2020,Before Market
MTG,11/4/2020,After Market
QRVO,11/4/2020,After Market
GMAB,11/4/2020,Before Market
SMG,11/4/2020,Before Market
TSLX,11/4/2020,After Market
FROG,11/4/2020,After Market
TPC,11/4/2020,After Market
OLN,11/4/2020,After Market
RGLD,11/4/2020,After Market
PAHC,11/4/2020,After Market
MELI,11/4/2020,After Market
HST,11/4/2020,After Market
CPK,11/4/2020,After Market
HAE,11/4/2020,Before Market
EXR,11/4/2020,After Market
PTGX,11/4/2020,After Market
LBRDA,11/4/2020,After Market
JKHY,11/4/2020,After Market
LBRDK,11/4/2020,After Market
PODD,11/4/2020,After Market
VTOL,11/4/2020,After Market
SLF,11/4/2020,After Market
ANAB,11/4/2020,After Market
MDU,11/4/2020,After Market
BKD,11/4/2020,After Market
GDDY,11/4/2020,After Market
SBGI,11/4/2020,Before Market
PSA,11/4/2020,After Market
PAAS,11/4/2020,After Market
DFIN,11/4/2020,Before Market
PRI,11/4/2020,After Market
MET,11/4/2020,After Market
CRK,11/4/2020,After Market
SITM,11/4/2020,After Market
AMSC,11/4/2020,After Market
TAC,11/4/2020,Before Market
PSN,11/4/2020,Before Market
TRMB,11/4/2020,After Market
FNF,11/4/2020,After Market
TRNO,11/4/2020,After Market
SAFT,11/4/2020,After Market
ALB,11/4/2020,After Market
CF,11/4/2020,After Market
GLDD,11/4/2020,Before Market
TS,11/4/2020,After Market
FNV,11/4/2020,After Market
DK,11/4/2020,After Market
HOLX,11/4/2020,After Market
CCU,11/4/2020,After Market
CCJ,11/4/2020,Before Market
ALL,11/4/2020,After Market
ET,11/4/2020,After Market
VCTR,11/4/2020,After Market
TWO,11/4/2020,After Market
CSGS,11/4/2020,After Market
ELF,11/4/2020,After Market
STAA,11/4/2020,After Market
HLNE,11/4/2020,Before Market
IONS,11/4/2020,Before Market
UHAL,11/4/2020,After Market
BEPC,11/4/2020,Before Market
H,11/4/2020,After Market
STN,11/4/2020,After Market
QTWO,11/4/2020,After Market
BRX,11/4/2020,After Market
WK,11/4/2020,After Market
PAYC,11/4/2020,After Market
QLYS,11/4/2020,After Market
GFL,11/4/2020,After Market
DKL,11/4/2020,After Market
WTS,11/4/2020,After Market
SGRY,11/4/2020,Before Market
CXW,11/4/2020,After Market
SUN,11/4/2020,After Market
TYL,11/4/2020,After Market
APA,11/4/2020,After Market
OUT,11/4/2020,After Market
PRGO,11/4/2020,After Market
EPR,11/4/2020,After Market
HR,11/4/2020,After Market
UMH,11/4/2020,After Market
CYTK,11/4/2020,After Market
BEP,11/4/2020,Before Market
CIM,11/4/2020,Before Market
DNOW,11/4/2020,Before Market
HLT,11/4/2020,Before Market
VAC,11/4/2020,After Market
VRT,11/4/2020,Before Market
PLUS,11/4/2020,After Market
FUN,11/4/2020,Before Market
EQH,11/4/2020,After Market
KGC,11/4/2020,After Market
ACAD,11/4/2020,After Market
AVNT,11/3/2020,Before Market
FOX,11/3/2020,Before Market
AGCO,11/3/2020,Before Market
VSH,11/3/2020,Before Market
LGIH,11/3/2020,Before Market
MCK,11/3/2020,Before Market
WTRG,11/3/2020,After Market
CORT,11/3/2020,After Market
UFPT,11/3/2020,Before Market
MRCY,11/3/2020,After Market
USAC,11/3/2020,Before Market
ETN,11/3/2020,Before Market
EXPD,11/3/2020,Before Market
ZBRA,11/3/2020,Before Market
DAR,11/3/2020,After Market
MCY,11/3/2020,After Market
UEC,11/3/2020,Before Market
LPX,11/3/2020,Before Market
BLD,11/3/2020,Before Market
RHP,11/3/2020,Before Market
EXC,11/3/2020,Before Market
SUPN,11/3/2020,After Market
TRI,11/3/2020,Before Market
PRU,11/3/2020,After Market
HBM,11/3/2020,After Market
WLK,11/3/2020,Before Market
NSIT,11/3/2020,Before Market
ANDE,11/3/2020,After Market
ZYME,11/3/2020,After Market
ARCB,11/3/2020,Before Market
HUM,11/3/2020,Before Market
OPCH,11/3/2020,Before Market
EMR,11/3/2020,Before Market
CC,11/3/2020,After Market
ORA,11/3/2020,After Market
TX,11/3/2020,After Market
AKR,11/3/2020,After Market
SYY,11/3/2020,Before Market
GTES,11/3/2020,Before Market
ES,11/3/2020,After Market
CRVL,11/3/2020,Before Market
RACE,11/3/2020,Before Market
FOXA,11/3/2020,Before Market
JCI,11/3/2020,Before Market
NPO,11/3/2020,Before Market
COKE,11/3/2020,After Market
BBU,11/3/2020,Before Market
W,11/3/2020,Before Market
METC,11/3/2020,After Market
JBGS,11/3/2020,After Market
IT,11/3/2020,Before Market
IOSP,11/3/2020,After Market
WEC,11/3/2020,Before Market
SMCI,11/3/2020,After Market
AROC,11/2/2020,After Market
SBAC,11/2/2020,After Market
RYTM,11/2/2020,Before Market
OGS,11/2/2020,After Market
HMN,11/2/2020,After Market
SIMO,11/2/2020,After Market
BWXT,11/2/2020,Before Market
TREX,11/2/2020,After Market
LCII,11/2/2020,Before Market
HALO,11/2/2020,After Market
LPG,11/2/2020,Before Market
FRPT,11/2/2020,After Market
FN,11/2/2020,After Market
LNT,11/2/2020,After Market
CNA,11/2/2020,Before Market
UAN,11/2/2020,After Market
NI,11/2/2020,Before Market
ECPG,11/2/2020,After Market
INSP,11/2/2020,After Market
ICHR,11/2/2020,After Market
EL,11/2/2020,Before Market
FANG,11/2/2020,After Market
LDOS,11/2/2020,Before Market
CNO,11/2/2020,After Market
AWR,11/2/2020,After Market
JAZZ,11/2/2020,After Market
BKH,11/2/2020,After Market
TPL,11/2/2020,After Market
SNDX,11/2/2020,After Market
WMK,11/2/2020,After Market
WMB,11/2/2020,After Market
PAA,11/2/2020,After Market
AMRC,11/2/2020,After Market
HLIO,11/2/2020,Before Market
NSSC,11/2/2020,Before Market
SWKS,11/2/2020,After Market
PARR,11/2/2020,Before Market
DEA,11/2/2020,Before Market
KMPR,11/2/2020,After Market
APLS,11/2/2020,Before Market
JLL,11/2/2020,Before Market
OTTR,11/2/2020,After Market
AIZ,11/2/2020,After Market
USFD,11/2/2020,Before Market
FMC,11/2/2020,After Market
SEDG,11/2/2020,After Market
WING,11/2/2020,Before Market
PYPL,11/2/2020,After Market
CLX,11/2/2020,Before Market
MDLZ,11/2/2020,After Market
LEG,11/2/2020,After Market
ANET,11/2/2020,After Market
BRKR,11/2/2020,After Market
MATX,11/2/2020,After Market
CRUS,11/2/2020,After Market
LITE,11/2/2020,Before Market
MPLX,11/2/2020,Before Market
NNN,11/2/2020,Before Market
VNO,11/2/2020,After Market
STRL,11/2/2020,After Market
CDW,11/2/2020,Before Market
ITRI,11/2/2020,Before Market
CVI,11/2/2020,After Market
L,11/2/2020,Before Market
G,11/2/2020,After Market
RYAAY,11/2/2020,Before Market
BSM,11/2/2020,After Market
ONTO,11/2/2020,After Market
FE,11/2/2020,Before Market
VNOM,11/2/2020,After Market
HURN,11/2/2020,After Market
WM,11/2/2020,Before Market
PAGP,11/2/2020,After Market
ADUS,11/2/2020,After Market
KMT,11/2/2020,After Market
STE,11/2/2020,After Market
HSIC,11/2/2020,Before Market
O,11/2/2020,After Market
NSP,11/2/2020,Before Market
RMBS,11/2/2020,After Market
NTR,11/2/2020,After Market
IR,11/2/2020,After Market
MPC,11/2/2020,Before Market
MOS,11/2/2020,After Market
VCYT,11/2/2020,After Market
INGR,11/1/2020,After Market
IBN,10/31/2020,Before Market
ON,10/31/2020,Before Market
ASX,10/30/2020,Before Market
BR,10/30/2020,Before Market
NVT,10/30/2020,Before Market
NVO,10/30/2020,Before Market
CHTR,10/30/2020,Before Market
PNW,10/30/2020,Before Market
ITT,10/30/2020,Before Market
ABBV,10/30/2020,Before Market
NWG,10/30/2020,Before Market
HON,10/30/2020,Before Market
POR,10/30/2020,Before Market
CBOE,10/30/2020,Before Market
KKR,10/30/2020,Before Market
MO,10/30/2020,Before Market
LGND,10/30/2020,Before Market
TIGO,10/30/2020,Before Market
XOM,10/30/2020,Before Market
PIPR,10/30/2020,Before Market
PSX,10/30/2020,Before Market
CSWC,10/30/2020,After Market
CL,10/30/2020,Before Market
WPC,10/30/2020,Before Market
LEA,10/30/2020,Before Market
BAH,10/30/2020,Before Market
PEG,10/30/2020,Before Market
BSAC,10/30/2020,Before Market
CVX,10/30/2020,Before Market
PFS,10/30/2020,Before Market
LYB,10/30/2020,Before Market
AON,10/30/2020,Before Market
LHX,10/30/2020,Before Market
BELFB,10/30/2020,Before Market
WY,10/30/2020,Before Market
IMO,10/30/2020,Before Market
IRMD,10/30/2020,Before Market
ATRO,10/30/2020,Before Market
FBP,10/30/2020,Before Market
BCC,10/30/2020,After Market
UUUU,10/30/2020,After Market
IPGP,10/30/2020,Before Market
CHT,10/30/2020,Before Market
XHR,10/30/2020,Before Market
FTS,10/30/2020,Before Market
BBVA,10/30/2020,Before Market
RCL,10/29/2020,Before Market
TKR,10/29/2020,Before Market
OHI,10/29/2020,After Market
SBUX,10/29/2020,After Market
GSHD,10/29/2020,After Market
RMD,10/29/2020,After Market
FLEX,10/29/2020,After Market
GIL,10/29/2020,Before Market
WEX,10/29/2020,Before Market
LPLA,10/29/2020,After Market
PTCT,10/29/2020,After Market
ITGR,10/29/2020,Before Market
AAPL,10/29/2020,After Market
NGVT,10/29/2020,After Market
ATR,10/29/2020,After Market
CLBK,10/29/2020,After Market
PRLB,10/29/2020,Before Market
ALEX,10/29/2020,After Market
ATI,10/29/2020,Before Market
KN,10/29/2020,After Market
SYK,10/29/2020,After Market
GRBK,10/29/2020,After Market
AXGN,10/29/2020,After Market
ACGL,10/29/2020,After Market
ADM,10/29/2020,After Market
VRTX,10/29/2020,After Market
MSI,10/29/2020,After Market
BXMT,10/29/2020,Before Market
THRM,10/29/2020,Before Market
LMAT,10/29/2020,After Market
NEM,10/29/2020,Before Market
MTZ,10/29/2020,After Market
JHG,10/29/2020,Before Market
IDA,10/29/2020,Before Market
ERIE,10/29/2020,After Market
MTX,10/29/2020,After Market
EXPO,10/29/2020,After Market
CMS,10/29/2020,Before Market
MGRC,10/29/2020,After Market
BIO,10/29/2020,After Market
CAKE,10/29/2020,After Market
INSM,10/29/2020,Before Market
GOOGL,10/29/2020,After Market
FHI,10/29/2020,After Market
MCRI,10/29/2020,After Market
ICE,10/29/2020,Before Market
TNC,10/29/2020,Before Market
POWI,10/29/2020,After Market
NVCR,10/29/2020,Before Market
MUX,10/29/2020,After Market
KNSL,10/29/2020,After Market
CMCSA,10/29/2020,Before Market
CNX,10/29/2020,Before Market
SKYW,10/29/2020,After Market
FIS,10/29/2020,Before Market
ALKS,10/29/2020,Before Market
LIVN,10/29/2020,Before Market
MPWR,10/29/2020,After Market
EXP,10/29/2020,Before Market
MCO,10/29/2020,Before Market
MRNA,10/29/2020,Before Market
CVNA,10/29/2020,After Market
CBRE,10/29/2020,Before Market
ILMN,10/29/2020,After Market
NVST,10/29/2020,After Market
COR,10/29/2020,Before Market
DECK,10/29/2020,After Market
SNDR,10/29/2020,Before Market
COP,10/29/2020,Before Market
CNOB,10/29/2020,Before Market
PENN,10/29/2020,Before Market
SXI,10/29/2020,After Market
GPN,10/29/2020,Before Market
GPI,10/29/2020,Before Market
YUM,10/29/2020,Before Market
TEAM,10/29/2020,After Market
UDR,10/29/2020,After Market
RL,10/29/2020,Before Market
GOOG,10/29/2020,After Market
SHOP,10/29/2020,Before Market
LAZ,10/29/2020,Before Market
EGO,10/29/2020,After Market
CPT,10/29/2020,After Market
TAK,10/29/2020,Before Market
OLED,10/29/2020,After Market
OSK,10/29/2020,Before Market
ROCK,10/29/2020,Before Market
CRL,10/29/2020,Before Market
TAP,10/29/2020,Before Market
DVN,10/29/2020,After Market
MGM,10/29/2020,After Market
SNY,10/29/2020,Before Market
PBF,10/29/2020,Before Market
HTGC,10/29/2020,After Market
STNE,10/29/2020,After Market
CENX,10/29/2020,After Market
DVA,10/29/2020,After Market
TRS,10/29/2020,Before Market
CWST,10/29/2020,After Market
OSIS,10/29/2020,Before Market
LTC,10/29/2020,After Market
TRP,10/29/2020,Before Market
IMAX,10/29/2020,Before Market
BL,10/29/2020,After Market
BE,10/29/2020,After Market
SPOT,10/29/2020,Before Market
BC,10/29/2020,Before Market
MHK,10/29/2020,After Market
SO,10/29/2020,Before Market
FND,10/29/2020,After Market
CAR,10/29/2020,After Market
TFSL,10/29/2020,After Market
SM,10/29/2020,After Market
PCG,10/29/2020,Before Market
CAI,10/29/2020,After Market
QDEL,10/29/2020,After Market
CDNA,10/29/2020,After Market
CARR,10/29/2020,Before Market
AJG,10/29/2020,After Market
FMS,10/29/2020,Before Market
CTS,10/29/2020,Before Market
PATK,10/29/2020,Before Market
CBZ,10/29/2020,Before Market
BLDR,10/29/2020,After Market
CRAI,10/29/2020,Before Market
SHAK,10/29/2020,After Market
VC,10/29/2020,Before Market
PWR,10/29/2020,Before Market
KTB,10/29/2020,Before Market
TROW,10/29/2020,Before Market
AME,10/29/2020,Before Market
CVCO,10/29/2020,After Market
EQNR,10/29/2020,Before Market
DD,10/29/2020,Before Market
UHS,10/29/2020,After Market
KTOS,10/29/2020,After Market
FIVN,10/29/2020,After Market
PEB,10/29/2020,After Market
XEL,10/29/2020,Before Market
PSMT,10/29/2020,After Market
WAB,10/29/2020,Before Market
TBBK,10/29/2020,After Market
CACC,10/29/2020,After Market
WD,10/29/2020,Before Market
COHU,10/29/2020,Before Market
EMN,10/29/2020,After Market
ROG,10/29/2020,After Market
SAIA,10/29/2020,Before Market
SSB,10/29/2020,After Market
EME,10/29/2020,Before Market
OCFC,10/29/2020,After Market
CVE,10/29/2020,Before Market
AMT,10/29/2020,Before Market
SAH,10/29/2020,Before Market
FTNT,10/29/2020,After Market
HGV,10/29/2020,Before Market
AOS,10/29/2020,Before Market
GEO,10/29/2020,Before Market
FTAI,10/29/2020,After Market
TXT,10/29/2020,Before Market
KDP,10/29/2020,Before Market
BAX,10/29/2020,Before Market
EVTC,10/29/2020,After Market
COLB,10/29/2020,Before Market
TFX,10/29/2020,Before Market
HIG,10/29/2020,After Market
MLM,10/29/2020,Before Market
IDXX,10/29/2020,Before Market
KEX,10/29/2020,Before Market
APO,10/29/2020,Before Market
FSS,10/29/2020,Before Market
NTCT,10/29/2020,Before Market
TPR,10/29/2020,Before Market
NTST,10/29/2020,After Market
CFR,10/29/2020,Before Market
SEM,10/29/2020,After Market
FCN,10/29/2020,Before Market
DLR,10/29/2020,After Market
CHE,10/29/2020,After Market
CHD,10/29/2020,Before Market
RRC,10/29/2020,After Market
AMZN,10/29/2020,After Market
BUD,10/29/2020,Before Market
EXLS,10/29/2020,Before Market
AX,10/29/2020,After Market
BCO,10/29/2020,Before Market
XYL,10/29/2020,Before Market
VEON,10/29/2020,Before Market
BWA,10/29/2020,Before Market
KHC,10/29/2020,Before Market
ARW,10/29/2020,Before Market
HLI,10/29/2020,After Market
TRUP,10/29/2020,After Market
APTV,10/29/2020,Before Market
IP,10/29/2020,Before Market
LKQ,10/29/2020,Before Market
HUBG,10/29/2020,After Market
BVN,10/29/2020,After Market
COLM,10/29/2020,After Market
SPXC,10/29/2020,After Market
VSEC,10/28/2020,After Market
RDY,10/28/2020,Before Market
ALGT,10/28/2020,After Market
TTMI,10/28/2020,After Market
CMPR,10/28/2020,After Market
CHDN,10/28/2020,After Market
VVV,10/28/2020,After Market
CTSH,10/28/2020,After Market
MAA,10/28/2020,After Market
OII,10/28/2020,After Market
FORM,10/28/2020,After Market
UPS,10/28/2020,Before Market
ACA,10/28/2020,After Market
FRME,10/28/2020,Before Market
UCTT,10/28/2020,After Market
ESS,10/28/2020,After Market
IRT,10/28/2020,After Market
AVB,10/28/2020,After Market
MA,10/28/2020,Before Market
CACI,10/28/2020,After Market
CLS,10/28/2020,Before Market
MAS,10/28/2020,Before Market
BPOP,10/28/2020,Before Market
NEU,10/28/2020,After Market
MSA,10/28/2020,After Market
BHE,10/28/2020,After Market
ETR,10/28/2020,Before Market
AEM,10/28/2020,After Market
CNMD,10/28/2020,After Market
VIST,10/28/2020,After Market
KLAC,10/28/2020,After Market
URI,10/28/2020,After Market
CHEF,10/28/2020,Before Market
CME,10/28/2020,Before Market
GMED,10/28/2020,After Market
PTC,10/28/2020,After Market
DAN,10/28/2020,Before Market
OC,10/28/2020,Before Market
AFG,10/28/2020,After Market
BCPC,10/28/2020,Before Market
PPC,10/28/2020,After Market
VICI,10/28/2020,After Market
RJF,10/28/2020,After Market
ETSY,10/28/2020,After Market
WDC,10/28/2020,After Market
INVH,10/28/2020,After Market
PINS,10/28/2020,After Market
PI,10/28/2020,After Market
INVA,10/28/2020,After Market
BKU,10/28/2020,Before Market
AGI,10/28/2020,After Market
PB,10/28/2020,Before Market
MORN,10/28/2020,After Market
TXRH,10/28/2020,After Market
AXS,10/28/2020,After Market
DBD,10/28/2020,Before Market
UTHR,10/28/2020,Before Market
WELL,10/28/2020,After Market
RYN,10/28/2020,After Market
EHC,10/28/2020,After Market
HCC,10/28/2020,After Market
BOOT,10/28/2020,After Market
MEOH,10/28/2020,After Market
TMHC,10/28/2020,Before Market
EQIX,10/28/2020,After Market
DCO,10/28/2020,After Market
ORLY,10/28/2020,After Market
SITE,10/28/2020,Before Market
ASGN,10/28/2020,After Market
PBR,10/28/2020,After Market
CASH,10/28/2020,After Market
AIN,10/28/2020,After Market
NLY,10/28/2020,After Market
BG,10/28/2020,Before Market
MHO,10/28/2020,Before Market
BA,10/28/2020,Before Market
SU,10/28/2020,After Market
EBAY,10/28/2020,After Market
AR,10/28/2020,After Market
CRSP,10/28/2020,Before Market
FMX,10/28/2020,After Market
TEL,10/28/2020,Before Market
AM,10/28/2020,After Market
CG,10/28/2020,After Market
ALG,10/28/2020,After Market
TW,10/28/2020,Before Market
EAT,10/28/2020,Before Market
TT,10/28/2020,Before Market
GSK,10/28/2020,Before Market
BX,10/28/2020,Before Market
KRG,10/28/2020,After Market
KRC,10/28/2020,After Market
AMAL,10/28/2020,Before Market
SYBT,10/28/2020,Before Market
CDE,10/28/2020,After Market
CUZ,10/28/2020,After Market
KBR,10/28/2020,After Market
SLAB,10/28/2020,Before Market
DB,10/28/2020,Before Market
CCS,10/28/2020,After Market
PEN,10/28/2020,After Market
CX,10/28/2020,Before Market
ENSG,10/28/2020,After Market
GILD,10/28/2020,After Market
V,10/28/2020,After Market
JOE,10/28/2020,After Market
CW,10/28/2020,After Market
DT,10/28/2020,Before Market
WH,10/28/2020,After Market
HESM,10/28/2020,Before Market
ROL,10/28/2020,Before Market
ADP,10/28/2020,Before Market
VALE,10/28/2020,Before Market
SSNC,10/28/2020,After Market
SPSC,10/28/2020,After Market
SIGI,10/28/2020,After Market
WERN,10/28/2020,After Market
NOW,10/28/2020,After Market
GRMN,10/28/2020,Before Market
DX,10/28/2020,Before Market
AVT,10/28/2020,After Market
AMP,10/28/2020,After Market
BSX,10/28/2020,Before Market
GNRC,10/28/2020,Before Market
MBIN,10/28/2020,After Market
E,10/28/2020,Before Market
F,10/28/2020,After Market
CUBI,10/28/2020,After Market
AMGN,10/28/2020,After Market
PEGA,10/28/2020,After Market
YUMC,10/28/2020,After Market
DORM,10/28/2020,After Market
WCN,10/28/2020,After Market
OVV,10/28/2020,After Market
VKTX,10/28/2020,After Market
USLM,10/28/2020,After Market
MMSI,10/28/2020,After Market
FSV,10/28/2020,Before Market
GD,10/28/2020,Before Market
GE,10/28/2020,Before Market
ALSN,10/28/2020,After Market
R,10/28/2020,Before Market
SCI,10/28/2020,After Market
EXTR,10/28/2020,Before Market
LFUS,10/28/2020,Before Market
SEE,10/28/2020,Before Market
MOH,10/28/2020,After Market
BDC,10/28/2020,Before Market
PLXS,10/28/2020,After Market
NSC,10/28/2020,Before Market
AXTI,10/28/2020,After Market
EPD,10/28/2020,Before Market
SFM,10/28/2020,After Market
VAL,10/28/2020,Before Market
FDP,10/28/2020,Before Market
RBC,10/28/2020,After Market
BLKB,10/28/2020,After Market
CGNX,10/28/2020,After Market
NTB,10/28/2020,After Market
AIT,10/28/2020,Before Market
MYRG,10/28/2020,After Market
MUSA,10/28/2020,After Market
ABG,10/27/2020,Before Market
RTX,10/27/2020,Before Market
OMCL,10/27/2020,After Market
LLY,10/27/2020,Before Market
SPGI,10/27/2020,Before Market
AAT,10/27/2020,After Market
TECK,10/27/2020,Before Market
FELE,10/27/2020,Before Market
ATEN,10/27/2020,After Market
HOG,10/27/2020,Before Market
LH,10/27/2020,Before Market
MRK,10/27/2020,Before Market
NVS,10/27/2020,Before Market
MSFT,10/27/2020,After Market
BXP,10/27/2020,After Market
ESI,10/27/2020,After Market
CIGI,10/27/2020,Before Market
BUSE,10/27/2020,After Market
SBCF,10/27/2020,After Market
GLPI,10/27/2020,After Market
ECL,10/27/2020,Before Market
MMYT,10/27/2020,Before Market
LECO,10/27/2020,Before Market
NEO,10/27/2020,Before Market
SHW,10/27/2020,Before Market
AWI,10/27/2020,Before Market
CNC,10/27/2020,Before Market
CVLT,10/27/2020,Before Market
QSR,10/27/2020,Before Market
OKE,10/27/2020,After Market
EEFT,10/27/2020,After Market
GLW,10/27/2020,Before Market
CMI,10/27/2020,Before Market
QURE,10/27/2020,Before Market
IVZ,10/27/2020,Before Market
VECO,10/27/2020,After Market
HSBC,10/27/2020,Before Market
TPB,10/27/2020,Before Market
MKTX,10/27/2020,Before Market
CROX,10/27/2020,Before Market
AGYS,10/27/2020,After Market
OI,10/27/2020,After Market
AFL,10/27/2020,After Market
EXAS,10/27/2020,Before Market
CAMT,10/27/2020,Before Market
DTE,10/27/2020,Before Market
MTDR,10/27/2020,After Market
MKSI,10/27/2020,After Market
IEX,10/27/2020,After Market
SKY,10/27/2020,After Market
OMC,10/27/2020,Before Market
BLX,10/27/2020,Before Market
SHOO,10/27/2020,Before Market
AVTR,10/27/2020,After Market
MSCI,10/27/2020,Before Market
EGP,10/27/2020,After Market
MSTR,10/27/2020,After Market
ODFL,10/27/2020,Before Market
ARCC,10/27/2020,Before Market
VIV,10/27/2020,After Market
CSTM,10/27/2020,Before Market
TRU,10/27/2020,Before Market
TRMK,10/27/2020,After Market
ST,10/27/2020,Before Market
CAT,10/27/2020,Before Market
EIX,10/27/2020,After Market
SF,10/27/2020,After Market
CCB,10/27/2020,Before Market
KAI,10/27/2020,After Market
QCRH,10/27/2020,After Market
ARES,10/27/2020,After Market
FISV,10/27/2020,After Market
ENPH,10/27/2020,After Market
CB,10/27/2020,After Market
RNST,10/27/2020,After Market
DCOM,10/27/2020,After Market
BP,10/27/2020,Before Market
RARE,10/27/2020,After Market
FSLR,10/27/2020,After Market
AMD,10/27/2020,Before Market
TENB,10/27/2020,After Market
UMBF,10/27/2020,After Market
CMRE,10/27/2020,After Market
ROP,10/27/2020,Before Market
MASI,10/27/2020,After Market
SAN,10/27/2020,Before Market
TEX,10/27/2020,After Market
EC,10/27/2020,After Market
CSGP,10/27/2020,After Market
MKL,10/27/2020,After Market
RNR,10/27/2020,After Market
PFE,10/27/2020,Before Market
HIW,10/27/2020,After Market
QGEN,10/27/2020,Before Market
BEN,10/27/2020,Before Market
ENVA,10/27/2020,After Market
LSCC,10/27/2020,After Market
WAT,10/27/2020,Before Market
DXCM,10/27/2020,After Market
APAM,10/27/2020,After Market
PII,10/27/2020,Before Market
THG,10/27/2020,After Market
FCPT,10/27/2020,After Market
LBRT,10/27/2020,After Market
MMM,10/27/2020,Before Market
RRR,10/27/2020,After Market
AKAM,10/27/2020,After Market
FTV,10/27/2020,After Market
FCF,10/27/2020,After Market
MSM,10/27/2020,Before Market
UNM,10/27/2020,After Market
EQR,10/27/2020,After Market
SWK,10/27/2020,Before Market
CHRW,10/27/2020,After Market
HUBB,10/27/2020,Before Market
PJT,10/27/2020,Before Market
TNET,10/26/2020,After Market
AMKR,10/26/2020,After Market
NBTB,10/26/2020,After Market
GABC,10/26/2020,After Market
NWBI,10/26/2020,Before Market
BYD,10/26/2020,After Market
SMPL,10/26/2020,Before Market
MC,10/26/2020,After Market
TWLO,10/26/2020,After Market
FIX,10/26/2020,After Market
HAS,10/26/2020,Before Market
OMF,10/26/2020,After Market
HCA,10/26/2020,Before Market
KOF,10/26/2020,Before Market
PRK,10/26/2020,After Market
CINF,10/26/2020,After Market
TCBK,10/26/2020,Before Market
BOH,10/26/2020,Before Market
NXPI,10/26/2020,After Market
PCH,10/26/2020,After Market
FIBK,10/26/2020,After Market
CBU,10/26/2020,Before Market
FFIV,10/26/2020,After Market
AMG,10/26/2020,Before Market
CATY,10/26/2020,After Market
CR,10/26/2020,After Market
BRO,10/26/2020,After Market
NOV,10/26/2020,After Market
SSD,10/26/2020,After Market
SAP,10/26/2020,Before Market
PFG,10/26/2020,After Market
MEDP,10/26/2020,After Market
VRNS,10/26/2020,After Market
FBK,10/26/2020,After Market
OTIS,10/26/2020,Before Market
LRN,10/26/2020,After Market
ARLP,10/26/2020,Before Market
SCCO,10/26/2020,After Market
LKFN,10/26/2020,Before Market
PKG,10/26/2020,After Market
ARE,10/26/2020,After Market
FBNC,10/26/2020,After Market
CE,10/25/2020,After Market
PKX,10/23/2020,Before Market
GNTX,10/23/2020,Before Market
TMP,10/23/2020,Before Market
CLF,10/23/2020,Before Market
FHN,10/23/2020,Before Market
FHB,10/23/2020,Before Market
ITW,10/23/2020,Before Market
UBSI,10/23/2020,Before Market
AXP,10/23/2020,Before Market
CRI,10/23/2020,Before Market
GBX,10/23/2020,Before Market
GRC,10/23/2020,Before Market
SIFY,10/23/2020,Before Market
ALV,10/23/2020,Before Market
B,10/23/2020,Before Market
OFG,10/23/2020,Before Market
BCS,10/23/2020,Before Market
GTLS,10/22/2020,Before Market
KB,10/22/2020,Before Market
RCI,10/22/2020,Before Market
ASR,10/22/2020,After Market
NUE,10/22/2020,Before Market
MTRN,10/22/2020,Before Market
AAL,10/22/2020,Before Market
ASB,10/22/2020,After Market
AUB,10/22/2020,Before Market
VRSN,10/22/2020,After Market
CHCO,10/22/2020,Before Market
DOW,10/22/2020,Before Market
KO,10/22/2020,Before Market
OZK,10/22/2020,After Market
ABCB,10/22/2020,After Market
MAT,10/22/2020,After Market
INTC,10/22/2020,After Market
AEP,10/22/2020,Before Market
MTB,10/22/2020,Before Market
COF,10/22/2020,After Market
ALLE,10/22/2020,Before Market
HRI,10/22/2020,Before Market
KMB,10/22/2020,Before Market
VICR,10/22/2020,After Market
SRCE,10/22/2020,After Market
SIRI,10/22/2020,Before Market
STX,10/22/2020,After Market
RHI,10/22/2020,After Market
INDB,10/22/2020,After Market
FFBC,10/22/2020,After Market
TPH,10/22/2020,Before Market
CHKP,10/22/2020,Before Market
SNA,10/22/2020,Before Market
PAG,10/22/2020,Before Market
GPC,10/22/2020,Before Market
HTH,10/22/2020,After Market
EIG,10/22/2020,After Market
AB,10/22/2020,Before Market
RS,10/22/2020,Before Market
MANH,10/22/2020,After Market
HBAN,10/22/2020,Before Market
LUV,10/22/2020,Before Market
EWBC,10/22/2020,Before Market
SAFE,10/22/2020,Before Market
SON,10/22/2020,Before Market
ALK,10/22/2020,Before Market
ORI,10/22/2020,Before Market
VLO,10/22/2020,Before Market
FITB,10/22/2020,Before Market
BY,10/22/2020,After Market
NOC,10/22/2020,Before Market
BANC,10/22/2020,Before Market
DGX,10/22/2020,Before Market
ARGX,10/22/2020,Before Market
WSFS,10/22/2020,After Market
FFIN,10/22/2020,After Market
TSCO,10/22/2020,Before Market
SAM,10/22/2020,After Market
DHR,10/22/2020,Before Market
FAF,10/22/2020,Before Market
WST,10/22/2020,Before Market
STM,10/22/2020,Before Market
WSO,10/22/2020,Before Market
STBA,10/22/2020,Before Market
TOWN,10/22/2020,Before Market
WAL,10/22/2020,After Market
GWW,10/22/2020,Before Market
ENTG,10/22/2020,Before Market
WBS,10/22/2020,Before Market
PHM,10/22/2020,Before Market
T,10/22/2020,Before Market
LNN,10/22/2020,Before Market
CRS,10/22/2020,Before Market
POOL,10/22/2020,Before Market
UNP,10/22/2020,Before Market
EQT,10/22/2020,Before Market
GBCI,10/22/2020,After Market
FCX,10/22/2020,Before Market
SLGN,10/21/2020,Before Market
ALGN,10/21/2020,After Market
CTBI,10/21/2020,Before Market
KALU,10/21/2020,After Market
NEE,10/21/2020,Before Market
ABT,10/21/2020,Before Market
FCFS,10/21/2020,Before Market
UFPI,10/21/2020,After Market
TMO,10/21/2020,Before Market
WHR,10/21/2020,After Market
MANU,10/21/2020,Before Market
LOB,10/21/2020,After Market
NWE,10/21/2020,After Market
BOKF,10/21/2020,Before Market
TSLA,10/21/2020,After Market
MTH,10/21/2020,After Market
AVY,10/21/2020,Before Market
HCSG,10/21/2020,Before Market
CMG,10/21/2020,After Market
KMI,10/21/2020,After Market
CNS,10/21/2020,After Market
EVR,10/21/2020,Before Market
LAD,10/21/2020,Before Market
EFX,10/21/2020,After Market
BKR,10/21/2020,Before Market
SLM,10/21/2020,After Market
SLG,10/21/2020,After Market
RUSHA,10/21/2020,After Market
KNX,10/21/2020,Before Market
WTFC,10/21/2020,After Market
WSBC,10/21/2020,After Market
TCBI,10/21/2020,After Market
TRN,10/21/2020,After Market
ICLR,10/21/2020,After Market
CVBF,10/21/2020,After Market
OSBC,10/21/2020,After Market
AN,10/21/2020,Before Market
NDAQ,10/21/2020,Before Market
LRCX,10/21/2020,After Market
LVS,10/21/2020,After Market
RLI,10/21/2020,After Market
BIIB,10/21/2020,Before Market
CSX,10/21/2020,After Market
CADE,10/21/2020,Before Market
GTY,10/21/2020,After Market
VMI,10/21/2020,After Market
TDY,10/21/2020,Before Market
BANR,10/21/2020,After Market
NTRS,10/21/2020,Before Market
CCI,10/21/2020,After Market
VZ,10/21/2020,Before Market
FR,10/21/2020,After Market
SEIC,10/21/2020,After Market
UNF,10/21/2020,Before Market
LSTR,10/21/2020,After Market
STC,10/21/2020,After Market
EW,10/21/2020,After Market
KEY,10/21/2020,Before Market
APH,10/21/2020,Before Market
GL,10/21/2020,After Market
SUI,10/21/2020,After Market
SCL,10/21/2020,Before Market
HWKN,10/21/2020,After Market
WGO,10/21/2020,Before Market
GGG,10/21/2020,After Market
FTI,10/21/2020,After Market
AXTA,10/21/2020,After Market
ARR,10/21/2020,After Market
GATX,10/20/2020,Before Market
SYF,10/20/2020,Before Market
PLD,10/20/2020,Before Market
REXR,10/20/2020,After Market
IQV,10/20/2020,Before Market
ACI,10/20/2020,Before Market
WDFC,10/20/2020,After Market
DOV,10/20/2020,Before Market
LMT,10/20/2020,Before Market
CALX,10/20/2020,After Market
CMA,10/20/2020,Before Market
PNR,10/20/2020,Before Market
MAN,10/20/2020,Before Market
CBSH,10/20/2020,Before Market
UBS,10/20/2020,Before Market
IRDM,10/20/2020,Before Market
CNI,10/20/2020,After Market
PM,10/20/2020,Before Market
FULT,10/20/2020,After Market
GPK,10/20/2020,Before Market
NAVI,10/20/2020,After Market
TRV,10/20/2020,Before Market
NBHC,10/20/2020,After Market
RF,10/20/2020,Before Market
CSL,10/20/2020,After Market
PEBO,10/20/2020,Before Market
IBKR,10/20/2020,After Market
HWC,10/20/2020,After Market
NFLX,10/20/2020,After Market
CP,10/20/2020,Before Market
PNFP,10/20/2020,After Market
AMX,10/20/2020,Before Market
TER,10/20/2020,After Market
WRB,10/20/2020,After Market
TXN,10/20/2020,After Market
MLI,10/20/2020,Before Market
THC,10/20/2020,After Market
PG,10/20/2020,Before Market
PCAR,10/20/2020,Before Market
OMAB,10/20/2020,After Market
LOGI,10/19/2020,After Market
HNI,10/19/2020,Before Market
SFBS,10/19/2020,After Market
IBM,10/19/2020,After Market
ADC,10/19/2020,After Market
PPG,10/19/2020,After Market
PFBC,10/19/2020,After Market
HAL,10/19/2020,Before Market
STLD,10/19/2020,After Market
ZION,10/19/2020,After Market
ONB,10/19/2020,Before Market
EFSC,10/19/2020,After Market
CDNS,10/19/2020,After Market
FNB,10/19/2020,After Market
ELS,10/19/2020,After Market
CCK,10/19/2020,After Market
HXL,10/19/2020,After Market
PHG,10/19/2020,Before Market
SFNC,10/19/2020,Before Market
LII,10/19/2020,Before Market
HDB,10/17/2020,Before Market
SXT,10/16/2020,Before Market
FCNCA,10/16/2020,Before Market
JBHT,10/16/2020,Before Market
VFC,10/16/2020,Before Market
RBCAA,10/16/2020,Before Market
SLB,10/16/2020,Before Market
ALLY,10/16/2020,Before Market
BMI,10/16/2020,Before Market
BK,10/16/2020,Before Market
CFG,10/16/2020,Before Market
STT,10/16/2020,Before Market
CMC,10/15/2020,Before Market
SCHW,10/15/2020,Before Market
MS,10/15/2020,Before Market
TSM,10/15/2020,Before Market
BANF,10/15/2020,After Market
TFC,10/15/2020,Before Market
MRTN,10/15/2020,After Market
WABC,10/15/2020,Before Market
HOMB,10/15/2020,Before Market
ISRG,10/15/2020,After Market
WFC,10/14/2020,Before Market
PNC,10/14/2020,Before Market
USB,10/14/2020,Before Market
UAL,10/14/2020,After Market
INFY,10/14/2020,Before Market
AA,10/14/2020,After Market
BAC,10/14/2020,Before Market
NRIX,10/14/2020,After Market
PGR,10/14/2020,Before Market
WAFD,10/14/2020,After Market
GS,10/14/2020,Before Market
ASML,10/14/2020,Before Market
UNH,10/14/2020,Before Market
DAL,10/13/2020,Before Market
BLK,10/13/2020,Before Market
FAST,10/13/2020,Before Market
AZZ,10/13/2020,Before Market
JNJ,10/13/2020,Before Market
EDU,10/13/2020,Before Market
JPM,10/13/2020,Before Market
C,10/13/2020,Before Market
AYI,10/8/2020,Before Market
DPZ,10/8/2020,Before Market
CUK,10/8/2020,Before Market
CCL,10/8/2020,Before Market
RPM,10/7/2020,Before Market
LW,10/7/2020,Before Market
PAYX,10/6/2020,Before Market
LEVI,10/6/2020,After Market
IDT,10/1/2020,After Market
STZ,10/1/2020,Before Market
CAG,10/1/2020,Before Market
EPAC,9/30/2020,Before Market
PEP,9/30/2020,After Market
MU,9/29/2020,After Market
SMMT,9/29/2020,Before Market
SNX,9/29/2020,After Market
MKC,9/29/2020,Before Market
PRGS,9/29/2020,After Market
UNFI,9/28/2020,After Market
CALM,9/28/2020,Before Market
THO,9/28/2020,Before Market
MTN,9/24/2020,After Market
COST,9/24/2020,After Market
TCOM,9/24/2020,After Market
KMX,9/24/2020,Before Market
DRI,9/24/2020,Before Market
JBL,9/24/2020,Before Market
FDS,9/24/2020,Before Market
ACN,9/24/2020,Before Market
AIR,9/24/2020,After Market
WOR,9/23/2020,Before Market
JEF,9/23/2020,After Market
GIS,9/23/2020,Before Market
JKS,9/23/2020,Before Market
CTAS,9/23/2020,Before Market
FUL,9/23/2020,After Market
AZO,9/22/2020,Before Market
KBH,9/22/2020,After Market
NKE,9/22/2020,After Market
BRC,9/16/2020,Before Market
HMY,9/15/2020,Before Market
FDX,9/15/2020,After Market
ADBE,9/15/2020,After Market
HTHT,9/14/2020,Before Market
LEN,9/14/2020,After Market
KR,9/11/2020,Before Market
CHWY,9/10/2020,After Market
VITL,9/10/2020,After Market
ORCL,9/10/2020,After Market
FIZZ,9/10/2020,Before Market
VERX,9/9/2020,Before Market
GME,9/9/2020,After Market
AEO,9/9/2020,Before Market
DSGX,9/9/2020,After Market
AGX,9/9/2020,After Market
RH,9/9/2020,After Market
NCNO,9/9/2020,After Market
GIII,9/9/2020,Before Market
ZS,9/9/2020,After Market
AVAV,9/9/2020,After Market
REVG,9/9/2020,Before Market
ABM,9/8/2020,After Market
CASY,9/8/2020,After Market
HQY,9/8/2020,After Market
NSSC,9/8/2020,Before Market
LULU,9/8/2020,After Market
CPB,9/3/2020,Before Market
DCI,9/3/2020,Before Market
SIG,9/3/2020,Before Market
KFY,9/3/2020,Before Market
COO,9/3/2020,After Market
TTC,9/3/2020,Before Market
AVGO,9/3/2020,After Market
CIEN,9/3/2020,Before Market
DOCU,9/3/2020,After Market
BF/B,9/2/2020,Before Market
BF/A,9/2/2020,Before Market
MDB,9/2/2020,After Market
AMBA,9/2/2020,After Market
PVH,9/2/2020,After Market
GWRE,9/2/2020,After Market
RKT,9/2/2020,After Market
FIVE,9/2/2020,After Market
CRWD,9/2/2020,After Market
SAIC,9/2/2020,After Market
KEN,9/2/2020,Before Market
M,9/2/2020,Before Market
CPRT,9/2/2020,After Market
DRD,9/1/2020,Before Market
JAMF,9/1/2020,After Market
HRB,9/1/2020,After Market
BMA,8/31/2020,After Market
GILT,8/31/2020,Before Market
ZM,8/31/2020,After Market
LEGN,8/28/2020,After Market
WPP,8/27/2020,Before Market
BURL,8/27/2020,Before Market
HPQ,8/27/2020,After Market
VEEV,8/27/2020,After Market
NTNX,8/27/2020,After Market
AFYA,8/27/2020,After Market
OKTA,8/27/2020,After Market
SBSW,8/27/2020,Before Market
CM,8/27/2020,Before Market
BILL,8/27/2020,After Market
TD,8/27/2020,Before Market
DLTR,8/27/2020,Before Market
ANF,8/27/2020,Before Market
DG,8/27/2020,Before Market
ASND,8/27/2020,After Market
MRVL,8/27/2020,After Market
PLAB,8/27/2020,Before Market
FRO,8/27/2020,Before Market
DELL,8/27/2020,After Market
OLLI,8/27/2020,After Market
ULTA,8/27/2020,After Market
WDAY,8/27/2020,After Market
ESTC,8/26/2020,After Market
NTAP,8/26/2020,After Market
REX,8/26/2020,Before Market
DAKT,8/26/2020,Before Market
RY,8/26/2020,Before Market
CEPU,8/26/2020,After Market
SMTC,8/26/2020,After Market
BOX,8/26/2020,After Market
MESO,8/26/2020,After Market
BILI,8/26/2020,After Market
DY,8/26/2020,Before Market
PAHC,8/26/2020,After Market
GEF,8/26/2020,After Market
DKS,8/26/2020,Before Market
WSM,8/26/2020,After Market
INTU,8/25/2020,After Market
HPE,8/25/2020,After Market
ATHM,8/25/2020,Before Market
PSTG,8/25/2020,After Market
HRL,8/25/2020,Before Market
TOL,8/25/2020,After Market
CRM,8/25/2020,After Market
URBN,8/25/2020,After Market
BMO,8/25/2020,Before Market
HEI,8/25/2020,After Market
GGAL,8/25/2020,After Market
BNS,8/25/2020,Before Market
ADSK,8/25/2020,After Market
EH,8/25/2020,Before Market
BBAR,8/25/2020,After Market
SJM,8/25/2020,Before Market
BBY,8/25/2020,Before Market
MDT,8/25/2020,Before Market
HEI/A,8/25/2020,After Market
PANW,8/24/2020,After Market
SXI,8/24/2020,After Market
QFIN,8/23/2020,After Market
BKE,8/21/2020,Before Market
PDD,8/21/2020,Before Market
MMYT,8/21/2020,Before Market
DE,8/21/2020,Before Market
OPRA,8/20/2020,Before Market
ROST,8/20/2020,After Market
GFI,8/20/2020,Before Market
BABA,8/20/2020,Before Market
EL,8/20/2020,Before Market
SDRL,8/20/2020,Before Market
BJ,8/20/2020,Before Market
CAAP,8/20/2020,After Market
KEYS,8/20/2020,After Market
OSIS,8/20/2020,After Market
CRH,8/20/2020,Before Market
VIPS,8/19/2020,Before Market
SNPS,8/19/2020,After Market
LB,8/19/2020,After Market
ADI,8/19/2020,Before Market
LOW,8/19/2020,Before Market
NVDA,8/19/2020,After Market
FLNG,8/19/2020,Before Market
SQM,8/19/2020,After Market
NDSN,8/19/2020,After Market
TGT,8/19/2020,Before Market
TJX,8/19/2020,Before Market
LZB,8/18/2020,After Market
SE,8/18/2020,Before Market
AMCR,8/18/2020,Before Market
WMT,8/18/2020,Before Market
ALC,8/18/2020,After Market
GDS,8/18/2020,Before Market
JKHY,8/18/2020,After Market
DQ,8/18/2020,Before Market
KSS,8/18/2020,Before Market
A,8/18/2020,After Market
HD,8/18/2020,Before Market
ATGE,8/18/2020,After Market
AAP,8/18/2020,Before Market
BHP,8/17/2020,Before Market
SUPN,8/17/2020,After Market
TRMD,8/17/2020,Before Market
FN,8/17/2020,After Market
JD,8/17/2020,Before Market
MSGE,8/14/2020,Before Market
DKNG,8/14/2020,Before Market
PSIX,8/14/2020,Before Market
MSGS,8/14/2020,Before Market
SBS,8/14/2020,Before Market
FLR,8/14/2020,Before Market
ESLT,8/13/2020,Before Market
GLNG,8/13/2020,Before Market
TPR,8/13/2020,Before Market
GLOB,8/13/2020,After Market
TNK,8/13/2020,Before Market
BIDU,8/13/2020,After Market
ZLAB,8/13/2020,Before Market
DAO,8/13/2020,Before Market
HUT,8/13/2020,Before Market
FLY,8/13/2020,Before Market
NVGS,8/13/2020,After Market
AMAT,8/13/2020,After Market
BAM,8/13/2020,Before Market
MGIC,8/13/2020,Before Market
FUTU,8/13/2020,Before Market
WCC,8/13/2020,Before Market
KEP,8/13/2020,Before Market
NTES,8/13/2020,Before Market
MAGS,8/13/2020,Before Market
ZTO,8/12/2020,After Market
RPRX,8/12/2020,Before Market
BEAM,8/12/2020,Before Market
GMAB,8/12/2020,Before Market
PCVX,8/12/2020,After Market
CSCO,8/12/2020,After Market
ENS,8/12/2020,After Market
RVLV,8/12/2020,After Market
AIT,8/12/2020,Before Market
JMIA,8/12/2020,Before Market
PFGC,8/12/2020,Before Market
BLBD,8/12/2020,After Market
WPM,8/12/2020,After Market
LYFT,8/12/2020,After Market
CACI,8/12/2020,After Market
OSW,8/12/2020,Before Market
CYD,8/12/2020,Before Market
IDYA,8/12/2020,Before Market
XPEL,8/12/2020,Before Market
CAE,8/12/2020,Before Market
EAT,8/12/2020,Before Market
VIAV,8/11/2020,After Market
PUK,8/11/2020,Before Market
LITE,8/11/2020,Before Market
CNR,8/11/2020,After Market
BBIO,8/11/2020,Before Market
LRN,8/11/2020,After Market
IMOS,8/11/2020,Before Market
ARQT,8/11/2020,After Market
HBM,8/11/2020,After Market
SMCI,8/11/2020,After Market
PNTG,8/11/2020,After Market
AUPH,8/11/2020,After Market
BR,8/11/2020,Before Market
LTM,8/11/2020,Before Market
PAM,8/11/2020,After Market
STNE,8/11/2020,After Market
TXG,8/11/2020,After Market
XP,8/11/2020,After Market
SYY,8/11/2020,Before Market
GOOS,8/11/2020,Before Market
LMND,8/11/2020,After Market
BNTX,8/11/2020,Before Market
ESE,8/10/2020,After Market
YPF,8/10/2020,After Market
MAC,8/10/2020,After Market
TME,8/10/2020,After Market
RCL,8/10/2020,Before Market
RUN,8/10/2020,After Market
IAC,8/10/2020,After Market
TGNA,8/10/2020,Before Market
BATRK,8/10/2020,Before Market
BATRA,8/10/2020,Before Market
HALO,8/10/2020,After Market
ANAB,8/10/2020,Before Market
MAR,8/10/2020,Before Market
CELC,8/10/2020,After Market
PRA,8/10/2020,After Market
MELI,8/10/2020,After Market
RVMD,8/10/2020,Before Market
KOD,8/10/2020,Before Market
GOLD,8/10/2020,Before Market
AGM,8/10/2020,After Market
IFF,8/10/2020,After Market
BKD,8/10/2020,After Market
HROW,8/10/2020,After Market
CSTL,8/10/2020,After Market
LQDA,8/10/2020,Before Market
PPL,8/10/2020,Before Market
NHI,8/10/2020,After Market
SA,8/10/2020,After Market
SLNO,8/10/2020,After Market
BHVN,8/10/2020,Before Market
OCSL,8/10/2020,Before Market
DUK,8/10/2020,Before Market
RIOT,8/10/2020,After Market
TGTX,8/10/2020,Before Market
FWONK,8/10/2020,Before Market
STOK,8/10/2020,Before Market
ADPT,8/10/2020,After Market
FWONA,8/10/2020,Before Market
AVDL,8/10/2020,Before Market
SPG,8/10/2020,After Market
WSC,8/10/2020,Before Market
IPAR,8/10/2020,After Market
JHX,8/10/2020,Before Market
FOLD,8/10/2020,Before Market
DHT,8/10/2020,After Market
RDNT,8/10/2020,Before Market
RNA,8/10/2020,After Market
QLYS,8/10/2020,After Market
ADUS,8/10/2020,After Market
CNXN,8/10/2020,After Market
ICUI,8/10/2020,After Market
FSK,8/10/2020,After Market
RAMP,8/10/2020,After Market
GEN,8/10/2020,After Market
WES,8/10/2020,After Market
MGNI,8/10/2020,After Market
SDGR,8/10/2020,Before Market
AXSM,8/10/2020,Before Market
OXY,8/10/2020,After Market
NTR,8/10/2020,After Market
CPRX,8/10/2020,After Market
WVE,8/10/2020,Before Market
PARR,8/9/2020,After Market
ON,8/8/2020,Before Market
BRK/B,8/8/2020,Before Market
RDN,8/7/2020,After Market
KT,8/7/2020,Before Market
VTR,8/7/2020,Before Market
KIM,8/7/2020,Before Market
SRRK,8/7/2020,Before Market
VIRT,8/7/2020,Before Market
INSW,8/7/2020,Before Market
ESNT,8/7/2020,Before Market
NWN,8/7/2020,Before Market
AGO,8/7/2020,Before Market
CRNX,8/7/2020,Before Market
ROAD,8/7/2020,Before Market
IESC,8/7/2020,Before Market
NJR,8/7/2020,Before Market
PAR,8/7/2020,Before Market
MGA,8/7/2020,Before Market
TILE,8/7/2020,Before Market
KRYS,8/7/2020,After Market
CSIQ,8/7/2020,Before Market
NOG,8/7/2020,Before Market
DNLI,8/7/2020,After Market
NRP,8/7/2020,Before Market
TGS,8/7/2020,Before Market
BEP,8/7/2020,Before Market
AU,8/7/2020,Before Market
GBDC,8/7/2020,After Market
CTRA,8/7/2020,Before Market
ZTS,8/6/2020,Before Market
ATEC,8/6/2020,After Market
LNT,8/6/2020,After Market
PMT,8/6/2020,After Market
XENE,8/6/2020,After Market
DIOD,8/6/2020,After Market
NET,8/6/2020,After Market
AVT,8/6/2020,After Market
NVO,8/6/2020,Before Market
USPH,8/6/2020,Before Market
PDFS,8/6/2020,After Market
YETI,8/6/2020,Before Market
LNG,8/6/2020,Before Market
DOC,8/6/2020,Before Market
NOVT,8/6/2020,Before Market
DXC,8/6/2020,After Market
IRM,8/6/2020,Before Market
INSM,8/6/2020,Before Market
TM,8/6/2020,Before Market
TGLS,8/6/2020,Before Market
MAIN,8/6/2020,After Market
NFG,8/6/2020,After Market
LAUR,8/6/2020,Before Market
PH,8/6/2020,Before Market
CNQ,8/6/2020,Before Market
CNP,8/6/2020,Before Market
DVAX,8/6/2020,After Market
CLDX,8/6/2020,After Market
TMUS,8/6/2020,After Market
DGII,8/6/2020,After Market
TRGP,8/6/2020,Before Market
QSR,8/6/2020,Before Market
AEE,8/6/2020,After Market
AAOI,8/6/2020,After Market
AEP,8/6/2020,Before Market
AES,8/6/2020,Before Market
AAON,8/6/2020,Before Market
IMKTA,8/6/2020,Before Market
WIX,8/6/2020,Before Market
PENN,8/6/2020,Before Market
PNW,8/6/2020,Before Market
CELH,8/6/2020,Before Market
MDGL,8/6/2020,Before Market
DDOG,8/6/2020,After Market
POST,8/6/2020,After Market
GLP,8/6/2020,Before Market
WLDN,8/6/2020,After Market
IBP,8/6/2020,Before Market
FOUR,8/6/2020,Before Market
EPAM,8/6/2020,Before Market
BHF,8/6/2020,After Market
MSI,8/6/2020,After Market
IRTC,8/6/2020,After Market
GLPG,8/6/2020,After Market
UTI,8/6/2020,After Market
WLK,8/6/2020,Before Market
THR,8/6/2020,Before Market
BKNG,8/6/2020,After Market
EYE,8/6/2020,Before Market
SERV,8/6/2020,Before Market
NTLA,8/6/2020,Before Market
TRIP,8/6/2020,After Market
ILMN,8/6/2020,After Market
PFSI,8/6/2020,After Market
PTGX,8/6/2020,After Market
XRAY,8/6/2020,Before Market
VSAT,8/6/2020,After Market
PODD,8/6/2020,After Market
DBX,8/6/2020,After Market
EFC,8/6/2020,After Market
ACIW,8/6/2020,Before Market
NCLH,8/6/2020,Before Market
SNDX,8/6/2020,After Market
SATS,8/6/2020,Before Market
SLF,8/6/2020,After Market
MUR,8/6/2020,Before Market
SKM,8/6/2020,Before Market
NHC,8/6/2020,After Market
CCEP,8/6/2020,Before Market
CAH,8/6/2020,Before Market
AMPH,8/6/2020,After Market
RCUS,8/6/2020,After Market
MUX,8/6/2020,After Market
NMRK,8/6/2020,Before Market
NICE,8/6/2020,Before Market
AL,8/6/2020,After Market
AG,8/6/2020,After Market
GKOS,8/6/2020,After Market
CAI,8/6/2020,After Market
CAPR,8/6/2020,After Market
OLED,8/6/2020,After Market
BMY,8/6/2020,Before Market
APLE,8/6/2020,After Market
NSIT,8/6/2020,Before Market
MGEE,8/6/2020,Before Market
SNEX,8/6/2020,After Market
JLL,8/6/2020,Before Market
CQP,8/6/2020,Before Market
HCI,8/6/2020,After Market
AMRX,8/6/2020,Before Market
PBA,8/6/2020,After Market
ALNY,8/6/2020,Before Market
ADNT,8/6/2020,Before Market
STNG,8/6/2020,Before Market
UBER,8/6/2020,After Market
TBPH,8/6/2020,After Market
OTEX,8/6/2020,After Market
UE,8/6/2020,After Market
ESTA,8/6/2020,After Market
SPH,8/6/2020,Before Market
PRDO,8/6/2020,After Market
TDC,8/6/2020,After Market
CWEN,8/6/2020,Before Market
NNI,8/6/2020,After Market
KRP,8/6/2020,Before Market
GSL,8/6/2020,Before Market
DXPE,8/6/2020,Before Market
CARG,8/6/2020,After Market
EXEL,8/6/2020,After Market
FTNT,8/6/2020,After Market
BL,8/6/2020,After Market
CBL,8/6/2020,After Market
HWM,8/6/2020,Before Market
HASI,8/6/2020,After Market
CBT,8/6/2020,After Market
MHK,8/6/2020,After Market
TTD,8/6/2020,After Market
YELP,8/6/2020,After Market
IDCC,8/6/2020,Before Market
BAP,8/6/2020,After Market
MIRM,8/6/2020,After Market
CWK,8/6/2020,After Market
BLFS,8/6/2020,After Market
APPN,8/6/2020,After Market
CLMT,8/6/2020,Before Market
ED,8/6/2020,After Market
TWST,8/6/2020,After Market
LXP,8/6/2020,Before Market
METC,8/6/2020,After Market
FSLR,8/6/2020,After Market
PWR,8/6/2020,Before Market
IBOC,8/6/2020,Before Market
SAIL,8/6/2020,After Market
TDS,8/6/2020,After Market
CCU,8/6/2020,After Market
AMH,8/6/2020,After Market
KTB,8/6/2020,Before Market
REAL,8/6/2020,After Market
LAMR,8/6/2020,Before Market
ANIP,8/6/2020,Before Market
GSAT,8/6/2020,After Market
THS,8/6/2020,Before Market
PHAT,8/6/2020,Before Market
WCN,8/6/2020,After Market
VTOL,8/6/2020,After Market
HE,8/6/2020,Before Market
Z,8/6/2020,After Market
GH,8/6/2020,After Market
BCE,8/6/2020,Before Market
NWSA,8/6/2020,After Market
NRG,8/6/2020,Before Market
MMI,8/6/2020,After Market
BBU,8/6/2020,Before Market
EOG,8/6/2020,After Market
ING,8/6/2020,Before Market
HII,8/6/2020,Before Market
MMS,8/6/2020,Before Market
COLD,8/6/2020,After Market
G,8/6/2020,After Market
GEO,8/6/2020,Before Market
CUBE,8/6/2020,After Market
BRBR,8/6/2020,After Market
SSRM,8/6/2020,After Market
CYTK,8/6/2020,After Market
HMN,8/6/2020,After Market
EXLS,8/6/2020,Before Market
VEON,8/6/2020,Before Market
HLT,8/6/2020,Before Market
CCOI,8/6/2020,Before Market
INOD,8/6/2020,Before Market
PZZA,8/6/2020,Before Market
OGE,8/6/2020,Before Market
SWX,8/6/2020,After Market
RBA,8/6/2020,After Market
HLF,8/6/2020,After Market
VRRM,8/6/2020,After Market
ALEX,8/6/2020,After Market
WWD,8/6/2020,After Market
WMS,8/6/2020,Before Market
NWS,8/6/2020,After Market
CZR,8/6/2020,After Market
CIGI,8/6/2020,Before Market
RSG,8/6/2020,After Market
CTRE,8/6/2020,After Market
PCTY,8/6/2020,After Market
CHH,8/6/2020,Before Market
PBH,8/6/2020,Before Market
DMLP,8/6/2020,Before Market
BDX,8/6/2020,Before Market
HL,8/6/2020,Before Market
NSA,8/6/2020,After Market
ZG,8/6/2020,After Market
SEE,8/6/2020,Before Market
CLH,8/5/2020,Before Market
PTCT,8/5/2020,After Market
REGN,8/5/2020,Before Market
LASR,8/5/2020,After Market
ELF,8/5/2020,After Market
LNC,8/5/2020,After Market
FTDR,8/5/2020,After Market
DOX,8/5/2020,After Market
IAG,8/5/2020,After Market
WTRG,8/5/2020,After Market
SYNA,8/5/2020,After Market
TEVA,8/5/2020,Before Market
ATO,8/5/2020,After Market
VST,8/5/2020,Before Market
REYN,8/5/2020,Before Market
SRPT,8/5/2020,After Market
OHI,8/5/2020,After Market
VOYA,8/5/2020,After Market
AWK,8/5/2020,After Market
EPRT,8/5/2020,After Market
EXTR,8/5/2020,Before Market
ASTE,8/5/2020,Before Market
BIP,8/5/2020,Before Market
NI,8/5/2020,Before Market
IIPR,8/5/2020,After Market
ECPG,8/5/2020,After Market
NE,8/5/2020,After Market
AVA,8/5/2020,Before Market
ORIC,8/5/2020,After Market
CTVA,8/5/2020,After Market
TMDX,8/5/2020,After Market
AXGN,8/5/2020,After Market
MET,8/5/2020,After Market
UHAL,8/5/2020,After Market
MRNA,8/5/2020,Before Market
CPK,8/5/2020,After Market
ETSY,8/5/2020,After Market
ADMA,8/5/2020,After Market
PRI,8/5/2020,After Market
GOLF,8/5/2020,Before Market
CAMT,8/5/2020,Before Market
CVNA,8/5/2020,After Market
CPA,8/5/2020,After Market
MWA,8/5/2020,After Market
RYN,8/5/2020,After Market
OR,8/5/2020,After Market
WELL,8/5/2020,After Market
SBGI,8/5/2020,Before Market
CENX,8/5/2020,After Market
NYT,8/5/2020,Before Market
GMED,8/5/2020,After Market
OLN,8/5/2020,After Market
SKT,8/5/2020,After Market
DAR,8/5/2020,After Market
MGY,8/5/2020,After Market
ROCK,8/5/2020,Before Market
RMD,8/5/2020,After Market
SITM,8/5/2020,After Market
DFIN,8/5/2020,Before Market
HMC,8/5/2020,Before Market
HUM,8/5/2020,Before Market
CRK,8/5/2020,After Market
CRL,8/5/2020,Before Market
CPRI,8/5/2020,Before Market
TRMB,8/5/2020,After Market
PLUS,8/5/2020,After Market
PSN,8/5/2020,Before Market
PAAS,8/5/2020,After Market
MFC,8/5/2020,After Market
PSA,8/5/2020,After Market
TRI,8/5/2020,Before Market
GDDY,8/5/2020,After Market
HCC,8/5/2020,After Market
ZYME,8/5/2020,After Market
CENT,8/5/2020,After Market
ARES,8/5/2020,Before Market
TRNO,8/5/2020,After Market
SAFT,8/5/2020,After Market
SR,8/5/2020,Before Market
TS,8/5/2020,After Market
ARWR,8/5/2020,After Market
FISV,8/5/2020,After Market
CF,8/5/2020,After Market
ALB,8/5/2020,After Market
FNV,8/5/2020,After Market
AKR,8/5/2020,After Market
KRG,8/5/2020,After Market
CSGS,8/5/2020,After Market
IONS,8/5/2020,Before Market
ACMR,8/5/2020,After Market
BV,8/5/2020,Before Market
VCTR,8/5/2020,After Market
ET,8/5/2020,After Market
LYV,8/5/2020,After Market
TWO,8/5/2020,After Market
SBLK,8/5/2020,After Market
CDW,8/5/2020,Before Market
RGLD,8/5/2020,After Market
WD,8/5/2020,Before Market
CVS,8/5/2020,Before Market
SONO,8/5/2020,After Market
NTRA,8/5/2020,After Market
EVRG,8/5/2020,Before Market
KBR,8/5/2020,After Market
MATX,8/5/2020,After Market
PRGO,8/5/2020,Before Market
WDC,8/5/2020,After Market
STAA,8/5/2020,After Market
ENSG,8/5/2020,After Market
SRE,8/5/2020,Before Market
ALRM,8/5/2020,After Market
KWR,8/5/2020,After Market
NMIH,8/5/2020,After Market
ENR,8/5/2020,Before Market
SUN,8/5/2020,After Market
QTWO,8/5/2020,After Market
CXW,8/5/2020,After Market
BFAM,8/5/2020,After Market
NXST,8/5/2020,Before Market
PGNY,8/5/2020,After Market
BTU,8/5/2020,Before Market
COLL,8/5/2020,After Market
OUT,8/5/2020,After Market
W,8/5/2020,Before Market
ACAD,8/5/2020,After Market
AEIS,8/5/2020,Before Market
MIDD,8/5/2020,Before Market
FRT,8/5/2020,After Market
FG,8/5/2020,After Market
SGRY,8/5/2020,Before Market
STN,8/5/2020,After Market
GEL,8/5/2020,Before Market
VCEL,8/5/2020,Before Market
EYPT,8/5/2020,Before Market
WWW,8/5/2020,Before Market
ARLO,8/5/2020,After Market
ROKU,8/5/2020,After Market
DNOW,8/5/2020,Before Market
BIPC,8/5/2020,Before Market
HI,8/5/2020,After Market
BWA,8/5/2020,Before Market
CIM,8/5/2020,Before Market
HUBS,8/5/2020,After Market
UVV,8/5/2020,After Market
CIB,8/5/2020,After Market
FUN,8/5/2020,Before Market
EPR,8/5/2020,After Market
STWD,8/5/2020,Before Market
HR,8/5/2020,After Market
SBRA,8/5/2020,After Market
UMH,8/5/2020,After Market
AMSC,8/5/2020,After Market
MCHP,8/4/2020,After Market
LGIH,8/4/2020,Before Market
VRSK,8/4/2020,After Market
ICFI,8/4/2020,After Market
ZBH,8/4/2020,Before Market
LC,8/4/2020,After Market
ESI,8/4/2020,Before Market
LDOS,8/4/2020,Before Market
REZI,8/4/2020,Before Market
ACM,8/4/2020,Before Market
ATI,8/4/2020,Before Market
BMRN,8/4/2020,After Market
ARMK,8/4/2020,Before Market
LPX,8/4/2020,Before Market
CNO,8/4/2020,After Market
RGA,8/4/2020,After Market
USAC,8/4/2020,Before Market
THRM,8/4/2020,Before Market
CNK,8/4/2020,Before Market
EXPD,8/4/2020,Before Market
CRVL,8/4/2020,Before Market
UFPT,8/4/2020,Before Market
INSP,8/4/2020,After Market
HLNE,8/4/2020,Before Market
UPWK,8/4/2020,After Market
KKR,8/4/2020,Before Market
TWLO,8/4/2020,After Market
MTG,8/4/2020,After Market
FOXA,8/4/2020,After Market
INCY,8/4/2020,Before Market
MTCH,8/4/2020,After Market
TSLX,8/4/2020,After Market
GPOR,8/4/2020,After Market
CORT,8/4/2020,After Market
POWL,8/4/2020,After Market
BLD,8/4/2020,Before Market
RHP,8/4/2020,Before Market
JAZZ,8/4/2020,After Market
EXC,8/4/2020,Before Market
MOD,8/4/2020,After Market
EXR,8/4/2020,After Market
OPCH,8/4/2020,Before Market
MDU,8/4/2020,After Market
AFG,8/4/2020,After Market
FIS,8/4/2020,Before Market
OI,8/4/2020,After Market
ANDE,8/4/2020,After Market
DEA,8/4/2020,Before Market
WMG,8/4/2020,Before Market
FMC,8/4/2020,After Market
ARCC,8/4/2020,Before Market
DVN,8/4/2020,After Market
AIZ,8/4/2020,After Market
ATKR,8/4/2020,Before Market
ANET,8/4/2020,After Market
INGR,8/4/2020,Before Market
PRU,8/4/2020,After Market
PAA,8/4/2020,After Market
USFD,8/4/2020,Before Market
FOX,8/4/2020,After Market
ALL,8/4/2020,After Market
LEU,8/4/2020,After Market
MNST,8/4/2020,After Market
DEO,8/4/2020,Before Market
ACLS,8/4/2020,After Market
ENPH,8/4/2020,After Market
PLMR,8/4/2020,After Market
GLDD,8/4/2020,Before Market
LOPE,8/4/2020,After Market
TX,8/4/2020,After Market
ORA,8/4/2020,After Market
BP,8/4/2020,Before Market
MRCY,8/4/2020,After Market
LEA,8/4/2020,Before Market
CDNA,8/4/2020,After Market
FNF,8/4/2020,After Market
PLNT,8/4/2020,After Market
MUFG,8/4/2020,Before Market
WK,8/4/2020,After Market
NPO,8/4/2020,Before Market
KTOS,8/4/2020,After Market
EE,8/4/2020,Before Market
EZPW,8/4/2020,After Market
EC,8/4/2020,Before Market
TDG,8/4/2020,Before Market
EMR,8/4/2020,Before Market
COHR,8/4/2020,After Market
HSIC,8/4/2020,Before Market
VMC,8/4/2020,Before Market
GTES,8/4/2020,After Market
DK,8/4/2020,After Market
LPG,8/4/2020,Before Market
AME,8/4/2020,Before Market
WYNN,8/4/2020,After Market
PAGP,8/4/2020,After Market
PAYC,8/4/2020,After Market
ALSN,8/4/2020,After Market
DIS,8/4/2020,After Market
DKL,8/4/2020,After Market
COKE,8/4/2020,After Market
HAE,8/4/2020,Before Market
QGEN,8/4/2020,After Market
TECH,8/4/2020,Before Market
ONTO,8/4/2020,After Market
PRIM,8/4/2020,Before Market
EVTC,8/4/2020,After Market
VSH,8/4/2020,Before Market
CYBR,8/4/2020,Before Market
JBGS,8/4/2020,After Market
BOOT,8/4/2020,After Market
IOSP,8/4/2020,After Market
IT,8/4/2020,Before Market
WEC,8/4/2020,Before Market
NVMI,8/4/2020,Before Market
IPGP,8/4/2020,Before Market
EQH,8/4/2020,After Market
GRBK,8/4/2020,After Market
LCII,8/4/2020,Before Market
RL,8/4/2020,Before Market
RRR,8/4/2020,After Market
TRUP,8/4/2020,After Market
BWXT,8/3/2020,After Market
TREX,8/3/2020,After Market
TTWO,8/3/2020,After Market
SBAC,8/3/2020,After Market
RYTM,8/3/2020,Before Market
FANG,8/3/2020,After Market
ESS,8/3/2020,After Market
TKR,8/3/2020,Before Market
DAC,8/3/2020,After Market
CRUS,8/3/2020,After Market
AWR,8/3/2020,After Market
CMS,8/3/2020,Before Market
ICHR,8/3/2020,After Market
STE,8/3/2020,After Market
CNA,8/3/2020,Before Market
UAN,8/3/2020,After Market
KMT,8/3/2020,After Market
VECO,8/3/2020,After Market
FRPT,8/3/2020,After Market
REG,8/3/2020,After Market
VVV,8/3/2020,After Market
INVH,8/3/2020,After Market
LGND,8/3/2020,Before Market
CWST,8/3/2020,After Market
BKH,8/3/2020,After Market
TXRH,8/3/2020,After Market
MCY,8/3/2020,Before Market
HSBC,8/3/2020,Before Market
KMPR,8/3/2020,After Market
HLIO,8/3/2020,After Market
OTTR,8/3/2020,After Market
TSN,8/3/2020,Before Market
BRKR,8/3/2020,After Market
WMK,8/3/2020,After Market
AIG,8/3/2020,After Market
AMRC,8/3/2020,After Market
SEDG,8/3/2020,After Market
GPN,8/3/2020,Before Market
NBIX,8/3/2020,After Market
WMB,8/3/2020,After Market
KLAC,8/3/2020,After Market
NNN,8/3/2020,Before Market
CW,8/3/2020,After Market
LEG,8/3/2020,After Market
APPF,8/3/2020,After Market
UGI,8/3/2020,After Market
BRX,8/3/2020,After Market
FIVN,8/3/2020,After Market
MCK,8/3/2020,Before Market
ITRI,8/3/2020,After Market
CVI,8/3/2020,After Market
EME,8/3/2020,Before Market
VNO,8/3/2020,After Market
EMN,8/3/2020,After Market
PEN,8/3/2020,After Market
MPLX,8/3/2020,Before Market
STRL,8/3/2020,After Market
RNG,8/3/2020,After Market
J,8/3/2020,Before Market
RRC,8/3/2020,After Market
VNOM,8/3/2020,After Market
VRNS,8/3/2020,After Market
THC,8/3/2020,After Market
WTS,8/3/2020,After Market
RACE,8/3/2020,Before Market
O,8/3/2020,After Market
L,8/3/2020,Before Market
RMBS,8/3/2020,After Market
BSM,8/3/2020,After Market
H,8/3/2020,After Market
IR,8/3/2020,After Market
MPC,8/3/2020,Before Market
DLB,8/3/2020,After Market
RBC,8/3/2020,After Market
CLX,8/3/2020,Before Market
NSP,8/3/2020,After Market
MOS,8/3/2020,After Market
CSWC,8/3/2020,After Market
NWG,7/31/2020,Before Market
MRK,7/31/2020,Before Market
NVT,7/31/2020,Before Market
CBOE,7/31/2020,Before Market
ASX,7/31/2020,Before Market
BAH,7/31/2020,Before Market
POR,7/31/2020,Before Market
ITW,7/31/2020,Before Market
ITT,7/31/2020,Before Market
ABBV,7/31/2020,Before Market
PINS,7/31/2020,Before Market
CBRE,7/31/2020,Before Market
XOM,7/31/2020,Before Market
BCPC,7/31/2020,Before Market
LBRDK,7/31/2020,After Market
BTI,7/31/2020,Before Market
LBRDA,7/31/2020,After Market
PBF,7/31/2020,Before Market
PSX,7/31/2020,Before Market
PIPR,7/31/2020,Before Market
TAC,7/31/2020,Before Market
LAZ,7/31/2020,Before Market
SNA,7/31/2020,Before Market
CL,7/31/2020,Before Market
SPB,7/31/2020,Before Market
PEG,7/31/2020,Before Market
TU,7/31/2020,Before Market
WPC,7/31/2020,Before Market
CTS,7/31/2020,Before Market
CAT,7/31/2020,Before Market
VFC,7/31/2020,Before Market
LYB,7/31/2020,Before Market
CVX,7/31/2020,Before Market
ATRO,7/31/2020,Before Market
IDXX,7/31/2020,Before Market
BELFB,7/31/2020,Before Market
BCC,7/31/2020,After Market
UUUU,7/31/2020,After Market
WY,7/31/2020,Before Market
IMO,7/31/2020,Before Market
AON,7/31/2020,Before Market
LHX,7/31/2020,Before Market
D,7/31/2020,Before Market
CHTR,7/31/2020,Before Market
JCI,7/31/2020,Before Market
CHD,7/31/2020,Before Market
TAK,7/31/2020,Before Market
LPLA,7/30/2020,After Market
NEM,7/30/2020,Before Market
AGCO,7/30/2020,Before Market
CLF,7/30/2020,Before Market
ACA,7/30/2020,After Market
UPS,7/30/2020,Before Market
ATR,7/30/2020,After Market
FORM,7/30/2020,After Market
ITGR,7/30/2020,Before Market
SYK,7/30/2020,After Market
VRTX,7/30/2020,After Market
GSHD,7/30/2020,After Market
LLY,7/30/2020,Before Market
GIL,7/30/2020,Before Market
AROC,7/30/2020,After Market
ERIE,7/30/2020,After Market
MCO,7/30/2020,Before Market
CVCO,7/30/2020,After Market
MTZ,7/30/2020,After Market
IDA,7/30/2020,Before Market
GOOGL,7/30/2020,After Market
PG,7/30/2020,Before Market
AAPL,7/30/2020,After Market
BIO,7/30/2020,After Market
EXPE,7/30/2020,After Market
EXPO,7/30/2020,After Market
MTX,7/30/2020,After Market
ELAN,7/30/2020,Before Market
ICE,7/30/2020,Before Market
TNC,7/30/2020,Before Market
CNOB,7/30/2020,Before Market
MTD,7/30/2020,After Market
QURE,7/30/2020,Before Market
FHI,7/30/2020,After Market
MT,7/30/2020,Before Market
MAS,7/30/2020,Before Market
MD,7/30/2020,Before Market
EA,7/30/2020,After Market
MA,7/30/2020,Before Market
GLPI,7/30/2020,After Market
TIGO,7/30/2020,Before Market
XPO,7/30/2020,After Market
SIRI,7/30/2020,Before Market
HST,7/30/2020,After Market
EGO,7/30/2020,After Market
EXAS,7/30/2020,After Market
KNSA,7/30/2020,Before Market
CPT,7/30/2020,After Market
NTCT,7/30/2020,Before Market
NVST,7/30/2020,After Market
SKYW,7/30/2020,After Market
CMCSA,7/30/2020,Before Market
POWI,7/30/2020,After Market
COR,7/30/2020,Before Market
DBD,7/30/2020,Before Market
TPL,7/30/2020,After Market
COP,7/30/2020,Before Market
CNX,7/30/2020,Before Market
DAN,7/30/2020,Before Market
CROX,7/30/2020,Before Market
SNDR,7/30/2020,Before Market
NVCR,7/30/2020,Before Market
CRS,7/30/2020,Before Market
KNSL,7/30/2020,After Market
FMS,7/30/2020,Before Market
AJG,7/30/2020,After Market
APLS,7/30/2020,After Market
AI,7/30/2020,After Market
GOOG,7/30/2020,After Market
HTGC,7/30/2020,After Market
TAP,7/30/2020,Before Market
AGIO,7/30/2020,Before Market
CRC,7/30/2020,After Market
TMHC,7/30/2020,Before Market
PBR,7/30/2020,Before Market
ODFL,7/30/2020,Before Market
MGM,7/30/2020,After Market
TRP,7/30/2020,Before Market
LTC,7/30/2020,After Market
DVA,7/30/2020,After Market
FLS,7/30/2020,After Market
TRS,7/30/2020,Before Market
GPC,7/30/2020,Before Market
DCO,7/30/2020,After Market
HTH,7/30/2020,After Market
AZN,7/30/2020,Before Market
GPI,7/30/2020,Before Market
YUM,7/30/2020,Before Market
RGEN,7/30/2020,Before Market
FLEX,7/30/2020,After Market
PEB,7/30/2020,After Market
VLO,7/30/2020,Before Market
QDEL,7/30/2020,After Market
CARR,7/30/2020,Before Market
CRAI,7/30/2020,Before Market
CI,7/30/2020,Before Market
BLDR,7/30/2020,After Market
CC,7/30/2020,After Market
TW,7/30/2020,Before Market
CG,7/30/2020,Before Market
PATK,7/30/2020,Before Market
CBZ,7/30/2020,Before Market
RARE,7/30/2020,After Market
SO,7/30/2020,Before Market
FND,7/30/2020,After Market
SHAK,7/30/2020,After Market
PCG,7/30/2020,Before Market
SM,7/30/2020,After Market
BC,7/30/2020,Before Market
CACC,7/30/2020,After Market
OSK,7/30/2020,Before Market
TBBK,7/30/2020,After Market
ARGX,7/30/2020,Before Market
WM,7/30/2020,Before Market
ES,7/30/2020,After Market
SPSC,7/30/2020,After Market
PFS,7/30/2020,Before Market
SSB,7/30/2020,After Market
COHU,7/30/2020,Before Market
TEX,7/30/2020,After Market
BSAC,7/30/2020,Before Market
XEL,7/30/2020,Before Market
ROG,7/30/2020,After Market
HGV,7/30/2020,Before Market
VC,7/30/2020,Before Market
CUZ,7/30/2020,After Market
AMT,7/30/2020,Before Market
SAH,7/30/2020,Before Market
TFSL,7/30/2020,After Market
TDW,7/30/2020,After Market
DD,7/30/2020,Before Market
GILD,7/30/2020,After Market
NOC,7/30/2020,Before Market
GTX,7/30/2020,Before Market
TEAM,7/30/2020,After Market
HURN,7/30/2020,After Market
XYL,7/30/2020,Before Market
IRMD,7/30/2020,Before Market
BUD,7/30/2020,Before Market
DECK,7/30/2020,After Market
KEX,7/30/2020,Before Market
STBA,7/30/2020,Before Market
SBH,7/30/2020,Before Market
APO,7/30/2020,Before Market
COLM,7/30/2020,After Market
CUBI,7/30/2020,Before Market
CFR,7/30/2020,Before Market
FTAI,7/30/2020,After Market
AOS,7/30/2020,Before Market
HUBG,7/30/2020,After Market
LIN,7/30/2020,Before Market
HUBB,7/30/2020,Before Market
APTV,7/30/2020,Before Market
BAX,7/30/2020,Before Market
CWT,7/30/2020,Before Market
GFF,7/30/2020,After Market
HIG,7/30/2020,After Market
EXP,7/30/2020,Before Market
TFX,7/30/2020,Before Market
E,7/30/2020,Before Market
F,7/30/2020,After Market
TXT,7/30/2020,Before Market
GNRC,7/30/2020,Before Market
KDP,7/30/2020,Before Market
WEX,7/30/2020,Before Market
TNDM,7/30/2020,After Market
AMZN,7/30/2020,After Market
KHC,7/30/2020,Before Market
IP,7/30/2020,Before Market
ARW,7/30/2020,Before Market
BBVA,7/30/2020,Before Market
VAL,7/30/2020,Before Market
HCM,7/30/2020,Before Market
DLX,7/30/2020,After Market
CHT,7/30/2020,Before Market
SEM,7/30/2020,After Market
SWK,7/30/2020,Before Market
SPXC,7/30/2020,After Market
VCYT,7/30/2020,After Market
LKQ,7/30/2020,Before Market
BVN,7/30/2020,After Market
LNTH,7/30/2020,Before Market
FTS,7/30/2020,Before Market
FCN,7/30/2020,Before Market
XHR,7/30/2020,Before Market
MOH,7/30/2020,After Market
DLR,7/30/2020,After Market
ETN,7/29/2020,Before Market
MAA,7/29/2020,After Market
NEU,7/29/2020,After Market
MSA,7/29/2020,After Market
SANM,7/29/2020,After Market
BHE,7/29/2020,After Market
CTSH,7/29/2020,After Market
SIMO,7/29/2020,After Market
WHD,7/29/2020,After Market
ETR,7/29/2020,Before Market
NGVT,7/29/2020,After Market
OII,7/29/2020,After Market
TTMI,7/29/2020,After Market
GIB,7/29/2020,Before Market
CHEF,7/29/2020,Before Market
IRT,7/29/2020,After Market
EEFT,7/29/2020,Before Market
CAKE,7/29/2020,After Market
KN,7/29/2020,After Market
CHDN,7/29/2020,After Market
UCTT,7/29/2020,After Market
ALGT,7/29/2020,After Market
KLIC,7/29/2020,After Market
BXMT,7/29/2020,Before Market
JHG,7/29/2020,Before Market
SMFG,7/29/2020,Before Market
PPC,7/29/2020,After Market
CNMD,7/29/2020,After Market
MGRC,7/29/2020,After Market
AER,7/29/2020,Before Market
AEM,7/29/2020,After Market
DT,7/29/2020,Before Market
CME,7/29/2020,Before Market
URI,7/29/2020,After Market
CLS,7/29/2020,Before Market
AVB,7/29/2020,After Market
ADM,7/29/2020,After Market
RDWR,7/29/2020,Before Market
MTSI,7/29/2020,After Market
ACGL,7/29/2020,After Market
MC,7/29/2020,After Market
LIVN,7/29/2020,Before Market
ALKS,7/29/2020,Before Market
BKU,7/29/2020,Before Market
PI,7/29/2020,After Market
AGI,7/29/2020,After Market
PB,7/29/2020,Before Market
VICI,7/29/2020,After Market
MKSI,7/29/2020,After Market
MORN,7/29/2020,After Market
INVA,7/29/2020,After Market
UTHR,7/29/2020,Before Market
AX,7/29/2020,After Market
OC,7/29/2020,Before Market
TPC,7/29/2020,After Market
AM,7/29/2020,After Market
SF,7/29/2020,Before Market
AR,7/29/2020,After Market
EQIX,7/29/2020,After Market
ORLY,7/29/2020,After Market
SITE,7/29/2020,Before Market
AVTR,7/29/2020,After Market
SNY,7/29/2020,Before Market
VIV,7/29/2020,Before Market
ARCB,7/29/2020,Before Market
SHOP,7/29/2020,Before Market
ASGN,7/29/2020,After Market
SHOO,7/29/2020,Before Market
SMG,7/29/2020,Before Market
SPOT,7/29/2020,Before Market
PTC,7/29/2020,After Market
AIN,7/29/2020,After Market
PAG,7/29/2020,Before Market
CMPR,7/29/2020,After Market
QCOM,7/29/2020,After Market
RJF,7/29/2020,After Market
MEOH,7/29/2020,After Market
FICO,7/29/2020,After Market
CCI,7/29/2020,After Market
RDY,7/29/2020,Before Market
JOE,7/29/2020,After Market
CCJ,7/29/2020,Before Market
TT,7/29/2020,Before Market
GSK,7/29/2020,Before Market
ALG,7/29/2020,After Market
WING,7/29/2020,Before Market
KRC,7/29/2020,After Market
SLAB,7/29/2020,Before Market
TROW,7/29/2020,Before Market
GRMN,7/29/2020,Before Market
TTEK,7/29/2020,After Market
NMM,7/29/2020,Before Market
NLY,7/29/2020,After Market
BG,7/29/2020,Before Market
PYPL,7/29/2020,After Market
MHO,7/29/2020,Before Market
BA,7/29/2020,Before Market
SIGI,7/29/2020,After Market
VALE,7/29/2020,After Market
HESM,7/29/2020,Before Market
ENB,7/29/2020,Before Market
STRA,7/29/2020,Before Market
NOW,7/29/2020,After Market
ROL,7/29/2020,Before Market
QRVO,7/29/2020,After Market
AMP,7/29/2020,After Market
CDE,7/29/2020,After Market
SAN,7/29/2020,Before Market
DX,7/29/2020,Before Market
DB,7/29/2020,Before Market
SAIA,7/29/2020,Before Market
WERN,7/29/2020,After Market
TEL,7/29/2020,Before Market
USLM,7/29/2020,After Market
TSEM,7/29/2020,Before Market
FTI,7/29/2020,After Market
BCO,7/29/2020,Before Market
YUMC,7/29/2020,After Market
DORM,7/29/2020,After Market
EPD,7/29/2020,Before Market
VKTX,7/29/2020,After Market
BCS,7/29/2020,Before Market
GM,7/29/2020,Before Market
FSS,7/29/2020,Before Market
FCPT,7/29/2020,After Market
MMSI,7/29/2020,After Market
RIO,7/29/2020,Before Market
SCI,7/29/2020,After Market
MYRG,7/29/2020,After Market
BSX,7/29/2020,Before Market
TYL,7/29/2020,After Market
GD,7/29/2020,Before Market
GE,7/29/2020,Before Market
SKY,7/29/2020,After Market
APA,7/29/2020,After Market
R,7/29/2020,Before Market
SFM,7/29/2020,After Market
AXTA,7/29/2020,Before Market
VAC,7/29/2020,After Market
BLKB,7/29/2020,After Market
FDP,7/29/2020,Before Market
CGNX,7/29/2020,After Market
ADP,7/29/2020,Before Market
KGC,7/29/2020,After Market
LRCX,7/29/2020,After Market
VSEC,7/29/2020,After Market
HOLX,7/29/2020,After Market
SNN,7/29/2020,Before Market
LFUS,7/29/2020,Before Market
CLBK,7/29/2020,After Market
CHE,7/29/2020,After Market
NSC,7/29/2020,Before Market
BDC,7/29/2020,Before Market
SHW,7/28/2020,Before Market
NEO,7/28/2020,Before Market
EDU,7/28/2020,Before Market
HOG,7/28/2020,Before Market
LH,7/28/2020,Before Market
FELE,7/28/2020,Before Market
ATEN,7/28/2020,After Market
NWE,7/28/2020,After Market
ASH,7/28/2020,After Market
BYD,7/28/2020,After Market
FCNCA,7/28/2020,After Market
SPGI,7/28/2020,Before Market
BXP,7/28/2020,After Market
ABG,7/28/2020,Before Market
RTX,7/28/2020,Before Market
OMCL,7/28/2020,After Market
CNC,7/28/2020,Before Market
AWI,7/28/2020,Before Market
SIFY,7/28/2020,Before Market
GLW,7/28/2020,Before Market
OKE,7/28/2020,After Market
MCD,7/28/2020,Before Market
MO,7/28/2020,Before Market
SBUX,7/28/2020,After Market
CMI,7/28/2020,Before Market
ECL,7/28/2020,Before Market
ZBRA,7/28/2020,Before Market
BUSE,7/28/2020,After Market
VIST,7/28/2020,After Market
MPWR,7/28/2020,After Market
EGP,7/28/2020,After Market
MTDR,7/28/2020,After Market
DTE,7/28/2020,Before Market
IMAX,7/28/2020,After Market
IVZ,7/28/2020,Before Market
AXS,7/28/2020,After Market
OMC,7/28/2020,Before Market
AFL,7/28/2020,After Market
IRDM,7/28/2020,Before Market
TPB,7/28/2020,Before Market
MSTR,7/28/2020,After Market
HWKN,7/28/2020,Before Market
MSCI,7/28/2020,Before Market
EIX,7/28/2020,After Market
TRMK,7/28/2020,After Market
HLI,7/28/2020,After Market
DCOM,7/28/2020,After Market
AMAL,7/28/2020,Before Market
TRU,7/28/2020,Before Market
BLX,7/28/2020,Before Market
UDR,7/28/2020,After Market
TCBK,7/28/2020,Before Market
MDLZ,7/28/2020,After Market
EBAY,7/28/2020,After Market
CB,7/28/2020,After Market
KAI,7/28/2020,After Market
CE,7/28/2020,After Market
CSGP,7/28/2020,After Market
CAR,7/28/2020,After Market
BE,7/28/2020,After Market
ST,7/28/2020,Before Market
WH,7/28/2020,After Market
DHI,7/28/2020,Before Market
ROP,7/28/2020,Before Market
SSNC,7/28/2020,After Market
WAT,7/28/2020,Before Market
MLM,7/28/2020,Before Market
MASI,7/28/2020,After Market
UMBF,7/28/2020,After Market
TENB,7/28/2020,After Market
WAB,7/28/2020,Before Market
STX,7/28/2020,After Market
CVLT,7/28/2020,Before Market
PFE,7/28/2020,Before Market
ROK,7/28/2020,Before Market
MKL,7/28/2020,After Market
RNR,7/28/2020,After Market
CCS,7/28/2020,After Market
STAG,7/28/2020,After Market
AMD,7/28/2020,After Market
OVV,7/28/2020,After Market
FBP,7/28/2020,Before Market
PII,7/28/2020,Before Market
DXCM,7/28/2020,After Market
PEGA,7/28/2020,After Market
AGYS,7/28/2020,After Market
LBRT,7/28/2020,After Market
ATRC,7/28/2020,After Market
APAM,7/28/2020,After Market
OTIS,7/28/2020,Before Market
THG,7/28/2020,After Market
ENVA,7/28/2020,After Market
HIW,7/28/2020,After Market
MMM,7/28/2020,Before Market
V,7/28/2020,After Market
LSCC,7/28/2020,After Market
MBIN,7/28/2020,After Market
AMGN,7/28/2020,After Market
B,7/28/2020,Before Market
AAT,7/28/2020,After Market
HP,7/28/2020,After Market
CHRW,7/28/2020,After Market
SCCO,7/28/2020,Before Market
UNM,7/28/2020,After Market
EQR,7/28/2020,After Market
PKG,7/28/2020,After Market
BEN,7/28/2020,Before Market
AKAM,7/28/2020,After Market
PRLB,7/28/2020,Before Market
PJT,7/28/2020,Before Market
FCF,7/28/2020,After Market
LW,7/28/2020,Before Market
FTV,7/28/2020,After Market
NWBI,7/27/2020,Before Market
NBTB,7/27/2020,After Market
TNET,7/27/2020,After Market
GABC,7/27/2020,After Market
AMKR,7/27/2020,After Market
LECO,7/27/2020,Before Market
AVY,7/27/2020,Before Market
ABCB,7/27/2020,Before Market
RYAAY,7/27/2020,Before Market
PRK,7/27/2020,After Market
HAS,7/27/2020,Before Market
OMF,7/27/2020,After Market
FIX,7/27/2020,After Market
CINF,7/27/2020,After Market
EHC,7/27/2020,After Market
CR,7/27/2020,After Market
CCB,7/27/2020,Before Market
CRSP,7/27/2020,After Market
UHS,7/27/2020,After Market
CX,7/27/2020,Before Market
HXL,7/27/2020,After Market
CBU,7/27/2020,Before Market
QCRH,7/27/2020,After Market
FIBK,7/27/2020,After Market
RPM,7/27/2020,Before Market
RNST,7/27/2020,After Market
ACI,7/27/2020,Before Market
PCH,7/27/2020,After Market
BOH,7/27/2020,Before Market
NXPI,7/27/2020,After Market
CATY,7/27/2020,After Market
SAP,7/27/2020,Before Market
NOV,7/27/2020,After Market
SSD,7/27/2020,After Market
CMRE,7/27/2020,After Market
JJSF,7/27/2020,After Market
BRO,7/27/2020,After Market
FFIV,7/27/2020,After Market
PFG,7/27/2020,After Market
AMG,7/27/2020,Before Market
MEDP,7/27/2020,After Market
LKFN,7/27/2020,Before Market
ARLP,7/27/2020,Before Market
OGS,7/27/2020,After Market
EQT,7/27/2020,Before Market
ARE,7/27/2020,After Market
IBN,7/25/2020,Before Market
HON,7/24/2020,Before Market
NEE,7/24/2020,Before Market
UBSI,7/24/2020,Before Market
FHB,7/24/2020,Before Market
TMP,7/24/2020,Before Market
MOG/A,7/24/2020,Before Market
AXP,7/24/2020,Before Market
SLB,7/24/2020,Before Market
TPH,7/24/2020,Before Market
GRC,7/24/2020,Before Market
FMX,7/24/2020,Before Market
CRI,7/24/2020,Before Market
VZ,7/24/2020,Before Market
EQNR,7/24/2020,Before Market
PSO,7/24/2020,Before Market
OFG,7/24/2020,Before Market
GNTX,7/24/2020,Before Market
UL,7/23/2020,Before Market
AUB,7/23/2020,Before Market
MTRN,7/23/2020,Before Market
VRSN,7/23/2020,After Market
DOW,7/23/2020,Before Market
TECK,7/23/2020,Before Market
CHCO,7/23/2020,Before Market
SBCF,7/23/2020,After Market
OZK,7/23/2020,After Market
NUE,7/23/2020,Before Market
GTLS,7/23/2020,Before Market
LMAT,7/23/2020,After Market
INTC,7/23/2020,After Market
BPOP,7/23/2020,Before Market
FFBC,7/23/2020,After Market
INDB,7/23/2020,After Market
MTB,7/23/2020,Before Market
MAT,7/23/2020,After Market
PNR,7/23/2020,Before Market
HSY,7/23/2020,Before Market
SRCE,7/23/2020,After Market
VICR,7/23/2020,After Market
RHI,7/23/2020,After Market
IEX,7/23/2020,After Market
MANH,7/23/2020,After Market
HBAN,7/23/2020,Before Market
KMB,7/23/2020,Before Market
HRI,7/23/2020,Before Market
ALLE,7/23/2020,Before Market
AN,7/23/2020,Before Market
AB,7/23/2020,Before Market
EIG,7/23/2020,After Market
RS,7/23/2020,Before Market
MXL,7/23/2020,After Market
TRV,7/23/2020,Before Market
FITB,7/23/2020,Before Market
ALK,7/23/2020,Before Market
ORI,7/23/2020,Before Market
DGX,7/23/2020,Before Market
TR,7/23/2020,After Market
SAFE,7/23/2020,Before Market
FOR,7/23/2020,After Market
OCFC,7/23/2020,After Market
BX,7/23/2020,Before Market
BY,7/23/2020,After Market
EWBC,7/23/2020,Before Market
LUV,7/23/2020,Before Market
SWKS,7/23/2020,After Market
EW,7/23/2020,After Market
WSFS,7/23/2020,After Market
BANC,7/23/2020,Before Market
FFIN,7/23/2020,After Market
DHR,7/23/2020,Before Market
CVE,7/23/2020,Before Market
SAM,7/23/2020,After Market
ENTG,7/23/2020,Before Market
TSCO,7/23/2020,Before Market
FSV,7/23/2020,Before Market
GWW,7/23/2020,Before Market
TOWN,7/23/2020,Before Market
GBCI,7/23/2020,After Market
FBNC,7/23/2020,After Market
RELX,7/23/2020,Before Market
PHM,7/23/2020,Before Market
T,7/23/2020,Before Market
WBS,7/23/2020,Before Market
APD,7/23/2020,Before Market
WSO,7/23/2020,Before Market
STM,7/23/2020,Before Market
FE,7/23/2020,After Market
FAF,7/23/2020,Before Market
COLB,7/23/2020,Before Market
WST,7/23/2020,Before Market
AAL,7/23/2020,Before Market
ASB,7/23/2020,After Market
UNP,7/23/2020,Before Market
POOL,7/23/2020,Before Market
FCX,7/23/2020,Before Market
FRME,7/23/2020,Before Market
CTAS,7/23/2020,Before Market
KALU,7/22/2020,After Market
DOV,7/22/2020,Before Market
AVNT,7/22/2020,Before Market
HNI,7/22/2020,After Market
MCRI,7/22/2020,After Market
UFPI,7/22/2020,After Market
ASR,7/22/2020,After Market
ALGN,7/22/2020,After Market
RCI,7/22/2020,Before Market
TSLA,7/22/2020,After Market
EVR,7/22/2020,Before Market
BOKF,7/22/2020,Before Market
MTH,7/22/2020,After Market
CMG,7/22/2020,After Market
PLXS,7/22/2020,After Market
WHR,7/22/2020,After Market
FCFS,7/22/2020,Before Market
TMO,7/22/2020,Before Market
LOB,7/22/2020,After Market
KNX,7/22/2020,Before Market
BKR,7/22/2020,Before Market
LAD,7/22/2020,Before Market
EFX,7/22/2020,After Market
ICLR,7/22/2020,After Market
CSTM,7/22/2020,Before Market
SLM,7/22/2020,After Market
SLG,7/22/2020,After Market
CNS,7/22/2020,After Market
MKTX,7/22/2020,Before Market
KMI,7/22/2020,After Market
WSBC,7/22/2020,After Market
TCBI,7/22/2020,After Market
RUSHA,7/22/2020,After Market
MSFT,7/22/2020,After Market
TRN,7/22/2020,After Market
CHKP,7/22/2020,Before Market
BIIB,7/22/2020,Before Market
KOF,7/22/2020,After Market
HCA,7/22/2020,Before Market
CP,7/22/2020,Before Market
CASH,7/22/2020,After Market
NDAQ,7/22/2020,Before Market
RLI,7/22/2020,After Market
CVBF,7/22/2020,After Market
CSX,7/22/2020,After Market
LVS,7/22/2020,After Market
SYBT,7/22/2020,Before Market
SU,7/22/2020,After Market
OSBC,7/22/2020,After Market
STC,7/22/2020,After Market
NTRS,7/22/2020,Before Market
SEIC,7/22/2020,After Market
CADE,7/22/2020,Before Market
TDY,7/22/2020,Before Market
GTY,7/22/2020,After Market
BANR,7/22/2020,After Market
VMI,7/22/2020,After Market
GL,7/22/2020,After Market
APH,7/22/2020,Before Market
SUI,7/22/2020,After Market
KEY,7/22/2020,Before Market
SCL,7/22/2020,Before Market
LSTR,7/22/2020,After Market
FR,7/22/2020,After Market
IQV,7/22/2020,Before Market
NTB,7/22/2020,After Market
ARR,7/22/2020,After Market
SLGN,7/22/2020,Before Market
OMAB,7/22/2020,After Market
AXTI,7/22/2020,After Market
WAFD,7/22/2020,After Market
GGG,7/22/2020,After Market
REXR,7/21/2020,After Market
NVS,7/21/2020,Before Market
SYF,7/21/2020,Before Market
KO,7/21/2020,Before Market
LMT,7/21/2020,Before Market
PLD,7/21/2020,Before Market
GATX,7/21/2020,Before Market
KB,7/21/2020,Before Market
CNI,7/21/2020,After Market
HCSG,7/21/2020,After Market
UAL,7/21/2020,After Market
CMA,7/21/2020,Before Market
CALX,7/21/2020,After Market
PFBC,7/21/2020,After Market
AIR,7/21/2020,After Market
FULT,7/21/2020,After Market
PM,7/21/2020,Before Market
COF,7/21/2020,After Market
NBHC,7/21/2020,After Market
UBS,7/21/2020,Before Market
CBSH,7/21/2020,Before Market
NAVI,7/21/2020,After Market
WTFC,7/21/2020,After Market
GPK,7/21/2020,Before Market
IBKR,7/21/2020,After Market
PEBO,7/21/2020,Before Market
HWC,7/21/2020,After Market
CSL,7/21/2020,After Market
MLI,7/21/2020,Before Market
PNFP,7/21/2020,After Market
TER,7/21/2020,After Market
WRB,7/21/2020,After Market
SFNC,7/21/2020,Before Market
MUSA,7/21/2020,Before Market
ISRG,7/21/2020,After Market
TXN,7/21/2020,After Market
PKX,7/21/2020,Before Market
PCAR,7/21/2020,Before Market
MAN,7/20/2020,Before Market
CALM,7/20/2020,Before Market
SFBS,7/20/2020,After Market
IBM,7/20/2020,After Market
ADC,7/20/2020,After Market
ONB,7/20/2020,Before Market
HAL,7/20/2020,Before Market
STLD,7/20/2020,After Market
ZION,7/20/2020,After Market
LOGI,7/20/2020,After Market
CCK,7/20/2020,After Market
CDNS,7/20/2020,After Market
EFSC,7/20/2020,After Market
ELS,7/20/2020,After Market
FBK,7/20/2020,After Market
PHG,7/20/2020,Before Market
LII,7/20/2020,Before Market
HDB,7/18/2020,Before Market
SXT,7/17/2020,Before Market
FHN,7/17/2020,Before Market
BLK,7/17/2020,Before Market
RBCAA,7/17/2020,Before Market
ALLY,7/17/2020,Before Market
RF,7/17/2020,Before Market
ALV,7/17/2020,Before Market
CFG,7/17/2020,Before Market
STT,7/17/2020,Before Market
ABT,7/16/2020,Before Market
PPG,7/16/2020,After Market
MS,7/16/2020,Before Market
DPZ,7/16/2020,Before Market
SCHW,7/16/2020,Before Market
SON,7/16/2020,Before Market
TSM,7/16/2020,Before Market
BMI,7/16/2020,Before Market
JNJ,7/16/2020,Before Market
FNB,7/16/2020,After Market
WAL,7/16/2020,After Market
BAC,7/16/2020,Before Market
NFLX,7/16/2020,After Market
BANF,7/16/2020,After Market
TFC,7/16/2020,Before Market
MRTN,7/16/2020,After Market
WABC,7/16/2020,Before Market
HOMB,7/16/2020,Before Market
JBHT,7/16/2020,Before Market
PNC,7/15/2020,Before Market
CTBI,7/15/2020,Before Market
USB,7/15/2020,Before Market
AA,7/15/2020,After Market
BK,7/15/2020,Before Market
ASML,7/15/2020,Before Market
GS,7/15/2020,Before Market
PGR,7/15/2020,Before Market
INFY,7/15/2020,Before Market
UNH,7/15/2020,Before Market
DAL,7/14/2020,Before Market
FAST,7/14/2020,Before Market
AMX,7/14/2020,Before Market
JPM,7/14/2020,Before Market
C,7/14/2020,Before Market
WFC,7/14/2020,Before Market
PEP,7/13/2020,Before Market
CCL,7/10/2020,Before Market
GBX,7/10/2020,Before Market
CUK,7/10/2020,Before Market
WDFC,7/9/2020,After Market
PSMT,7/9/2020,After Market
AZZ,7/9/2020,Before Market
MSM,7/8/2020,Before Market
SMPL,7/8/2020,Before Market
LEVI,7/7/2020,After Market
PAYX,7/7/2020,Before Market
LNN,7/2/2020,Before Market
KFY,7/2/2020,Before Market
STZ,7/1/2020,Before Market
M,7/1/2020,Before Market
GIS,7/1/2020,Before Market
CPRI,7/1/2020,Before Market
FIZZ,7/1/2020,After Market
UNF,7/1/2020,Before Market
AYI,6/30/2020,Before Market
CAG,6/30/2020,Before Market
FDX,6/30/2020,After Market
HTHT,6/30/2020,After Market
JEF,6/29/2020,After Market
PSIX,6/29/2020,After Market
MU,6/29/2020,After Market
MMYT,6/26/2020,Before Market
ACN,6/25/2020,Before Market
DRI,6/25/2020,Before Market
EPAC,6/25/2020,Before Market
NKE,6/25/2020,After Market
SNX,6/25/2020,After Market
WOR,6/25/2020,Before Market
MKC,6/25/2020,Before Market
PRGS,6/25/2020,After Market
FDS,6/25/2020,Before Market
CRC,6/25/2020,After Market
WGO,6/24/2020,Before Market
KBH,6/24/2020,After Market
FUL,6/24/2020,After Market
AVAV,6/23/2020,After Market
LZB,6/23/2020,After Market
KMX,6/19/2020,Before Market
JBL,6/19/2020,Before Market
NGG,6/18/2020,Before Market
CMC,6/18/2020,Before Market
KR,6/18/2020,Before Market
ABM,6/17/2020,After Market
HRB,6/16/2020,After Market
ORCL,6/16/2020,After Market
LEN,6/15/2020,After Market
JKS,6/15/2020,Before Market
PVH,6/11/2020,After Market
LULU,6/11/2020,After Market
ADBE,6/11/2020,After Market
DAKT,6/10/2020,Before Market
UNFI,6/10/2020,Before Market
FIVE,6/9/2020,After Market
UEC,6/9/2020,Before Market
BF/B,6/9/2020,Before Market
BF/A,6/9/2020,Before Market
SIG,6/9/2020,Before Market
GME,6/9/2020,After Market
CHWY,6/9/2020,After Market
AGX,6/9/2020,After Market
GGAL,6/8/2020,After Market
BBAR,6/8/2020,After Market
CASY,6/8/2020,After Market
THO,6/8/2020,Before Market
REVG,6/8/2020,Before Market
BMA,6/8/2020,After Market
GIII,6/4/2020,Before Market
SJM,6/4/2020,Before Market
SAIC,6/4/2020,After Market
MTN,6/4/2020,After Market
IDT,6/4/2020,After Market
COO,6/4/2020,After Market
DOCU,6/4/2020,After Market
TTC,6/4/2020,Before Market
MDB,6/4/2020,After Market
AVGO,6/4/2020,After Market
CIEN,6/4/2020,Before Market
RH,6/4/2020,After Market
GILT,6/3/2020,After Market
CPB,6/3/2020,Before Market
GOOS,6/3/2020,Before Market
ESTC,6/3/2020,After Market
CNK,6/3/2020,Before Market
GWRE,6/3/2020,After Market
AEO,6/3/2020,Before Market
GEF,6/3/2020,After Market
AMBA,6/2/2020,After Market
CRWD,6/2/2020,After Market
DKS,6/2/2020,Before Market
AMSC,6/2/2020,After Market
DCI,6/2/2020,Before Market
ZM,6/2/2020,After Market
SMMT,6/2/2020,After Market
HQY,6/2/2020,After Market
SDRL,6/2/2020,Before Market
CSWC,6/1/2020,After Market
KEN,6/1/2020,Before Market
ENS,6/1/2020,After Market
ATHM,6/1/2020,Before Market
THR,6/1/2020,Before Market
EH,5/29/2020,Before Market
LTM,5/29/2020,Before Market
NVGS,5/28/2020,After Market
DG,5/28/2020,Before Market
DLTR,5/28/2020,Before Market
WSM,5/28/2020,After Market
CSIQ,5/28/2020,Before Market
MRVL,5/28/2020,After Market
ANF,5/28/2020,Before Market
OLLI,5/28/2020,After Market
COST,5/28/2020,After Market
DELL,5/28/2020,After Market
ULTA,5/28/2020,After Market
DXC,5/28/2020,After Market
CM,5/28/2020,Before Market
TD,5/28/2020,Before Market
GLNG,5/28/2020,Before Market
HLNE,5/28/2020,Before Market
BURL,5/28/2020,Before Market
TCOM,5/28/2020,After Market
REX,5/28/2020,Before Market
MOD,5/28/2020,After Market
PSTG,5/28/2020,After Market
QFIN,5/28/2020,Before Market
VEEV,5/28/2020,After Market
SHOO,5/28/2020,Before Market
CRM,5/28/2020,After Market
FLNG,5/28/2020,Before Market
AFYA,5/28/2020,After Market
OKTA,5/28/2020,After Market
ZS,5/28/2020,After Market
LPG,5/27/2020,Before Market
BOX,5/27/2020,After Market
CACC,5/27/2020,After Market
ADSK,5/27/2020,After Market
TOL,5/27/2020,After Market
HPQ,5/27/2020,After Market
RL,5/27/2020,Before Market
UVV,5/27/2020,After Market
GEN,5/27/2020,Before Market
RY,5/27/2020,Before Market
NTNX,5/27/2020,After Market
BMO,5/27/2020,Before Market
WDAY,5/27/2020,After Market
VIPS,5/27/2020,Before Market
NTAP,5/27/2020,After Market
CRVL,5/27/2020,Before Market
UHAL,5/27/2020,After Market
COHR,5/27/2020,After Market
DSGX,5/27/2020,After Market
PLAB,5/27/2020,Before Market
SMTC,5/27/2020,After Market
CEPU,5/27/2020,After Market
SBLK,5/26/2020,After Market
MGIC,5/26/2020,Before Market
CBL,5/26/2020,After Market
CYD,5/26/2020,Before Market
AZO,5/26/2020,Before Market
BNS,5/26/2020,Before Market
ESLT,5/26/2020,Before Market
BAH,5/26/2020,Before Market
HEI,5/26/2020,After Market
CVCO,5/26/2020,After Market
VSAT,5/26/2020,After Market
KEYS,5/26/2020,After Market
STNE,5/26/2020,After Market
HEI/A,5/26/2020,After Market
PDD,5/22/2020,Before Market
CAE,5/22/2020,Before Market
DE,5/22/2020,Before Market
BABA,5/22/2020,Before Market
BKE,5/22/2020,Before Market
CAAP,5/21/2020,After Market
BJ,5/21/2020,Before Market
PANW,5/21/2020,After Market
INTU,5/21/2020,After Market
MDT,5/21/2020,Before Market
RAMP,5/21/2020,After Market
DECK,5/21/2020,After Market
HPE,5/21/2020,After Market
AGYS,5/21/2020,After Market
WMS,5/21/2020,Before Market
HRL,5/21/2020,Before Market
BBY,5/21/2020,Before Market
TJX,5/21/2020,Before Market
ELF,5/21/2020,After Market
USPH,5/21/2020,Before Market
MANU,5/21/2020,Before Market
XENE,5/21/2020,After Market
BRC,5/21/2020,Before Market
TNK,5/21/2020,Before Market
NVDA,5/21/2020,After Market
PLUS,5/21/2020,After Market
ROST,5/21/2020,After Market
A,5/21/2020,After Market
SNPS,5/20/2020,After Market
SKY,5/20/2020,After Market
MCK,5/20/2020,Before Market
FRO,5/20/2020,Before Market
DQ,5/20/2020,Before Market
ADI,5/20/2020,Before Market
TGT,5/20/2020,Before Market
BOOT,5/20/2020,After Market
TTWO,5/20/2020,After Market
NDSN,5/20/2020,After Market
LB,5/20/2020,After Market
ZTO,5/20/2020,After Market
RCL,5/20/2020,Before Market
EXPE,5/20/2020,After Market
OPRA,5/20/2020,Before Market
LOW,5/20/2020,Before Market
ORIC,5/20/2020,After Market
HWKN,5/20/2020,After Market
CPRT,5/20/2020,After Market
RDY,5/20/2020,Before Market
SQM,5/19/2020,After Market
KSS,5/19/2020,Before Market
EXP,5/19/2020,Before Market
DY,5/19/2020,Before Market
ASND,5/19/2020,After Market
HD,5/19/2020,Before Market
RRR,5/19/2020,After Market
AAP,5/19/2020,Before Market
NTES,5/19/2020,After Market
DAO,5/19/2020,After Market
WMT,5/19/2020,Before Market
URBN,5/19/2020,After Market
JHX,5/18/2020,Before Market
BILI,5/18/2020,After Market
ADUS,5/18/2020,Before Market
BVN,5/18/2020,After Market
MUX,5/18/2020,After Market
DAC,5/18/2020,After Market
BIDU,5/18/2020,After Market
RYAAY,5/18/2020,Before Market
APLE,5/18/2020,After Market
SE,5/18/2020,Before Market
VFC,5/15/2020,Before Market
KEP,5/15/2020,Before Market
JD,5/15/2020,Before Market
SMFG,5/15/2020,Before Market
MUFG,5/15/2020,Before Market
DKNG,5/15/2020,Before Market
STOK,5/15/2020,Before Market
PBF,5/15/2020,Before Market
BLFS,5/14/2020,After Market
ARGX,5/14/2020,Before Market
GDS,5/14/2020,Before Market
BAM,5/14/2020,Before Market
FUTU,5/14/2020,Before Market
SBS,5/14/2020,Before Market
NVMI,5/14/2020,Before Market
INOD,5/14/2020,Before Market
XPEL,5/14/2020,Before Market
SSRM,5/14/2020,After Market
BLBD,5/14/2020,After Market
MAGS,5/14/2020,Before Market
AMAT,5/14/2020,After Market
GLOB,5/14/2020,After Market
WIX,5/14/2020,Before Market
HBM,5/14/2020,After Market
RVMD,5/14/2020,After Market
NCLH,5/14/2020,Before Market
NICE,5/14/2020,Before Market
PBR,5/14/2020,Before Market
CAPR,5/14/2020,After Market
AUPH,5/14/2020,After Market
AG,5/14/2020,Before Market
TRMD,5/14/2020,Before Market
NMM,5/13/2020,Before Market
OSW,5/13/2020,Before Market
TSEM,5/13/2020,Before Market
TAK,5/13/2020,Before Market
SDGR,5/13/2020,Before Market
CYBR,5/13/2020,Before Market
CSCO,5/13/2020,After Market
STE,5/13/2020,After Market
OII,5/13/2020,After Market
KT,5/13/2020,Before Market
BBIO,5/13/2020,After Market
RVLV,5/13/2020,After Market
JMIA,5/13/2020,Before Market
SA,5/13/2020,Before Market
PNTG,5/13/2020,After Market
CVLT,5/12/2020,Before Market
ALC,5/12/2020,After Market
GSL,5/12/2020,Before Market
METC,5/12/2020,After Market
PGNY,5/12/2020,After Market
PHAT,5/12/2020,Before Market
IDYA,5/12/2020,Before Market
XP,5/12/2020,After Market
VSH,5/12/2020,Before Market
TM,5/12/2020,Before Market
BNTX,5/12/2020,Before Market
BEAM,5/12/2020,Before Market
IR,5/12/2020,Before Market
ALGT,5/12/2020,After Market
DT,5/12/2020,Before Market
NOVT,5/12/2020,Before Market
CNR,5/12/2020,After Market
CELH,5/12/2020,Before Market
ARQT,5/12/2020,After Market
NVST,5/12/2020,After Market
HLI,5/12/2020,After Market
VOD,5/12/2020,Before Market
OR,5/12/2020,After Market
HMC,5/12/2020,Before Market
SLNO,5/12/2020,After Market
TAC,5/12/2020,Before Market
PAM,5/12/2020,After Market
ADPT,5/12/2020,After Market
TGTX,5/11/2020,After Market
LEU,5/11/2020,After Market
TDW,5/11/2020,After Market
GTX,5/11/2020,Before Market
BE,5/11/2020,After Market
SPG,5/11/2020,After Market
ORA,5/11/2020,Before Market
IPAR,5/11/2020,After Market
TXG,5/11/2020,After Market
ET,5/11/2020,After Market
ENSG,5/11/2020,After Market
VCTR,5/11/2020,Before Market
RDNT,5/11/2020,Before Market
NOG,5/11/2020,Before Market
EC,5/11/2020,After Market
KWR,5/11/2020,After Market
NRP,5/11/2020,Before Market
CHH,5/11/2020,Before Market
XHR,5/11/2020,Before Market
SGRY,5/11/2020,After Market
NSA,5/11/2020,After Market
G,5/11/2020,After Market
SUN,5/11/2020,After Market
ARLO,5/11/2020,After Market
GRBK,5/11/2020,After Market
CPRX,5/11/2020,After Market
WVE,5/11/2020,Before Market
CTRA,5/11/2020,Before Market
EXTR,5/11/2020,After Market
CZR,5/11/2020,After Market
VRRM,5/11/2020,After Market
DIOD,5/11/2020,After Market
GVA,5/11/2020,Before Market
ATEC,5/11/2020,After Market
ETR,5/11/2020,Before Market
CLF,5/11/2020,Before Market
TME,5/11/2020,After Market
YPF,5/11/2020,After Market
MAC,5/11/2020,After Market
CBT,5/11/2020,After Market
CAH,5/11/2020,Before Market
BHF,5/11/2020,After Market
MAR,5/11/2020,Before Market
ECPG,5/11/2020,After Market
ZBH,5/11/2020,Before Market
EPRT,5/11/2020,Before Market
EZPW,5/11/2020,After Market
SKT,5/11/2020,After Market
MSGS,5/11/2020,Before Market
NHI,5/11/2020,After Market
AFG,5/11/2020,After Market
DDOG,5/11/2020,After Market
HALO,5/11/2020,After Market
AEE,5/11/2020,After Market
AMCR,5/11/2020,After Market
CAMT,5/11/2020,Before Market
IFF,5/11/2020,After Market
LOGI,5/11/2020,After Market
DUK,5/11/2020,Before Market
KOD,5/11/2020,Before Market
GFL,5/11/2020,After Market
HROW,5/11/2020,After Market
LQDA,5/11/2020,After Market
CSTL,5/11/2020,After Market
AGM,5/11/2020,After Market
AN,5/11/2020,Before Market
MGY,5/11/2020,After Market
AI,5/11/2020,Before Market
GBDC,5/11/2020,Before Market
AMRX,5/11/2020,Before Market
HUT,5/11/2020,Before Market
AVDL,5/11/2020,Before Market
ON,5/9/2020,Before Market
IBN,5/9/2020,Before Market
RIOT,5/8/2020,After Market
CARR,5/8/2020,Before Market
TILE,5/8/2020,Before Market
LEA,5/8/2020,Before Market
EE,5/8/2020,Before Market
ROAD,5/8/2020,Before Market
EVTC,5/8/2020,Before Market
ING,5/8/2020,Before Market
TGS,5/8/2020,After Market
OUT,5/8/2020,Before Market
AXSM,5/8/2020,Before Market
ARLP,5/8/2020,Before Market
NJR,5/8/2020,Before Market
TGLS,5/8/2020,Before Market
IBP,5/8/2020,Before Market
NWN,5/8/2020,Before Market
KIM,5/8/2020,Before Market
SR,5/8/2020,Before Market
BR,5/8/2020,Before Market
VTR,5/8/2020,Before Market
PPL,5/8/2020,Before Market
NHC,5/8/2020,Before Market
ESNT,5/8/2020,Before Market
XRAY,5/8/2020,Before Market
GLP,5/8/2020,Before Market
AVA,5/8/2020,Before Market
PNW,5/8/2020,Before Market
BIP,5/8/2020,Before Market
CRNX,5/8/2020,Before Market
EXC,5/8/2020,Before Market
DXPE,5/8/2020,Before Market
FLY,5/8/2020,Before Market
NNI,5/7/2020,After Market
ESTA,5/7/2020,After Market
PEB,5/7/2020,After Market
CWEN,5/7/2020,Before Market
YELP,5/7/2020,After Market
FWONK,5/7/2020,Before Market
TDC,5/7/2020,After Market
QRVO,5/7/2020,After Market
PCTY,5/7/2020,After Market
IDCC,5/7/2020,Before Market
SXI,5/7/2020,After Market
PRDO,5/7/2020,After Market
MNST,5/7/2020,After Market
DOX,5/7/2020,After Market
PEN,5/7/2020,After Market
HASI,5/7/2020,After Market
FWONA,5/7/2020,Before Market
TU,5/7/2020,Before Market
APPN,5/7/2020,After Market
TW,5/7/2020,Before Market
NWSA,5/7/2020,After Market
CLMT,5/7/2020,Before Market
KRP,5/7/2020,Before Market
LYV,5/7/2020,After Market
MIRM,5/7/2020,After Market
ENB,5/7/2020,Before Market
FOLD,5/7/2020,Before Market
XEL,5/7/2020,Before Market
BRX,5/7/2020,After Market
HESM,5/7/2020,Before Market
IMKTA,5/7/2020,Before Market
NWS,5/7/2020,After Market
ALRM,5/7/2020,After Market
SAIL,5/7/2020,After Market
GSAT,5/7/2020,After Market
LAMR,5/7/2020,Before Market
EQNR,5/7/2020,Before Market
CWK,5/7/2020,After Market
KTOS,5/7/2020,After Market
BAP,5/7/2020,After Market
DNLI,5/7/2020,After Market
HII,5/7/2020,Before Market
POST,5/7/2020,After Market
LXP,5/7/2020,Before Market
IBOC,5/7/2020,Before Market
ANIP,5/7/2020,Before Market
KTB,5/7/2020,Before Market
AMH,5/7/2020,After Market
FSLR,5/7/2020,After Market
PWR,5/7/2020,Before Market
DGII,5/7/2020,After Market
ED,5/7/2020,After Market
BUD,5/7/2020,Before Market
THS,5/7/2020,Before Market
QLYS,5/7/2020,After Market
PBH,5/7/2020,Before Market
BCE,5/7/2020,Before Market
OVV,5/7/2020,After Market
SYNA,5/7/2020,After Market
DLR,5/7/2020,After Market
ZG,5/7/2020,After Market
COLD,5/7/2020,After Market
CUBE,5/7/2020,After Market
UMH,5/7/2020,After Market
HL,5/7/2020,Before Market
MMI,5/7/2020,After Market
ACAD,5/7/2020,After Market
ICUI,5/7/2020,After Market
COLL,5/7/2020,After Market
ROKU,5/7/2020,After Market
CCOI,5/7/2020,Before Market
BCC,5/7/2020,After Market
NRG,5/7/2020,Before Market
UTI,5/7/2020,After Market
LIN,5/7/2020,Before Market
Z,5/7/2020,After Market
EOG,5/7/2020,After Market
MIDD,5/7/2020,Before Market
GH,5/7/2020,After Market
WEX,5/7/2020,Before Market
HMN,5/7/2020,After Market
EXLS,5/7/2020,Before Market
VEON,5/7/2020,Before Market
OGE,5/7/2020,Before Market
RTX,5/7/2020,Before Market
OCSL,5/7/2020,Before Market
DMLP,5/7/2020,After Market
HLF,5/7/2020,After Market
CTRE,5/7/2020,After Market
EQH,5/7/2020,After Market
YETI,5/7/2020,Before Market
DLX,5/7/2020,After Market
PDFS,5/7/2020,After Market
VAC,5/7/2020,After Market
HLT,5/7/2020,Before Market
IT,5/7/2020,Before Market
RBA,5/7/2020,After Market
ITGR,5/7/2020,After Market
SWX,5/7/2020,After Market
MCHP,5/7/2020,After Market
EQT,5/7/2020,Before Market
LNT,5/7/2020,After Market
CTSH,5/7/2020,After Market
NET,5/7/2020,After Market
ATEN,5/7/2020,After Market
ARWR,5/7/2020,After Market
SMCI,5/7/2020,After Market
PMT,5/7/2020,After Market
MAIN,5/7/2020,After Market
REG,5/7/2020,After Market
OMCL,5/7/2020,After Market
TEVA,5/7/2020,Before Market
MD,5/7/2020,Before Market
REYN,5/7/2020,Before Market
MSI,5/7/2020,After Market
BV,5/7/2020,Before Market
DOC,5/7/2020,Before Market
VIRT,5/7/2020,Before Market
IRM,5/7/2020,Before Market
TGNA,5/7/2020,Before Market
INSW,5/7/2020,Before Market
AAOI,5/7/2020,After Market
SPH,5/7/2020,Before Market
AAON,5/7/2020,Before Market
SRRK,5/7/2020,After Market
AES,5/7/2020,Before Market
THRM,5/7/2020,Before Market
ELAN,5/7/2020,Before Market
LAUR,5/7/2020,Before Market
TRGP,5/7/2020,Before Market
ERIE,5/7/2020,After Market
EPAM,5/7/2020,Before Market
TWST,5/7/2020,After Market
S,5/7/2020,Before Market
GLPG,5/7/2020,After Market
IRTC,5/7/2020,After Market
DVAX,5/7/2020,After Market
CNQ,5/7/2020,Before Market
CNP,5/7/2020,Before Market
BILL,5/7/2020,After Market
SKM,5/7/2020,Before Market
FIS,5/7/2020,Before Market
VECO,5/7/2020,After Market
MT,5/7/2020,Before Market
MTD,5/7/2020,After Market
CELC,5/7/2020,After Market
BATRK,5/7/2020,Before Market
GPOR,5/7/2020,After Market
PENN,5/7/2020,Before Market
NTCT,5/7/2020,Before Market
GOLF,5/7/2020,Before Market
PTGX,5/7/2020,After Market
TRIP,5/7/2020,After Market
PFSI,5/7/2020,After Market
PODD,5/7/2020,After Market
WLDN,5/7/2020,After Market
MTG,5/7/2020,After Market
SKYW,5/7/2020,After Market
BATRA,5/7/2020,Before Market
MDGL,5/7/2020,Before Market
NTLA,5/7/2020,Before Market
CPT,5/7/2020,After Market
CBRE,5/7/2020,Before Market
PRA,5/7/2020,After Market
HST,5/7/2020,After Market
MRNA,5/7/2020,Before Market
DBX,5/7/2020,After Market
BKNG,5/7/2020,After Market
FLEX,5/7/2020,After Market
SERV,5/7/2020,Before Market
PAHC,5/7/2020,After Market
GMED,5/7/2020,After Market
NMRK,5/7/2020,Before Market
AMPH,5/7/2020,After Market
EYE,5/7/2020,Before Market
CWST,5/7/2020,After Market
ACIW,5/7/2020,Before Market
OPCH,5/7/2020,Before Market
MDU,5/7/2020,After Market
SATS,5/7/2020,Before Market
MMS,5/7/2020,Before Market
SNDX,5/7/2020,After Market
EFC,5/7/2020,After Market
POWI,5/7/2020,After Market
RHP,5/7/2020,Before Market
AGO,5/7/2020,After Market
ENR,5/7/2020,Before Market
AL,5/7/2020,After Market
ZYME,5/7/2020,After Market
OLED,5/7/2020,After Market
CRL,5/7/2020,Before Market
GKOS,5/7/2020,After Market
NSIT,5/7/2020,Before Market
MGEE,5/7/2020,After Market
KMPR,5/7/2020,After Market
TTD,5/7/2020,After Market
DFIN,5/7/2020,Before Market
FLS,5/7/2020,After Market
BRBR,5/7/2020,After Market
BDX,5/7/2020,Before Market
HCI,5/7/2020,After Market
BHVN,5/7/2020,After Market
UBER,5/7/2020,After Market
PAR,5/7/2020,After Market
LOPE,5/7/2020,After Market
FISV,5/7/2020,After Market
PBA,5/7/2020,After Market
MGA,5/7/2020,Before Market
CARG,5/7/2020,After Market
BMY,5/7/2020,Before Market
SAFT,5/6/2020,After Market
TRNO,5/6/2020,After Market
CW,5/6/2020,After Market
ALG,5/6/2020,After Market
ACMR,5/6/2020,After Market
GTY,5/6/2020,Before Market
PYPL,5/6/2020,After Market
VMC,5/6/2020,Before Market
QDEL,5/6/2020,After Market
CCU,5/6/2020,After Market
IONS,5/6/2020,Before Market
FNV,5/6/2020,After Market
ESE,5/6/2020,After Market
RARE,5/6/2020,After Market
KRG,5/6/2020,After Market
ATO,5/6/2020,After Market
LYFT,5/6/2020,After Market
BG,5/6/2020,Before Market
FTNT,5/6/2020,After Market
CF,5/6/2020,After Market
ALB,5/6/2020,After Market
WPM,5/6/2020,After Market
CBZ,5/6/2020,Before Market
NTRA,5/6/2020,After Market
CSGS,5/6/2020,After Market
WM,5/6/2020,Before Market
WD,5/6/2020,Before Market
WYNN,5/6/2020,After Market
ES,5/6/2020,After Market
STN,5/6/2020,After Market
FRT,5/6/2020,After Market
GEL,5/6/2020,Before Market
STAA,5/6/2020,After Market
REAL,5/6/2020,After Market
FG,5/6/2020,After Market
RNR,5/6/2020,After Market
DHR,5/6/2020,After Market
AMP,5/6/2020,After Market
DX,5/6/2020,Before Market
VIAV,5/6/2020,After Market
VVV,5/6/2020,After Market
RNG,5/6/2020,After Market
EVRG,5/6/2020,After Market
OTIS,5/6/2020,After Market
TWO,5/6/2020,After Market
QTWO,5/6/2020,After Market
FCPT,5/6/2020,After Market
CVS,5/6/2020,Before Market
CVI,5/6/2020,After Market
BFAM,5/6/2020,After Market
CDW,5/6/2020,Before Market
SMG,5/6/2020,Before Market
NXST,5/6/2020,Before Market
WCN,5/6/2020,After Market
ATRO,5/6/2020,Before Market
FOXA,5/6/2020,After Market
HR,5/6/2020,After Market
EPR,5/6/2020,After Market
FTS,5/6/2020,Before Market
NMIH,5/6/2020,After Market
FSK,5/6/2020,After Market
H,5/6/2020,After Market
AEIS,5/6/2020,Before Market
CENT,5/6/2020,After Market
QGEN,5/6/2020,After Market
DNOW,5/6/2020,Before Market
CXW,5/6/2020,After Market
HUBS,5/6/2020,After Market
GM,5/6/2020,Before Market
WTS,5/6/2020,After Market
BBU,5/6/2020,Before Market
APA,5/6/2020,After Market
PZZA,5/6/2020,Before Market
EYPT,5/6/2020,Before Market
CYTK,5/6/2020,After Market
BWA,5/6/2020,Before Market
NTR,5/6/2020,After Market
BEP,5/6/2020,Before Market
FUN,5/6/2020,Before Market
VCYT,5/6/2020,After Market
SBRA,5/6/2020,After Market
FORM,5/6/2020,After Market
CIM,5/6/2020,Before Market
ZTS,5/6/2020,Before Market
LASR,5/6/2020,After Market
GABC,5/6/2020,After Market
MAA,5/6/2020,After Market
FTDR,5/6/2020,Before Market
RDN,5/6/2020,After Market
SRPT,5/6/2020,After Market
GMAB,5/6/2020,Before Market
REZI,5/6/2020,After Market
UGI,5/6/2020,After Market
IAC,5/6/2020,After Market
IRT,5/6/2020,After Market
CHEF,5/6/2020,After Market
TMUS,5/6/2020,After Market
CLDX,5/6/2020,After Market
LNC,5/6/2020,After Market
NVO,5/6/2020,Before Market
ASTE,5/6/2020,Before Market
UPWK,5/6/2020,After Market
IMOS,5/6/2020,Before Market
RUN,5/6/2020,After Market
WTRG,5/6/2020,After Market
ESS,5/6/2020,After Market
SBH,5/6/2020,Before Market
NI,5/6/2020,Before Market
IIPR,5/6/2020,After Market
SONO,5/6/2020,After Market
AWK,5/6/2020,After Market
MUR,5/6/2020,After Market
CTVA,5/6/2020,After Market
DAR,5/6/2020,After Market
AXGN,5/6/2020,After Market
RDWR,5/6/2020,Before Market
TMDX,5/6/2020,After Market
FOX,5/6/2020,After Market
NYT,5/6/2020,Before Market
KKR,5/6/2020,Before Market
TNC,5/6/2020,Before Market
AVB,5/6/2020,After Market
ANAB,5/6/2020,After Market
BIO,5/6/2020,After Market
AEP,5/6/2020,Before Market
UAN,5/6/2020,After Market
CVNA,5/6/2020,After Market
NE,5/6/2020,After Market
GOLD,5/6/2020,Before Market
TWLO,5/6/2020,After Market
MET,5/6/2020,After Market
EXAS,5/6/2020,After Market
EXR,5/6/2020,After Market
HI,5/6/2020,After Market
ADMA,5/6/2020,After Market
CPK,5/6/2020,After Market
INVH,5/6/2020,After Market
ETSY,5/6/2020,After Market
PAG,5/6/2020,Before Market
UDR,5/6/2020,After Market
LGND,5/6/2020,After Market
MFC,5/6/2020,After Market
GPC,5/6/2020,Before Market
J,5/6/2020,After Market
TPC,5/6/2020,After Market
SBGI,5/6/2020,Before Market
SHOP,5/6/2020,Before Market
RGLD,5/6/2020,After Market
CPA,5/6/2020,After Market
WELL,5/6/2020,After Market
TMHC,5/6/2020,Before Market
SITM,5/6/2020,After Market
FMS,5/6/2020,Before Market
PARR,5/6/2020,After Market
ROCK,5/6/2020,Before Market
CRK,5/6/2020,After Market
STNG,5/6/2020,Before Market
PAAS,5/6/2020,After Market
RGEN,5/6/2020,Before Market
EQIX,5/6/2020,After Market
WING,5/6/2020,Before Market
PSN,5/6/2020,Before Market
GDDY,5/6/2020,After Market
ALNY,5/6/2020,Before Market
TRMB,5/6/2020,After Market
GPN,5/6/2020,Before Market
BRKR,5/6/2020,After Market
TBPH,5/6/2020,After Market
NBIX,5/6/2020,After Market
SEDG,5/6/2020,After Market
VIV,5/6/2020,Before Market
ARES,5/5/2020,After Market
ALL,5/5/2020,After Market
ALK,5/5/2020,Before Market
DD,5/5/2020,Before Market
DK,5/5/2020,After Market
AME,5/5/2020,Before Market
ACM,5/5/2020,Before Market
PLNT,5/5/2020,After Market
AKR,5/5/2020,After Market
SYY,5/5/2020,Before Market
CC,5/5/2020,After Market
COHU,5/5/2020,After Market
TT,5/5/2020,Before Market
HWM,5/5/2020,Before Market
NPO,5/5/2020,Before Market
MLM,5/5/2020,Before Market
D,5/5/2020,Before Market
LITE,5/5/2020,Before Market
MPLX,5/5/2020,Before Market
HAE,5/5/2020,Before Market
GTES,5/5/2020,After Market
SIGI,5/5/2020,After Market
ATGE,5/5/2020,After Market
HSIC,5/5/2020,Before Market
DHT,5/5/2020,After Market
MATX,5/5/2020,After Market
BCO,5/5/2020,After Market
XYL,5/5/2020,Before Market
HE,5/5/2020,Before Market
COKE,5/5/2020,After Market
KEX,5/5/2020,Before Market
PAGP,5/5/2020,After Market
SEE,5/5/2020,Before Market
IESC,5/5/2020,Before Market
VCEL,5/5/2020,Before Market
ONTO,5/5/2020,After Market
POWL,5/5/2020,After Market
PRIM,5/5/2020,Before Market
AOS,5/5/2020,Before Market
BLKB,5/5/2020,After Market
DKL,5/5/2020,After Market
IOSP,5/5/2020,After Market
APTV,5/5/2020,Before Market
W,5/5/2020,Before Market
JBGS,5/5/2020,After Market
WES,5/5/2020,After Market
OXY,5/5/2020,After Market
SFM,5/5/2020,After Market
AXTA,5/5/2020,After Market
ABG,5/5/2020,Before Market
ADNT,5/5/2020,Before Market
ATKR,5/5/2020,Before Market
VST,5/5/2020,Before Market
KGC,5/5/2020,After Market
LCII,5/5/2020,Before Market
IPGP,5/5/2020,Before Market
MPC,5/5/2020,Before Market
RSG,5/5/2020,After Market
ICFI,5/5/2020,After Market
EQR,5/5/2020,After Market
SBAC,5/5/2020,After Market
SIFY,5/5/2020,Before Market
AGCO,5/5/2020,Before Market
NEM,5/5/2020,Before Market
TDG,5/5/2020,Before Market
REGN,5/5/2020,Before Market
LGIH,5/5/2020,Before Market
VOYA,5/5/2020,After Market
LC,5/5/2020,After Market
EA,5/5/2020,After Market
VRSK,5/5/2020,After Market
CMPR,5/5/2020,After Market
MAT,5/5/2020,After Market
LDOS,5/5/2020,Before Market
ATI,5/5/2020,Before Market
UFPT,5/5/2020,Before Market
CAKE,5/5/2020,After Market
EXPD,5/5/2020,Before Market
INSP,5/5/2020,After Market
DIS,5/5/2020,After Market
RGA,5/5/2020,After Market
AER,5/5/2020,Before Market
USAC,5/5/2020,Before Market
LPX,5/5/2020,Before Market
MTCH,5/5/2020,After Market
CNO,5/5/2020,After Market
INCY,5/5/2020,Before Market
ITW,5/5/2020,Before Market
TSLX,5/5/2020,After Market
JAZZ,5/5/2020,After Market
MELI,5/5/2020,After Market
PINS,5/5/2020,After Market
BLD,5/5/2020,Before Market
RCUS,5/5/2020,After Market
GPI,5/5/2020,Before Market
PRU,5/5/2020,After Market
PAA,5/5/2020,After Market
SLF,5/5/2020,After Market
BKD,5/5/2020,After Market
DBD,5/5/2020,Before Market
KLAC,5/5/2020,After Market
SUPN,5/5/2020,After Market
OTTR,5/5/2020,After Market
ARCC,5/5/2020,Before Market
ARCB,5/5/2020,Before Market
ANDE,5/5/2020,After Market
DEA,5/5/2020,Before Market
ASH,5/5/2020,After Market
MEOH,5/5/2020,After Market
INGR,5/5/2020,Before Market
SU,5/5/2020,After Market
USFD,5/5/2020,Before Market
CAI,5/5/2020,After Market
ARMK,5/5/2020,Before Market
ANET,5/5/2020,After Market
TRI,5/5/2020,Before Market
FMC,5/5/2020,After Market
EXEL,5/5/2020,After Market
GLDD,5/5/2020,Before Market
CRI,5/5/2020,Before Market
ENPH,5/5/2020,After Market
AIZ,5/5/2020,After Market
DVN,5/5/2020,After Market
JLL,5/5/2020,Before Market
PLMR,5/5/2020,After Market
DVA,5/5/2020,After Market
ACLS,5/5/2020,After Market
PEG,5/4/2020,Before Market
NNN,5/4/2020,Before Market
SHAK,5/4/2020,After Market
SRE,5/4/2020,Before Market
APPF,5/4/2020,After Market
LEG,5/4/2020,After Market
ITRI,5/4/2020,After Market
FIVN,5/4/2020,After Market
WH,5/4/2020,After Market
BSM,5/4/2020,After Market
STRL,5/4/2020,After Market
VRNS,5/4/2020,After Market
VNOM,5/4/2020,After Market
ALSN,5/4/2020,After Market
VNO,5/4/2020,After Market
WAB,5/4/2020,Before Market
RACE,5/4/2020,Before Market
MWA,5/4/2020,After Market
O,5/4/2020,After Market
RMBS,5/4/2020,After Market
CUBI,5/4/2020,Before Market
L,5/4/2020,Before Market
THC,5/4/2020,After Market
KMT,5/4/2020,After Market
CRUS,5/4/2020,After Market
TSN,5/4/2020,Before Market
STWD,5/4/2020,Before Market
PSIX,5/4/2020,After Market
MOS,5/4/2020,After Market
NSP,5/4/2020,After Market
UNM,5/4/2020,After Market
REXR,5/4/2020,After Market
RBC,5/4/2020,After Market
RYTM,5/4/2020,Before Market
CIB,5/4/2020,Before Market
WEC,5/4/2020,Before Market
BWXT,5/4/2020,After Market
PFGC,5/4/2020,Before Market
AROC,5/4/2020,After Market
TREX,5/4/2020,After Market
FANG,5/4/2020,After Market
KN,5/4/2020,After Market
OHI,5/4/2020,After Market
GATX,5/4/2020,Before Market
SWKS,5/4/2020,After Market
IAG,5/4/2020,After Market
ICHR,5/4/2020,After Market
AWR,5/4/2020,After Market
CNA,5/4/2020,Before Market
CORT,5/4/2020,After Market
MCY,5/4/2020,Before Market
FRPT,5/4/2020,After Market
ACGL,5/4/2020,After Market
ADUS,5/4/2020,After Market
JKHY,5/4/2020,After Market
DLB,5/4/2020,After Market
FN,5/4/2020,After Market
WLK,5/4/2020,Before Market
XPO,5/4/2020,After Market
TXRH,5/4/2020,After Market
WMB,5/4/2020,After Market
AXS,5/4/2020,After Market
BKH,5/4/2020,After Market
HTGC,5/4/2020,After Market
HLIO,5/4/2020,After Market
AMRC,5/4/2020,After Market
NSSC,5/4/2020,Before Market
CAR,5/4/2020,After Market
MHK,5/4/2020,After Market
WWD,5/4/2020,After Market
AIG,5/4/2020,After Market
LTC,5/4/2020,Before Market
WMK,5/4/2020,After Market
BRK/B,5/2/2020,Before Market
CCJ,5/1/2020,Before Market
CL,5/1/2020,Before Market
WPC,5/1/2020,Before Market
WSC,5/1/2020,Before Market
CVX,5/1/2020,Before Market
CLX,5/1/2020,Before Market
IMO,5/1/2020,Before Market
WY,5/1/2020,Before Market
KRYS,5/1/2020,After Market
LYB,5/1/2020,Before Market
UUUU,5/1/2020,After Market
BELFB,5/1/2020,Before Market
AON,5/1/2020,Before Market
APO,5/1/2020,Before Market
TKR,5/1/2020,Before Market
CHTR,5/1/2020,Before Market
HON,5/1/2020,Before Market
TMP,5/1/2020,Before Market
CBOE,5/1/2020,Before Market
LBRDA,5/1/2020,After Market
LBRDK,5/1/2020,After Market
ABBV,5/1/2020,Before Market
EL,5/1/2020,Before Market
ITT,5/1/2020,Before Market
QSR,5/1/2020,Before Market
BCPC,5/1/2020,Before Market
XOM,5/1/2020,Before Market
PIPR,5/1/2020,Before Market
JCI,5/1/2020,Before Market
PCG,5/1/2020,Before Market
TRP,5/1/2020,Before Market
PSX,5/1/2020,Before Market
CX,4/30/2020,Before Market
FIBK,4/30/2020,After Market
CI,4/30/2020,Before Market
CDNA,4/30/2020,After Market
TECH,4/30/2020,Before Market
TDS,4/30/2020,After Market
BL,4/30/2020,After Market
OSIS,4/30/2020,After Market
CG,4/30/2020,Before Market
BY,4/30/2020,After Market
TBBK,4/30/2020,After Market
WK,4/30/2020,After Market
TXT,4/30/2020,Before Market
CWT,4/30/2020,Before Market
BAX,4/30/2020,Before Market
TFX,4/30/2020,Before Market
GILD,4/30/2020,After Market
SSNC,4/30/2020,After Market
SPSC,4/30/2020,After Market
HGV,4/30/2020,Before Market
PRGO,4/30/2020,Before Market
VC,4/30/2020,Before Market
CUZ,4/30/2020,After Market
STAG,4/30/2020,After Market
STBA,4/30/2020,Before Market
ROG,4/30/2020,After Market
EMN,4/30/2020,After Market
NFG,4/30/2020,After Market
AAPL,4/30/2020,After Market
PFS,4/30/2020,Before Market
TEX,4/30/2020,After Market
EME,4/30/2020,Before Market
HURN,4/30/2020,After Market
FBP,4/30/2020,Before Market
COLB,4/30/2020,Before Market
GNRC,4/30/2020,Before Market
VKTX,4/30/2020,After Market
IDXX,4/30/2020,Before Market
IRMD,4/30/2020,Before Market
AMGN,4/30/2020,After Market
RRC,4/30/2020,After Market
CHD,4/30/2020,Before Market
FTV,4/30/2020,After Market
CFR,4/30/2020,Before Market
HUBB,4/30/2020,Before Market
FTAI,4/30/2020,After Market
GEO,4/30/2020,Before Market
COLM,4/30/2020,After Market
PH,4/30/2020,Before Market
WCC,4/30/2020,Before Market
TPR,4/30/2020,Before Market
HUBG,4/30/2020,After Market
BBVA,4/30/2020,Before Market
AMZN,4/30/2020,After Market
ARW,4/30/2020,Before Market
AAL,4/30/2020,Before Market
KHC,4/30/2020,Before Market
TRUP,4/30/2020,After Market
TNDM,4/30/2020,After Market
ALEX,4/30/2020,After Market
PRLB,4/30/2020,Before Market
LKQ,4/30/2020,Before Market
LNTH,4/30/2020,Before Market
MOH,4/30/2020,After Market
FCN,4/30/2020,Before Market
CHT,4/30/2020,Before Market
AIT,4/30/2020,Before Market
SEM,4/30/2020,After Market
SPXC,4/30/2020,After Market
ARR,4/30/2020,After Market
NTB,4/30/2020,After Market
SWK,4/30/2020,Before Market
VSEC,4/30/2020,After Market
IP,4/30/2020,Before Market
LPLA,4/30/2020,After Market
ETN,4/30/2020,Before Market
PTCT,4/30/2020,After Market
WHR,4/30/2020,After Market
GSHD,4/30/2020,After Market
PNR,4/30/2020,Before Market
OTEX,4/30/2020,After Market
CRS,4/30/2020,Before Market
SYK,4/30/2020,After Market
RMD,4/30/2020,After Market
ESI,4/30/2020,Before Market
DOW,4/30/2020,Before Market
EXPO,4/30/2020,After Market
LNG,4/30/2020,Before Market
INSM,4/30/2020,Before Market
SPB,4/30/2020,Before Market
ATR,4/30/2020,After Market
MCO,4/30/2020,Before Market
LMAT,4/30/2020,After Market
JHG,4/30/2020,Before Market
IDA,4/30/2020,Before Market
MTZ,4/30/2020,After Market
MTX,4/30/2020,After Market
MCD,4/30/2020,Before Market
KEN,4/30/2020,Before Market
DAN,4/30/2020,Before Market
GLPI,4/30/2020,After Market
BPOP,4/30/2020,Before Market
ICE,4/30/2020,Before Market
MO,4/30/2020,Before Market
FHI,4/30/2020,After Market
CNOB,4/30/2020,Before Market
VICI,4/30/2020,After Market
ILMN,4/30/2020,After Market
UAL,4/30/2020,After Market
AEM,4/30/2020,After Market
TFSL,4/30/2020,After Market
UBSI,4/30/2020,Before Market
TIGO,4/30/2020,After Market
SNDR,4/30/2020,Before Market
KNSL,4/30/2020,After Market
EGP,4/30/2020,After Market
EGO,4/30/2020,After Market
CMCSA,4/30/2020,Before Market
DCO,4/30/2020,After Market
LAZ,4/30/2020,Before Market
HTH,4/30/2020,After Market
IMAX,4/30/2020,Before Market
TPL,4/30/2020,After Market
COP,4/30/2020,Before Market
V,4/30/2020,After Market
NVCR,4/30/2020,Before Market
AGIO,4/30/2020,Before Market
CENX,4/30/2020,After Market
COR,4/30/2020,Before Market
AJG,4/30/2020,After Market
BEN,4/30/2020,Before Market
SF,4/30/2020,Before Market
FMX,4/30/2020,Before Market
ASGN,4/30/2020,After Market
WDC,4/30/2020,After Market
BC,4/30/2020,Before Market
EIX,4/30/2020,After Market
FND,4/30/2020,After Market
SO,4/30/2020,Before Market
SMMT,4/30/2020,Before Market
TEAM,4/30/2020,After Market
CQP,4/30/2020,Before Market
TRS,4/30/2020,Before Market
AMAL,4/30/2020,Before Market
PSA,4/30/2020,After Market
HP,4/30/2020,After Market
TAP,4/30/2020,Before Market
MGM,4/30/2020,After Market
PATK,4/30/2020,Before Market
BLDR,4/30/2020,After Market
CRAI,4/30/2020,Before Market
CCI,4/29/2020,After Market
UE,4/29/2020,After Market
EAT,4/29/2020,Before Market
JOE,4/29/2020,After Market
VLO,4/29/2020,Before Market
CCS,4/29/2020,After Market
EBAY,4/29/2020,After Market
DB,4/29/2020,Before Market
MTSI,4/29/2020,After Market
KRC,4/29/2020,After Market
SLAB,4/29/2020,Before Market
GRMN,4/29/2020,Before Market
NLY,4/29/2020,After Market
TS,4/29/2020,After Market
KAI,4/29/2020,After Market
BSAC,4/29/2020,Before Market
GSK,4/29/2020,Before Market
STRA,4/29/2020,Before Market
CMRE,4/29/2020,Before Market
ADP,4/29/2020,Before Market
BANC,4/29/2020,Before Market
ROL,4/29/2020,Before Market
SAIA,4/29/2020,Before Market
HIG,4/29/2020,After Market
CADE,4/29/2020,Before Market
CVE,4/29/2020,Before Market
SAH,4/29/2020,Before Market
KLIC,4/29/2020,After Market
AMT,4/29/2020,Before Market
NOC,4/29/2020,Before Market
CNXN,4/29/2020,After Market
ATRC,4/29/2020,After Market
NOW,4/29/2020,After Market
EPD,4/29/2020,Before Market
USLM,4/29/2020,After Market
PEGA,4/29/2020,After Market
BCS,4/29/2020,Before Market
BDC,4/29/2020,Before Market
AZZ,4/29/2020,Before Market
NSC,4/29/2020,Before Market
QCOM,4/29/2020,After Market
SCI,4/29/2020,After Market
MYRG,4/29/2020,After Market
R,4/29/2020,Before Market
BSX,4/29/2020,Before Market
BTU,4/29/2020,Before Market
TYL,4/29/2020,After Market
GD,4/29/2020,Before Market
GE,4/29/2020,Before Market
FSS,4/29/2020,Before Market
VAL,4/29/2020,After Market
ASX,4/29/2020,Before Market
GIL,4/29/2020,After Market
PTC,4/29/2020,After Market
SXT,4/29/2020,Before Market
OFG,4/29/2020,Before Market
RJF,4/29/2020,After Market
LFUS,4/29/2020,Before Market
FDP,4/29/2020,Before Market
CLBK,4/29/2020,After Market
TTMI,4/29/2020,After Market
NGVT,4/29/2020,After Market
MSA,4/29/2020,After Market
CLH,4/29/2020,Before Market
TTEK,4/29/2020,After Market
WHD,4/29/2020,After Market
SHW,4/29/2020,Before Market
LH,4/29/2020,Before Market
UCTT,4/29/2020,After Market
AX,4/29/2020,After Market
CHDN,4/29/2020,After Market
CLS,4/29/2020,Before Market
BMRN,4/29/2020,After Market
ADM,4/29/2020,After Market
MA,4/29/2020,Before Market
BHE,4/29/2020,After Market
ALGN,4/29/2020,After Market
MAS,4/29/2020,Before Market
VRTX,4/29/2020,After Market
CNMD,4/29/2020,After Market
NVT,4/29/2020,Before Market
MGRC,4/29/2020,After Market
FICO,4/29/2020,After Market
PPC,4/29/2020,After Market
TSLA,4/29/2020,After Market
OLN,4/29/2020,After Market
OC,4/29/2020,Before Market
AFL,4/29/2020,After Market
CACI,4/29/2020,After Market
CME,4/29/2020,Before Market
URI,4/29/2020,After Market
OSK,4/29/2020,Before Market
QURE,4/29/2020,Before Market
MTDR,4/29/2020,After Market
MSFT,4/29/2020,After Market
INVA,4/29/2020,After Market
MORN,4/29/2020,After Market
AVY,4/29/2020,Before Market
PRI,4/29/2020,After Market
LIVN,4/29/2020,Before Market
YUM,4/29/2020,Before Market
ALKS,4/29/2020,Before Market
KOF,4/29/2020,Before Market
RYN,4/29/2020,After Market
MKTX,4/29/2020,Before Market
UTHR,4/29/2020,Before Market
CSTM,4/29/2020,Before Market
BKU,4/29/2020,Before Market
AGI,4/29/2020,After Market
HAS,4/29/2020,Before Market
PB,4/29/2020,Before Market
AM,4/29/2020,After Market
APLS,4/29/2020,After Market
GIB,4/29/2020,Before Market
AR,4/29/2020,After Market
SITE,4/29/2020,Before Market
AVTR,4/29/2020,After Market
BA,4/29/2020,Before Market
ST,4/29/2020,Before Market
MHO,4/29/2020,Before Market
HOLX,4/29/2020,After Market
TCBK,4/29/2020,Before Market
SM,4/29/2020,Before Market
MXL,4/29/2020,After Market
SPOT,4/29/2020,Before Market
HCC,4/29/2020,After Market
AZN,4/29/2020,Before Market
TRN,4/29/2020,After Market
AIN,4/29/2020,After Market
HUM,4/29/2020,Before Market
QCRH,4/28/2020,After Market
CRSP,4/28/2020,After Market
RNST,4/28/2020,After Market
AMD,4/28/2020,After Market
MDLZ,4/28/2020,After Market
PEP,4/28/2020,Before Market
BP,4/28/2020,Before Market
HWC,4/28/2020,After Market
CSGP,4/28/2020,After Market
MASI,4/28/2020,After Market
TX,4/28/2020,After Market
TENB,4/28/2020,After Market
TROW,4/28/2020,Before Market
SBUX,4/28/2020,After Market
WERN,4/28/2020,After Market
ROP,4/28/2020,Before Market
UMBF,4/28/2020,After Market
WAT,4/28/2020,Before Market
VALE,4/28/2020,After Market
PFE,4/28/2020,Before Market
AMX,4/28/2020,Before Market
KBR,4/28/2020,After Market
SAN,4/28/2020,Before Market
MKL,4/28/2020,After Market
LBRT,4/28/2020,After Market
DXCM,4/28/2020,After Market
APAM,4/28/2020,After Market
PAYC,4/28/2020,After Market
PII,4/28/2020,Before Market
FCF,4/28/2020,Before Market
CHE,4/28/2020,After Market
YUMC,4/28/2020,After Market
LSCC,4/28/2020,After Market
MMM,4/28/2020,Before Market
FBNC,4/28/2020,After Market
HIW,4/28/2020,After Market
F,4/28/2020,After Market
ENVA,4/28/2020,After Market
MEDP,4/28/2020,After Market
CHRW,4/28/2020,After Market
THG,4/28/2020,After Market
AAT,4/28/2020,After Market
OMAB,4/28/2020,After Market
NUE,4/28/2020,Before Market
IQV,4/28/2020,Before Market
AKAM,4/28/2020,After Market
PJT,4/28/2020,Before Market
CIGI,4/28/2020,Before Market
SPGI,4/28/2020,Before Market
TNET,4/28/2020,After Market
CHCO,4/28/2020,Before Market
NEO,4/28/2020,Before Market
GOOGL,4/28/2020,After Market
HOG,4/28/2020,Before Market
AUB,4/28/2020,Before Market
BYD,4/28/2020,After Market
SIMO,4/28/2020,After Market
FELE,4/28/2020,Before Market
ECL,4/28/2020,Before Market
BXP,4/28/2020,After Market
MRK,4/28/2020,Before Market
NVS,4/28/2020,Before Market
EEFT,4/28/2020,After Market
FCNCA,4/28/2020,After Market
UPS,4/28/2020,Before Market
ACA,4/28/2020,After Market
SBCF,4/28/2020,After Market
ZBRA,4/28/2020,Before Market
MRCY,4/28/2020,After Market
VIST,4/28/2020,After Market
BXMT,4/28/2020,After Market
CNC,4/28/2020,Before Market
OI,4/28/2020,After Market
CALX,4/28/2020,After Market
ROK,4/28/2020,Before Market
BUSE,4/28/2020,After Market
CMI,4/28/2020,Before Market
TEL,4/28/2020,Before Market
MKSI,4/28/2020,After Market
MTH,4/28/2020,After Market
DHI,4/28/2020,Before Market
OKE,4/28/2020,After Market
GLW,4/28/2020,Before Market
MPWR,4/28/2020,After Market
CCEP,4/28/2020,Before Market
GFF,4/28/2020,After Market
KNSA,4/28/2020,Before Market
IRDM,4/28/2020,Before Market
SIRI,4/28/2020,Before Market
OMC,4/28/2020,Before Market
CBSH,4/28/2020,Before Market
TPB,4/28/2020,Before Market
UBS,4/28/2020,Before Market
HSBC,4/28/2020,Before Market
DTE,4/28/2020,Before Market
MSTR,4/28/2020,After Market
AB,4/28/2020,Before Market
CAT,4/28/2020,Before Market
GOOG,4/28/2020,After Market
LUV,4/28/2020,Before Market
MSCI,4/28/2020,Before Market
TRMK,4/28/2020,After Market
TRU,4/28/2020,Before Market
DCOM,4/28/2020,Before Market
EHC,4/28/2020,After Market
CR,4/27/2020,After Market
UHS,4/27/2020,After Market
CCB,4/27/2020,Before Market
AMG,4/27/2020,Before Market
NXPI,4/27/2020,After Market
CE,4/27/2020,After Market
WSFS,4/27/2020,After Market
CATY,4/27/2020,After Market
KDP,4/27/2020,After Market
BANR,4/27/2020,After Market
PFG,4/27/2020,After Market
BRO,4/27/2020,After Market
AVT,4/27/2020,After Market
SSD,4/27/2020,After Market
NOV,4/27/2020,After Market
DORM,4/27/2020,Before Market
FBK,4/27/2020,After Market
TOWN,4/27/2020,Before Market
LRN,4/27/2020,After Market
CGNX,4/27/2020,After Market
LKFN,4/27/2020,Before Market
OGS,4/27/2020,After Market
ARE,4/27/2020,After Market
PKG,4/27/2020,After Market
NBTB,4/27/2020,After Market
NWBI,4/27/2020,Before Market
AMKR,4/27/2020,After Market
FFIV,4/27/2020,After Market
CNI,4/27/2020,After Market
JJSF,4/27/2020,After Market
LECO,4/27/2020,Before Market
PPG,4/27/2020,After Market
AWI,4/27/2020,Before Market
FIX,4/27/2020,After Market
CNX,4/27/2020,Before Market
CMS,4/27/2020,Before Market
PRK,4/27/2020,After Market
CINF,4/27/2020,After Market
PI,4/27/2020,After Market
OMF,4/27/2020,After Market
PCH,4/27/2020,After Market
WSBC,4/27/2020,After Market
CHKP,4/27/2020,Before Market
SANM,4/27/2020,After Market
ALV,4/24/2020,Before Market
E,4/24/2020,Before Market
B,4/24/2020,Before Market
VZ,4/24/2020,Before Market
SCCO,4/24/2020,After Market
MOG/A,4/24/2020,Before Market
FCX,4/24/2020,Before Market
GNTX,4/24/2020,Before Market
FHB,4/24/2020,Before Market
POR,4/24/2020,Before Market
AXP,4/24/2020,Before Market
SNY,4/24/2020,Before Market
CTS,4/23/2020,Before Market
ORI,4/23/2020,Before Market
SAFE,4/23/2020,Before Market
EWBC,4/23/2020,Before Market
FFIN,4/23/2020,After Market
BX,4/23/2020,Before Market
OCFC,4/23/2020,After Market
EW,4/23/2020,After Market
WST,4/23/2020,Before Market
FAF,4/23/2020,Before Market
TSCO,4/23/2020,Before Market
WSO,4/23/2020,Before Market
FE,4/23/2020,After Market
SEIC,4/23/2020,After Market
SSB,4/23/2020,After Market
MMSI,4/23/2020,After Market
GBCI,4/23/2020,After Market
PHM,4/23/2020,Before Market
MBIN,4/23/2020,After Market
POOL,4/23/2020,Before Market
FSV,4/23/2020,Before Market
GWW,4/23/2020,Before Market
ASB,4/23/2020,After Market
PKX,4/23/2020,Before Market
ASR,4/23/2020,After Market
LLY,4/23/2020,Before Market
UNP,4/23/2020,Before Market
FRME,4/23/2020,Before Market
DPZ,4/23/2020,Before Market
VRSN,4/23/2020,After Market
FOR,4/23/2020,After Market
MTRN,4/23/2020,Before Market
KB,4/23/2020,Before Market
GTLS,4/23/2020,Before Market
OZK,4/23/2020,After Market
INTC,4/23/2020,After Market
HRI,4/23/2020,Before Market
ABCB,4/23/2020,After Market
INDB,4/23/2020,After Market
SRCE,4/23/2020,Before Market
HSY,4/23/2020,Before Market
CROX,4/23/2020,Before Market
APD,4/23/2020,Before Market
VICR,4/23/2020,After Market
RBCAA,4/23/2020,Before Market
HBAN,4/23/2020,Before Market
ALLE,4/23/2020,Before Market
TPH,4/23/2020,After Market
IVZ,4/23/2020,Before Market
COF,4/23/2020,After Market
IEX,4/23/2020,After Market
RHI,4/23/2020,After Market
EIG,4/23/2020,After Market
ODFL,4/23/2020,Before Market
GRC,4/23/2020,Before Market
FNB,4/23/2020,Before Market
RS,4/23/2020,Before Market
LRCX,4/22/2020,After Market
OSBC,4/22/2020,After Market
TDY,4/22/2020,Before Market
VMI,4/22/2020,After Market
DGX,4/22/2020,Before Market
CSX,4/22/2020,After Market
SYBT,4/22/2020,Before Market
CVBF,4/22/2020,After Market
LVS,4/22/2020,After Market
TR,4/22/2020,After Market
STM,4/22/2020,Before Market
STC,4/22/2020,After Market
PLXS,4/22/2020,After Market
CDE,4/22/2020,After Market
SAM,4/22/2020,After Market
FTI,4/22/2020,After Market
LSTR,4/22/2020,After Market
GGG,4/22/2020,After Market
T,4/22/2020,Before Market
FR,4/22/2020,After Market
GL,4/22/2020,After Market
APH,4/22/2020,Before Market
SUI,4/22/2020,After Market
AXTI,4/22/2020,After Market
WWW,4/22/2020,Before Market
SLGN,4/22/2020,Before Market
NWE,4/22/2020,After Market
NEE,4/22/2020,Before Market
MC,4/22/2020,After Market
CTBI,4/22/2020,Before Market
NEU,4/22/2020,After Market
TMO,4/22/2020,Before Market
LOB,4/22/2020,After Market
MCRI,4/22/2020,After Market
RCI,4/22/2020,Before Market
HNI,4/22/2020,After Market
CASH,4/22/2020,After Market
UFPI,4/22/2020,After Market
BOKF,4/22/2020,Before Market
EVR,4/22/2020,Before Market
DAL,4/22/2020,Before Market
FCFS,4/22/2020,Before Market
KMI,4/22/2020,After Market
CNS,4/22/2020,After Market
KMB,4/22/2020,Before Market
STX,4/22/2020,After Market
PFBC,4/22/2020,After Market
LAD,4/22/2020,Before Market
KNX,4/22/2020,Before Market
ICLR,4/22/2020,After Market
SLG,4/22/2020,After Market
SLM,4/22/2020,After Market
BKR,4/22/2020,Before Market
RUSHA,4/22/2020,After Market
ORLY,4/22/2020,After Market
FNF,4/22/2020,After Market
TCBI,4/22/2020,After Market
BIIB,4/22/2020,Before Market
NDAQ,4/22/2020,Before Market
AA,4/22/2020,After Market
PEBO,4/21/2020,Before Market
CP,4/21/2020,After Market
IBKR,4/21/2020,After Market
FITB,4/21/2020,Before Market
RLI,4/21/2020,After Market
CB,4/21/2020,After Market
MLI,4/21/2020,Before Market
NTRS,4/21/2020,Before Market
BANF,4/21/2020,After Market
NFLX,4/21/2020,After Market
TXN,4/21/2020,After Market
WRB,4/21/2020,After Market
EDU,4/21/2020,Before Market
ENTG,4/21/2020,Before Market
TER,4/21/2020,After Market
SAP,4/21/2020,Before Market
SFNC,4/21/2020,Before Market
SCL,4/21/2020,Before Market
WBS,4/21/2020,Before Market
PLD,4/21/2020,Before Market
PCAR,4/21/2020,Before Market
TECK,4/21/2020,Before Market
MAN,4/21/2020,Before Market
KO,4/21/2020,Before Market
LMT,4/21/2020,Before Market
SYF,4/21/2020,Before Market
DOV,4/21/2020,Before Market
HCSG,4/21/2020,After Market
EMR,4/21/2020,Before Market
CMG,4/21/2020,After Market
CMA,4/21/2020,Before Market
FHN,4/21/2020,Before Market
FULT,4/21/2020,After Market
GPK,4/21/2020,Before Market
MANH,4/21/2020,After Market
PM,4/21/2020,Before Market
NBHC,4/21/2020,After Market
NAVI,4/21/2020,After Market
CSL,4/21/2020,After Market
WTFC,4/21/2020,After Market
TRV,4/21/2020,Before Market
SNA,4/21/2020,Before Market
HCA,4/21/2020,Before Market
WAFD,4/21/2020,After Market
HXL,4/20/2020,After Market
CCK,4/20/2020,After Market
CDNS,4/20/2020,After Market
EFSC,4/20/2020,After Market
BOH,4/20/2020,Before Market
CBU,4/20/2020,Before Market
PNFP,4/20/2020,After Market
INFY,4/20/2020,Before Market
TFC,4/20/2020,Before Market
ELS,4/20/2020,After Market
LII,4/20/2020,Before Market
PHG,4/20/2020,Before Market
KALU,4/20/2020,Before Market
ADC,4/20/2020,Before Market
IBM,4/20/2020,After Market
SFBS,4/20/2020,After Market
FFBC,4/20/2020,After Market
MTB,4/20/2020,Before Market
ONB,4/20/2020,Before Market
STLD,4/20/2020,After Market
ZION,4/20/2020,After Market
EFX,4/20/2020,After Market
ALLY,4/20/2020,Before Market
HAL,4/20/2020,Before Market
HDB,4/18/2020,Before Market
CFG,4/17/2020,Before Market
MUSA,4/17/2020,Before Market
STT,4/17/2020,Before Market
PG,4/17/2020,Before Market
SLB,4/17/2020,Before Market
RF,4/17/2020,Before Market
BK,4/16/2020,Before Market
MRTN,4/16/2020,After Market
WAL,4/16/2020,After Market
WABC,4/16/2020,Before Market
KEY,4/16/2020,Before Market
ISRG,4/16/2020,After Market
HOMB,4/16/2020,Before Market
ABT,4/16/2020,Before Market
MS,4/16/2020,Before Market
BLK,4/16/2020,Before Market
SON,4/16/2020,Before Market
TSM,4/16/2020,Before Market
BMI,4/16/2020,Before Market
BAC,4/15/2020,Before Market
C,4/15/2020,Before Market
PGR,4/15/2020,Before Market
ASML,4/15/2020,Before Market
GS,4/15/2020,Before Market
UNH,4/15/2020,Before Market
PNC,4/15/2020,Before Market
SCHW,4/15/2020,Before Market
USB,4/15/2020,Before Market
BLX,4/15/2020,Before Market
JNJ,4/14/2020,Before Market
AGX,4/14/2020,After Market
JPM,4/14/2020,Before Market
WFC,4/14/2020,Before Market
JBHT,4/14/2020,Before Market
FAST,4/14/2020,Before Market
WDFC,4/9/2020,After Market
MSM,4/8/2020,Before Market
RPM,4/8/2020,Before Market
PSMT,4/8/2020,After Market
LNN,4/7/2020,Before Market
GBX,4/7/2020,Before Market
LEVI,4/7/2020,After Market
SMPL,4/6/2020,Before Market
CAAP,4/6/2020,After Market
CCL,4/3/2020,Before Market
CUK,4/3/2020,Before Market
HUT,4/3/2020,Before Market
STZ,4/3/2020,Before Market
CHWY,4/2/2020,After Market
KMX,4/2/2020,Before Market
AYI,4/2/2020,Before Market
NVGS,4/2/2020,After Market
LW,4/1/2020,Before Market
PVH,4/1/2020,After Market
ASND,4/1/2020,After Market
UNF,4/1/2020,Before Market
MKC,3/31/2020,Before Market
CAG,3/31/2020,Before Market
BNTX,3/31/2020,Before Market
CALM,3/30/2020,Before Market
RH,3/30/2020,After Market
CYD,3/30/2020,Before Market
BEAM,3/30/2020,Before Market
QFIN,3/27/2020,Before Market
BRKR,3/27/2020,After Market
SA,3/27/2020,After Market
SBS,3/27/2020,Before Market
GME,3/26/2020,After Market
KBH,3/26/2020,After Market
REX,3/26/2020,Before Market
PRGS,3/26/2020,After Market
AFYA,3/26/2020,After Market
HTHT,3/26/2020,After Market
WOR,3/26/2020,Before Market
SAIC,3/26/2020,After Market
CSIQ,3/26/2020,Before Market
JEF,3/26/2020,After Market
LULU,3/26/2020,After Market
CLDX,3/26/2020,After Market
FDS,3/26/2020,Before Market
SIG,3/26/2020,Before Market
WGO,3/25/2020,Before Market
MU,3/25/2020,After Market
RIOT,3/25/2020,After Market
FUL,3/25/2020,After Market
LEU,3/25/2020,After Market
PAYX,3/25/2020,Before Market
ESLT,3/25/2020,Before Market
AIR,3/24/2020,After Market
NKE,3/24/2020,After Market
EH,3/24/2020,Before Market
IDYA,3/24/2020,Before Market
SNX,3/24/2020,After Market
STOK,3/23/2020,Before Market
ACN,3/19/2020,Before Market
CTAS,3/19/2020,After Market
LEN,3/19/2020,Before Market
EPAC,3/19/2020,Before Market
CMC,3/19/2020,Before Market
DRI,3/19/2020,Before Market
GIII,3/19/2020,Before Market
PHAT,3/19/2020,Before Market
CRWD,3/19/2020,After Market
GDS,3/19/2020,Before Market
OLLI,3/19/2020,After Market
ZLAB,3/19/2020,Before Market
TCOM,3/18/2020,After Market
GIS,3/18/2020,Before Market
CAPR,3/18/2020,After Market
FIVE,3/18/2020,After Market
ACMR,3/18/2020,After Market
FUTU,3/18/2020,Before Market
WSM,3/18/2020,After Market
CTRA,3/18/2020,Before Market
FDX,3/17/2020,After Market
MDB,3/17/2020,After Market
BAX,3/17/2020,Before Market
BILI,3/17/2020,After Market
XP,3/17/2020,After Market
MUX,3/16/2020,After Market
HQY,3/16/2020,After Market
KOD,3/16/2020,Before Market
BE,3/16/2020,After Market
ESTA,3/16/2020,Before Market
GEN,3/16/2020,After Market
UUUU,3/16/2020,After Market
XPEL,3/16/2020,Before Market
CPRX,3/16/2020,After Market
MAGS,3/16/2020,Before Market
TME,3/16/2020,After Market
ZTO,3/16/2020,After Market
BKE,3/13/2020,Before Market
HROW,3/13/2020,Before Market
JKS,3/13/2020,Before Market
UEC,3/13/2020,Before Market
JBL,3/13/2020,Before Market
SRRK,3/12/2020,After Market
CELH,3/12/2020,Before Market
CELC,3/12/2020,After Market
ADBE,3/12/2020,After Market
AVGO,3/12/2020,After Market
AMPH,3/12/2020,After Market
ADMA,3/12/2020,After Market
AVDL,3/12/2020,Before Market
PAR,3/12/2020,After Market
DG,3/12/2020,Before Market
RDNT,3/12/2020,Before Market
NOG,3/12/2020,Before Market
MIRM,3/12/2020,After Market
INOD,3/12/2020,Before Market
AXSM,3/12/2020,Before Market
ULTA,3/12/2020,After Market
DOCU,3/12/2020,After Market
GSHD,3/12/2020,After Market
ORCL,3/12/2020,After Market
DVAX,3/11/2020,After Market
LQDA,3/11/2020,Before Market
CEPU,3/11/2020,Before Market
SMTC,3/11/2020,After Market
WPM,3/11/2020,After Market
BLFS,3/11/2020,After Market
PDD,3/11/2020,Before Market
PUK,3/11/2020,Before Market
DQ,3/11/2020,Before Market
UNFI,3/11/2020,Before Market
MCRI,3/11/2020,After Market
PTGX,3/10/2020,After Market
CSTL,3/10/2020,After Market
PAM,3/10/2020,After Market
PSN,3/10/2020,Before Market
KRYS,3/10/2020,Before Market
DKS,3/10/2020,Before Market
KFY,3/10/2020,After Market
IMOS,3/10/2020,Before Market
REYN,3/10/2020,Before Market
CRNX,3/9/2020,After Market
MTN,3/9/2020,After Market
WMK,3/9/2020,After Market
MGIC,3/9/2020,Before Market
FNV,3/9/2020,After Market
CASY,3/9/2020,After Market
THO,3/9/2020,Before Market
XENE,3/9/2020,After Market
GLP,3/6/2020,Before Market
DXPE,3/6/2020,Before Market
TGS,3/6/2020,Before Market
YPF,3/6/2020,Before Market
WLDN,3/5/2020,After Market
CNQ,3/5/2020,Before Market
RCUS,3/5/2020,After Market
OPCH,3/5/2020,Before Market
DCI,3/5/2020,Before Market
OKTA,3/5/2020,After Market
HRB,3/5/2020,After Market
COST,3/5/2020,After Market
HCI,3/5/2020,After Market
AUPH,3/5/2020,After Market
CAI,3/5/2020,After Market
IDT,3/5/2020,After Market
CIEN,3/5/2020,Before Market
GSL,3/5/2020,Before Market
CLMT,3/5/2020,Before Market
BJ,3/5/2020,Before Market
KTB,3/5/2020,Before Market
PGNY,3/5/2020,After Market
SGRY,3/5/2020,Before Market
UMH,3/5/2020,After Market
ATEC,3/5/2020,After Market
COO,3/5/2020,After Market
VIPS,3/5/2020,Before Market
EYPT,3/5/2020,Before Market
BURL,3/5/2020,Before Market
KR,3/5/2020,Before Market
FIZZ,3/5/2020,After Market
TTC,3/5/2020,Before Market
AEO,3/4/2020,After Market
DSGX,3/4/2020,After Market
PNTG,3/4/2020,After Market
SLNO,3/4/2020,After Market
PLAB,3/4/2020,Before Market
TAC,3/4/2020,Before Market
CPB,3/4/2020,Before Market
REVG,3/4/2020,After Market
DLTR,3/4/2020,Before Market
ANF,3/4/2020,Before Market
MRVL,3/4/2020,After Market
ABM,3/4/2020,After Market
BF/B,3/4/2020,Before Market
BF/A,3/4/2020,Before Market
MYRG,3/4/2020,After Market
ZM,3/4/2020,After Market
GWRE,3/4/2020,After Market
UFPT,3/4/2020,Before Market
CNR,3/3/2020,After Market
ROST,3/3/2020,After Market
SNDX,3/3/2020,After Market
VEEV,3/3/2020,After Market
AMBA,3/3/2020,After Market
LTM,3/3/2020,After Market
URBN,3/3/2020,After Market
SE,3/3/2020,Before Market
KSS,3/3/2020,Before Market
HCM,3/3/2020,Before Market
AZO,3/3/2020,Before Market
AVAV,3/3/2020,After Market
HPE,3/3/2020,After Market
TGT,3/3/2020,Before Market
GRBK,3/3/2020,After Market
CYTK,3/3/2020,After Market
INSW,3/3/2020,Before Market
ASTE,3/3/2020,After Market
TMDX,3/2/2020,After Market
ANAB,3/2/2020,Before Market
QURE,3/2/2020,After Market
EPRT,3/2/2020,Before Market
XRAY,3/2/2020,Before Market
BBIO,3/2/2020,Before Market
PI,3/2/2020,After Market
DAVE,3/2/2020,After Market
ZYME,3/2/2020,After Market
STNE,3/2/2020,After Market
AMRC,3/2/2020,After Market
TGTX,3/2/2020,After Market
SQM,3/2/2020,After Market
FOLD,3/2/2020,Before Market
IPAR,3/2/2020,After Market
APPF,3/2/2020,After Market
TDW,3/2/2020,After Market
STRL,3/2/2020,After Market
EVRG,3/2/2020,Before Market
WSC,3/2/2020,Before Market
KWR,3/2/2020,After Market
WVE,3/2/2020,Before Market
VRRM,3/2/2020,After Market
RYTM,3/2/2020,Before Market
JD,3/2/2020,Before Market
TGLS,3/2/2020,Before Market
NWN,3/2/2020,Before Market
PTCT,3/2/2020,After Market
AES,2/28/2020,Before Market
ROCK,2/28/2020,Before Market
CRH,2/28/2020,Before Market
STRA,2/28/2020,Before Market
E,2/28/2020,Before Market
KEP,2/28/2020,Before Market
W,2/28/2020,Before Market
VST,2/28/2020,Before Market
MTZ,2/27/2020,After Market
CBRE,2/27/2020,Before Market
GOLF,2/27/2020,Before Market
TNK,2/27/2020,Before Market
BIDU,2/27/2020,After Market
TD,2/27/2020,Before Market
PSTG,2/27/2020,After Market
IRTC,2/27/2020,After Market
GPOR,2/27/2020,After Market
HRI,2/27/2020,Before Market
CNP,2/27/2020,Before Market
ERIE,2/27/2020,After Market
LAUR,2/27/2020,Before Market
SERV,2/27/2020,Before Market
AGO,2/27/2020,After Market
ACIW,2/27/2020,Before Market
NVCR,2/27/2020,Before Market
CROX,2/27/2020,Before Market
SHOO,2/27/2020,Before Market
NTLA,2/27/2020,Before Market
CRAI,2/27/2020,Before Market
PBA,2/27/2020,After Market
FLY,2/27/2020,Before Market
TRS,2/27/2020,Before Market
TTD,2/27/2020,After Market
SDRL,2/27/2020,Before Market
EIX,2/27/2020,After Market
FMX,2/27/2020,Before Market
APLS,2/27/2020,After Market
GKOS,2/27/2020,After Market
ALG,2/27/2020,After Market
ADSK,2/27/2020,After Market
KRP,2/27/2020,Before Market
AMH,2/27/2020,After Market
GTX,2/27/2020,Before Market
SRE,2/27/2020,Before Market
CDNA,2/27/2020,After Market
MNST,2/27/2020,After Market
NNI,2/27/2020,After Market
CWEN,2/27/2020,Before Market
EME,2/27/2020,Before Market
IBOC,2/27/2020,Before Market
PRGO,2/27/2020,Before Market
PWR,2/27/2020,Before Market
HGV,2/27/2020,Before Market
ANIP,2/27/2020,Before Market
GSAT,2/27/2020,Before Market
KDP,2/27/2020,Before Market
WPP,2/27/2020,Before Market
CWT,2/27/2020,Before Market
FRO,2/27/2020,Before Market
CWK,2/27/2020,After Market
DNLI,2/27/2020,After Market
ARGX,2/27/2020,Before Market
LYV,2/27/2020,After Market
NRG,2/27/2020,Before Market
BBY,2/27/2020,Before Market
FSS,2/27/2020,Before Market
EOG,2/27/2020,After Market
CCOI,2/27/2020,Before Market
FSK,2/27/2020,After Market
COLL,2/27/2020,After Market
ICUI,2/27/2020,After Market
FTAI,2/27/2020,After Market
DELL,2/27/2020,After Market
RRC,2/27/2020,After Market
BUD,2/27/2020,Before Market
NRP,2/27/2020,Before Market
OGE,2/27/2020,Before Market
WES,2/27/2020,After Market
OXY,2/27/2020,After Market
RBA,2/27/2020,After Market
EQT,2/27/2020,Before Market
ICFI,2/27/2020,After Market
WDAY,2/27/2020,After Market
VSEC,2/27/2020,After Market
BTI,2/27/2020,Before Market
EXLS,2/27/2020,Before Market
DMLP,2/27/2020,After Market
USPH,2/27/2020,Before Market
AAON,2/27/2020,Before Market
AAOI,2/27/2020,After Market
RUN,2/27/2020,After Market
MAIN,2/27/2020,After Market
IBP,2/27/2020,Before Market
NEO,2/27/2020,Before Market
CVNA,2/26/2020,After Market
NI,2/26/2020,After Market
AEE,2/26/2020,Before Market
CM,2/26/2020,Before Market
MDGL,2/26/2020,Before Market
VIST,2/26/2020,Before Market
LOW,2/26/2020,Before Market
TPB,2/26/2020,Before Market
TPC,2/26/2020,After Market
FIX,2/26/2020,After Market
BATRA,2/26/2020,Before Market
DAO,2/26/2020,After Market
BATRK,2/26/2020,Before Market
MGEE,2/26/2020,After Market
GEF,2/26/2020,After Market
UTHR,2/26/2020,Before Market
SBGI,2/26/2020,Before Market
SJM,2/26/2020,Before Market
EYE,2/26/2020,Before Market
BKNG,2/26/2020,After Market
KOF,2/26/2020,Before Market
KNSA,2/26/2020,Before Market
LIVN,2/26/2020,Before Market
ETSY,2/26/2020,After Market
CPK,2/26/2020,After Market
MRNA,2/26/2020,Before Market
CRK,2/26/2020,After Market
ADPT,2/26/2020,After Market
CRC,2/26/2020,After Market
AMRX,2/26/2020,Before Market
FLNG,2/26/2020,Before Market
DFIN,2/26/2020,Before Market
FWONK,2/26/2020,Before Market
NTRA,2/26/2020,After Market
SAFT,2/26/2020,After Market
RIO,2/26/2020,Before Market
TILE,2/26/2020,Before Market
BOX,2/26/2020,After Market
IONS,2/26/2020,Before Market
GTY,2/26/2020,After Market
CCU,2/26/2020,Before Market
JOE,2/26/2020,After Market
CW,2/26/2020,After Market
PEG,2/26/2020,Before Market
UHS,2/26/2020,After Market
CCI,2/26/2020,After Market
FWONA,2/26/2020,Before Market
NTNX,2/26/2020,After Market
NXST,2/26/2020,Before Market
EE,2/26/2020,After Market
DY,2/26/2020,Before Market
OSW,2/26/2020,Before Market
STAA,2/26/2020,After Market
ESTC,2/26/2020,After Market
STN,2/26/2020,After Market
FG,2/26/2020,After Market
VKTX,2/26/2020,After Market
PZZA,2/26/2020,Before Market
APA,2/26/2020,After Market
MIDD,2/26/2020,Before Market
ACAD,2/26/2020,After Market
ATRO,2/26/2020,Before Market
FTI,2/26/2020,After Market
FTDR,2/26/2020,Before Market
VAC,2/26/2020,After Market
SWX,2/26/2020,After Market
ALEX,2/26/2020,After Market
EQH,2/26/2020,After Market
NTES,2/26/2020,After Market
DAKT,2/26/2020,Before Market
TJX,2/26/2020,Before Market
IIPR,2/26/2020,After Market
LB,2/26/2020,After Market
ECPG,2/26/2020,After Market
ACA,2/26/2020,After Market
SRPT,2/26/2020,After Market
ESI,2/26/2020,Before Market
DOC,2/26/2020,Before Market
WTRG,2/26/2020,After Market
NOVT,2/26/2020,Before Market
AVA,2/26/2020,Before Market
REZI,2/26/2020,After Market
CHDN,2/26/2020,After Market
MAR,2/26/2020,After Market
UPWK,2/26/2020,After Market
WHD,2/26/2020,After Market
BMRN,2/26/2020,After Market
CLH,2/26/2020,Before Market
MTDR,2/25/2020,After Market
PODD,2/25/2020,After Market
JAZZ,2/25/2020,After Market
DAR,2/25/2020,After Market
HEI,2/25/2020,After Market
OPRA,2/25/2020,Before Market
FRPT,2/25/2020,Before Market
RVLV,2/25/2020,After Market
VICR,2/25/2020,After Market
TIGO,2/25/2020,Before Market
RHP,2/25/2020,Before Market
AGM,2/25/2020,After Market
JMIA,2/25/2020,Before Market
SUPN,2/25/2020,After Market
PSA,2/25/2020,After Market
TRI,2/25/2020,Before Market
IRDM,2/25/2020,Before Market
BLD,2/25/2020,Before Market
CRM,2/25/2020,After Market
DEA,2/25/2020,Before Market
EXEL,2/25/2020,After Market
BHVN,2/25/2020,After Market
PARR,2/25/2020,After Market
HEI/A,2/25/2020,After Market
ORA,2/25/2020,After Market
ALC,2/25/2020,After Market
CSGP,2/25/2020,After Market
MANU,2/25/2020,Before Market
DK,2/25/2020,After Market
PEN,2/25/2020,After Market
PLNT,2/25/2020,After Market
COKE,2/25/2020,After Market
EC,2/25/2020,After Market
REAL,2/25/2020,After Market
AMT,2/25/2020,Before Market
MATX,2/25/2020,After Market
ALRM,2/25/2020,After Market
NPO,2/25/2020,Before Market
TOL,2/25/2020,After Market
DKL,2/25/2020,After Market
VCEL,2/25/2020,Before Market
M,2/25/2020,Before Market
OUT,2/25/2020,After Market
FCN,2/25/2020,Before Market
PRIM,2/25/2020,Before Market
EVTC,2/25/2020,After Market
HD,2/25/2020,Before Market
SCCO,2/25/2020,After Market
HURN,2/25/2020,After Market
LGIH,2/25/2020,Before Market
CZR,2/25/2020,After Market
STWD,2/25/2020,Before Market
LNTH,2/25/2020,Before Market
VCYT,2/25/2020,After Market
WWW,2/25/2020,Before Market
JBGS,2/25/2020,After Market
BNS,2/25/2020,Before Market
MGRC,2/25/2020,After Market
INSM,2/25/2020,Before Market
INSP,2/25/2020,After Market
BMO,2/25/2020,Before Market
GLNG,2/25/2020,Before Market
AWI,2/24/2020,Before Market
OKE,2/24/2020,After Market
HALO,2/24/2020,After Market
AXGN,2/24/2020,After Market
AWR,2/24/2020,After Market
APLE,2/24/2020,After Market
PANW,2/24/2020,After Market
INTU,2/24/2020,After Market
CRI,2/24/2020,Before Market
KEYS,2/24/2020,After Market
CQP,2/24/2020,After Market
TBPH,2/24/2020,After Market
HLIO,2/24/2020,After Market
ITRI,2/24/2020,After Market
SHAK,2/24/2020,After Market
MMSI,2/24/2020,After Market
SAIL,2/24/2020,After Market
BSM,2/24/2020,After Market
KTOS,2/24/2020,After Market
BCC,2/24/2020,After Market
THC,2/24/2020,After Market
GH,2/24/2020,After Market
MEDP,2/24/2020,After Market
HPQ,2/24/2020,After Market
XHR,2/24/2020,After Market
EPR,2/24/2020,After Market
NSA,2/24/2020,After Market
DORM,2/24/2020,Before Market
BWXT,2/24/2020,After Market
TNDM,2/24/2020,After Market
SBRA,2/24/2020,Before Market
ASR,2/24/2020,After Market
ARLO,2/24/2020,After Market
LNG,2/24/2020,After Market
OII,2/24/2020,After Market
TREX,2/24/2020,After Market
BRK/B,2/22/2020,Before Market
DE,2/21/2020,Before Market
ITT,2/21/2020,Before Market
CNK,2/21/2020,Before Market
BCPC,2/21/2020,Before Market
MGA,2/21/2020,Before Market
WPC,2/21/2020,Before Market
PSO,2/21/2020,Before Market
AU,2/21/2020,Before Market
B,2/21/2020,Before Market
TECK,2/21/2020,Before Market
RY,2/21/2020,Before Market
PNW,2/21/2020,Before Market
IDA,2/20/2020,Before Market
WIX,2/20/2020,Before Market
AEP,2/20/2020,Before Market
CAMT,2/20/2020,Before Market
MORN,2/20/2020,After Market
TNC,2/20/2020,Before Market
GLPI,2/20/2020,After Market
GLPG,2/20/2020,After Market
CORT,2/20/2020,After Market
EPAM,2/20/2020,Before Market
NHC,2/20/2020,After Market
VICI,2/20/2020,After Market
PPC,2/20/2020,After Market
DBX,2/20/2020,After Market
PRA,2/20/2020,After Market
HTGC,2/20/2020,After Market
NCLH,2/20/2020,Before Market
CENX,2/20/2020,After Market
TXRH,2/20/2020,After Market
CSTM,2/20/2020,Before Market
CWST,2/20/2020,After Market
SATS,2/20/2020,Before Market
GMED,2/20/2020,After Market
KNSL,2/20/2020,After Market
DCO,2/20/2020,After Market
HBM,2/20/2020,After Market
EGO,2/20/2020,After Market
RS,2/20/2020,Before Market
BLDR,2/20/2020,After Market
RGEN,2/20/2020,Before Market
LTC,2/20/2020,After Market
FND,2/20/2020,After Market
OLED,2/20/2020,After Market
FMS,2/20/2020,Before Market
CBZ,2/20/2020,Before Market
APPN,2/20/2020,After Market
HASI,2/20/2020,After Market
VC,2/20/2020,Before Market
IDCC,2/20/2020,Before Market
TDS,2/20/2020,After Market
GGAL,2/20/2020,Before Market
PEB,2/20/2020,After Market
SNN,2/20/2020,Before Market
ROG,2/20/2020,After Market
ED,2/20/2020,After Market
VALE,2/20/2020,After Market
LXP,2/20/2020,Before Market
FSLR,2/20/2020,After Market
METC,2/20/2020,After Market
HSIC,2/20/2020,Before Market
LAMR,2/20/2020,Before Market
TFX,2/20/2020,Before Market
WK,2/20/2020,After Market
HRL,2/20/2020,Before Market
BRC,2/20/2020,Before Market
SCL,2/20/2020,Before Market
MMI,2/20/2020,After Market
CUBE,2/20/2020,After Market
COLD,2/20/2020,After Market
BELFB,2/20/2020,Before Market
SFM,2/20/2020,After Market
VAL,2/20/2020,After Market
ITGR,2/20/2020,Before Market
SSRM,2/20/2020,After Market
CIB,2/20/2020,After Market
BVN,2/20/2020,After Market
LKQ,2/20/2020,Before Market
SEM,2/20/2020,After Market
CTRE,2/20/2020,After Market
SBAC,2/20/2020,After Market
GIL,2/20/2020,Before Market
BYD,2/20/2020,After Market
ATR,2/20/2020,After Market
GLOB,2/20/2020,After Market
VTR,2/20/2020,Before Market
ZS,2/20/2020,After Market
MD,2/20/2020,Before Market
DPZ,2/20/2020,Before Market
ADC,2/20/2020,After Market
CLF,2/20/2020,Before Market
LNT,2/20/2020,After Market
NEM,2/20/2020,Before Market
TRGP,2/20/2020,Before Market
THRM,2/19/2020,Before Market
NE,2/19/2020,After Market
UAN,2/19/2020,After Market
NDSN,2/19/2020,After Market
TSLX,2/19/2020,After Market
ATHM,2/19/2020,Before Market
NHI,2/19/2020,Before Market
OC,2/19/2020,Before Market
HST,2/19/2020,After Market
AGI,2/19/2020,After Market
IMAX,2/19/2020,After Market
ICLR,2/19/2020,After Market
OR,2/19/2020,After Market
HCC,2/19/2020,After Market
BMA,2/19/2020,After Market
WMB,2/19/2020,After Market
GPC,2/19/2020,Before Market
PBR,2/19/2020,Before Market
EIG,2/19/2020,After Market
GLDD,2/19/2020,Before Market
LOPE,2/19/2020,After Market
VIV,2/19/2020,Before Market
STNG,2/19/2020,Before Market
SEDG,2/19/2020,After Market
TRN,2/19/2020,After Market
CAR,2/19/2020,After Market
PAAS,2/19/2020,After Market
WING,2/19/2020,Before Market
SM,2/19/2020,After Market
SO,2/19/2020,After Market
MGY,2/19/2020,After Market
AG,2/19/2020,Before Market
ALB,2/19/2020,After Market
TS,2/19/2020,After Market
MASI,2/19/2020,After Market
GRMN,2/19/2020,Before Market
CDE,2/19/2020,After Market
VMI,2/19/2020,After Market
PRDO,2/19/2020,After Market
SNPS,2/19/2020,After Market
SBLK,2/19/2020,After Market
ES,2/19/2020,After Market
ALSN,2/19/2020,After Market
SAM,2/19/2020,After Market
ADI,2/19/2020,Before Market
CVI,2/19/2020,After Market
SAH,2/19/2020,Before Market
CECO,2/19/2020,After Market
KBR,2/19/2020,After Market
H,2/19/2020,After Market
GILT,2/19/2020,Before Market
GEL,2/19/2020,Before Market
QTWO,2/19/2020,After Market
ET,2/19/2020,After Market
FIVN,2/19/2020,After Market
SUN,2/19/2020,After Market
DNOW,2/19/2020,Before Market
SUI,2/19/2020,After Market
Z,2/19/2020,After Market
O,2/19/2020,After Market
ZG,2/19/2020,After Market
OVV,2/19/2020,After Market
FDP,2/19/2020,Before Market
ARR,2/19/2020,After Market
FUN,2/19/2020,Before Market
MOS,2/19/2020,After Market
AXTI,2/19/2020,After Market
OGS,2/19/2020,After Market
ELAN,2/19/2020,Before Market
IAG,2/19/2020,After Market
CAKE,2/19/2020,After Market
UCTT,2/19/2020,After Market
HNI,2/19/2020,After Market
GMAB,2/19/2020,Before Market
AROC,2/19/2020,After Market
UFPI,2/19/2020,After Market
ETR,2/19/2020,Before Market
KALU,2/19/2020,After Market
MSA,2/19/2020,After Market
LASR,2/19/2020,After Market
CPRT,2/19/2020,After Market
INVH,2/18/2020,After Market
AWK,2/18/2020,After Market
EXR,2/18/2020,After Market
A,2/18/2020,After Market
BKD,2/18/2020,After Market
TPH,2/18/2020,After Market
HSBC,2/18/2020,Before Market
ALLE,2/18/2020,Before Market
WLK,2/18/2020,Before Market
ENPH,2/18/2020,After Market
SITE,2/18/2020,Before Market
DVN,2/18/2020,After Market
PLMR,2/18/2020,After Market
TRU,2/18/2020,Before Market
WMT,2/18/2020,Before Market
FLR,2/18/2020,Before Market
PCG,2/18/2020,Before Market
MDT,2/18/2020,Before Market
AI,2/18/2020,Before Market
TX,2/18/2020,After Market
KRG,2/18/2020,After Market
VMC,2/18/2020,Before Market
ATRC,2/18/2020,After Market
VNO,2/18/2020,After Market
WAB,2/18/2020,Before Market
BHP,2/18/2020,Before Market
BBAR,2/18/2020,After Market
TXG,2/18/2020,After Market
TSEM,2/18/2020,Before Market
IOSP,2/18/2020,After Market
AEIS,2/18/2020,Before Market
CHH,2/18/2020,Before Market
CHE,2/18/2020,After Market
NTR,2/18/2020,After Market
LZB,2/18/2020,After Market
HLF,2/18/2020,After Market
AAP,2/18/2020,Before Market
LC,2/18/2020,After Market
VRSK,2/18/2020,After Market
EXPD,2/18/2020,After Market
LDOS,2/18/2020,Before Market
FANG,2/18/2020,After Market
ECL,2/18/2020,Before Market
FELE,2/18/2020,Before Market
USAC,2/18/2020,Before Market
OTTR,2/17/2020,After Market
FLS,2/17/2020,After Market
SCI,2/17/2020,After Market
POR,2/14/2020,Before Market
ESNT,2/14/2020,Before Market
PPL,2/14/2020,Before Market
AZN,2/14/2020,Before Market
BLX,2/14/2020,Before Market
AL,2/14/2020,After Market
ENB,2/14/2020,Before Market
VEON,2/14/2020,Before Market
SXT,2/14/2020,Before Market
AER,2/13/2020,Before Market
AEM,2/13/2020,After Market
BIO,2/13/2020,After Market
DDOG,2/13/2020,After Market
ZBRA,2/13/2020,Before Market
INCY,2/13/2020,Before Market
VECO,2/13/2020,After Market
DAN,2/13/2020,Before Market
BABA,2/13/2020,Before Market
FIS,2/13/2020,Before Market
LECO,2/13/2020,Before Market
AGIO,2/13/2020,Before Market
NVDA,2/13/2020,After Market
DUK,2/13/2020,Before Market
NMRK,2/13/2020,Before Market
CCEP,2/13/2020,Before Market
ALKS,2/13/2020,Before Market
CARG,2/13/2020,After Market
PATK,2/13/2020,Before Market
PBF,2/13/2020,Before Market
ANET,2/13/2020,After Market
TRP,2/13/2020,Before Market
AIG,2/13/2020,Before Market
GDDY,2/13/2020,After Market
FNF,2/13/2020,After Market
MHK,2/13/2020,After Market
SON,2/13/2020,Before Market
NICE,2/13/2020,Before Market
RELX,2/13/2020,Before Market
SAFE,2/13/2020,Before Market
CC,2/13/2020,After Market
TU,2/13/2020,Before Market
YELP,2/13/2020,After Market
BL,2/13/2020,After Market
RARE,2/13/2020,After Market
PEP,2/13/2020,Before Market
ARES,2/13/2020,Before Market
SPSC,2/13/2020,After Market
BFAM,2/13/2020,After Market
TEX,2/13/2020,After Market
FAF,2/13/2020,Before Market
WST,2/13/2020,Before Market
HII,2/13/2020,Before Market
WSO,2/13/2020,Before Market
BAM,2/13/2020,Before Market
WM,2/13/2020,Before Market
WH,2/13/2020,Before Market
POOL,2/13/2020,Before Market
NVMI,2/13/2020,Before Market
CGNX,2/13/2020,After Market
LIN,2/13/2020,Before Market
R,2/13/2020,Before Market
GNRC,2/13/2020,Before Market
DLR,2/13/2020,After Market
FTS,2/13/2020,Before Market
BCS,2/13/2020,Before Market
HE,2/13/2020,Before Market
THS,2/13/2020,Before Market
ROKU,2/13/2020,After Market
DXCM,2/13/2020,After Market
BWA,2/13/2020,Before Market
PDFS,2/13/2020,After Market
RSG,2/13/2020,After Market
TRUP,2/13/2020,After Market
SPXC,2/13/2020,After Market
IPGP,2/13/2020,Before Market
OMAB,2/13/2020,After Market
GFI,2/13/2020,Before Market
TNET,2/13/2020,After Market
YETI,2/13/2020,Before Market
KHC,2/13/2020,Before Market
WEX,2/13/2020,Before Market
EXPE,2/13/2020,After Market
IRM,2/13/2020,Before Market
GTLS,2/13/2020,Before Market
MAT,2/13/2020,After Market
MTRN,2/13/2020,Before Market
NET,2/13/2020,After Market
ZTS,2/13/2020,Before Market
LH,2/13/2020,Before Market
GOLD,2/12/2020,Before Market
RDWR,2/12/2020,Before Market
CME,2/12/2020,Before Market
TRIP,2/12/2020,After Market
MCO,2/12/2020,Before Market
IFF,2/12/2020,After Market
ARCC,2/12/2020,Before Market
NSIT,2/12/2020,Before Market
ASGN,2/12/2020,After Market
CPA,2/12/2020,After Market
LAD,2/12/2020,Before Market
ANDE,2/12/2020,After Market
EFX,2/12/2020,After Market
SLF,2/12/2020,After Market
EFC,2/12/2020,After Market
GPN,2/12/2020,Before Market
WELL,2/12/2020,After Market
MFC,2/12/2020,After Market
SHOP,2/12/2020,Before Market
MGM,2/12/2020,After Market
AB,2/12/2020,Before Market
TAP,2/12/2020,Before Market
TRMB,2/12/2020,After Market
BG,2/12/2020,Before Market
NLY,2/12/2020,After Market
EQIX,2/12/2020,After Market
AR,2/12/2020,After Market
AM,2/12/2020,After Market
RUSHA,2/12/2020,After Market
CF,2/12/2020,After Market
KAI,2/12/2020,After Market
QDEL,2/12/2020,After Market
TW,2/12/2020,Before Market
COHU,2/12/2020,After Market
TR,2/12/2020,Before Market
CSCO,2/12/2020,After Market
AKR,2/12/2020,After Market
CDNS,2/12/2020,After Market
CX,2/12/2020,Before Market
CRSP,2/12/2020,After Market
UE,2/12/2020,After Market
FCPT,2/12/2020,After Market
CVS,2/12/2020,Before Market
SSNC,2/12/2020,After Market
VCTR,2/12/2020,After Market
CVE,2/12/2020,Before Market
STAG,2/12/2020,After Market
GEO,2/12/2020,Before Market
FR,2/12/2020,After Market
CYBR,2/12/2020,Before Market
QLYS,2/12/2020,After Market
CXW,2/12/2020,After Market
NTAP,2/12/2020,After Market
HUBS,2/12/2020,After Market
DRD,2/12/2020,Before Market
TYL,2/12/2020,After Market
HR,2/12/2020,After Market
PEGA,2/12/2020,After Market
WCN,2/12/2020,After Market
CIM,2/12/2020,Before Market
NTB,2/12/2020,After Market
CIGI,2/12/2020,Before Market
KGC,2/12/2020,After Market
IQV,2/12/2020,Before Market
BLBD,2/12/2020,After Market
TEVA,2/12/2020,Before Market
IRT,2/12/2020,After Market
CHEF,2/12/2020,After Market
REG,2/12/2020,After Market
AMAT,2/12/2020,After Market
NWE,2/12/2020,After Market
ACGL,2/11/2020,After Market
CNO,2/11/2020,After Market
BXMT,2/11/2020,After Market
LPX,2/11/2020,Before Market
HAS,2/11/2020,Before Market
EXC,2/11/2020,Before Market
OMC,2/11/2020,Before Market
DBD,2/11/2020,Before Market
UDR,2/11/2020,After Market
MMYT,2/11/2020,Before Market
EXAS,2/11/2020,After Market
PRI,2/11/2020,After Market
CRL,2/11/2020,Before Market
AIZ,2/11/2020,After Market
JLL,2/11/2020,Before Market
USFD,2/11/2020,Before Market
INGR,2/11/2020,Before Market
ST,2/11/2020,Before Market
AN,2/11/2020,Before Market
HMY,2/11/2020,Before Market
LYFT,2/11/2020,After Market
NNN,2/11/2020,Before Market
AMX,2/11/2020,Before Market
D,2/11/2020,Before Market
AMCR,2/11/2020,After Market
MLM,2/11/2020,Before Market
VNOM,2/11/2020,After Market
NSP,2/11/2020,After Market
SEE,2/11/2020,Before Market
LSCC,2/11/2020,After Market
NMIH,2/11/2020,After Market
HLT,2/11/2020,Before Market
LCII,2/11/2020,Before Market
AKAM,2/11/2020,After Market
REXR,2/11/2020,After Market
AAT,2/11/2020,After Market
HCSG,2/11/2020,After Market
EEFT,2/11/2020,Before Market
ATEN,2/11/2020,After Market
MAS,2/11/2020,Before Market
VIRT,2/11/2020,Before Market
TGNA,2/11/2020,Before Market
DIOD,2/11/2020,After Market
CNA,2/10/2020,Before Market
BIP,2/10/2020,Before Market
QSR,2/10/2020,Before Market
MCY,2/10/2020,Before Market
DAC,2/10/2020,After Market
OMF,2/10/2020,After Market
XPO,2/10/2020,After Market
MELI,2/10/2020,After Market
AIN,2/10/2020,After Market
JHX,2/10/2020,After Market
DVA,2/10/2020,After Market
KMPR,2/10/2020,After Market
NMM,2/10/2020,Before Market
RNG,2/10/2020,After Market
FRT,2/10/2020,After Market
VRNS,2/10/2020,After Market
BRX,2/10/2020,After Market
BLKB,2/10/2020,After Market
WTS,2/10/2020,After Market
L,2/10/2020,Before Market
MOH,2/10/2020,After Market
STE,2/10/2020,After Market
VOYA,2/10/2020,After Market
AMKR,2/10/2020,After Market
BHF,2/10/2020,After Market
ABBV,2/7/2020,Before Market
GRC,2/7/2020,Before Market
AVTR,2/7/2020,Before Market
GBDC,2/7/2020,After Market
GOOS,2/7/2020,Before Market
CCJ,2/7/2020,Before Market
CAE,2/7/2020,Before Market
FE,2/7/2020,Before Market
ROAD,2/7/2020,Before Market
ASX,2/7/2020,Before Market
CBOE,2/7/2020,Before Market
HMC,2/7/2020,Before Market
PINS,2/6/2020,After Market
PFSI,2/6/2020,After Market
MT,2/6/2020,Before Market
MTD,2/6/2020,After Market
ICE,2/6/2020,Before Market
PENN,2/6/2020,Before Market
BV,2/6/2020,Before Market
SPH,2/6/2020,Before Market
NYT,2/6/2020,Before Market
SKM,2/6/2020,Before Market
LMAT,2/6/2020,After Market
SBH,2/6/2020,Before Market
ODFL,2/6/2020,Before Market
PM,2/6/2020,Before Market
TWST,2/6/2020,After Market
COR,2/6/2020,Before Market
BKH,2/6/2020,After Market
EHC,2/6/2020,After Market
SNA,2/6/2020,Before Market
YUM,2/6/2020,Before Market
EGP,2/6/2020,After Market
LGND,2/6/2020,After Market
NWS,2/6/2020,After Market
BMY,2/6/2020,Before Market
SNY,2/6/2020,Before Market
ALNY,2/6/2020,Before Market
SYNA,2/6/2020,After Market
UBER,2/6/2020,After Market
CSL,2/6/2020,After Market
TPR,2/6/2020,Before Market
MMS,2/6/2020,Before Market
CI,2/6/2020,Before Market
TRNO,2/6/2020,After Market
CAH,2/6/2020,Before Market
CBL,2/6/2020,After Market
FTNT,2/6/2020,After Market
BRBR,2/6/2020,After Market
BDX,2/6/2020,Before Market
PBH,2/6/2020,Before Market
CCS,2/6/2020,After Market
WMS,2/6/2020,Before Market
TDC,2/6/2020,After Market
CDW,2/6/2020,Before Market
WYNN,2/6/2020,After Market
NOV,2/6/2020,After Market
SMCI,2/6/2020,After Market
DX,2/6/2020,Before Market
G,2/6/2020,After Market
EQNR,2/6/2020,Before Market
TM,2/6/2020,Before Market
POST,2/6/2020,After Market
TTWO,2/6/2020,After Market
DXC,2/6/2020,After Market
BCE,2/6/2020,Before Market
BILL,2/6/2020,After Market
IMKTA,2/6/2020,Before Market
BBU,2/6/2020,Before Market
HUBG,2/6/2020,After Market
COLM,2/6/2020,After Market
ING,2/6/2020,Before Market
EL,2/6/2020,Before Market
DLX,2/6/2020,After Market
HL,2/6/2020,Before Market
ONTO,2/6/2020,After Market
FTV,2/6/2020,After Market
IRMD,2/6/2020,Before Market
BCO,2/6/2020,Before Market
XYL,2/6/2020,Before Market
ARW,2/6/2020,Before Market
NJR,2/6/2020,Before Market
PJT,2/6/2020,Before Market
PRLB,2/6/2020,Before Market
VSAT,2/6/2020,After Market
KB,2/6/2020,Before Market
UTI,2/6/2020,After Market
SPGI,2/6/2020,Before Market
OCSL,2/6/2020,Before Market
BEP,2/6/2020,Before Market
SIMO,2/6/2020,After Market
PMT,2/6/2020,After Market
EXPO,2/6/2020,After Market
REGN,2/6/2020,Before Market
VRSN,2/6/2020,After Market
TSN,2/6/2020,Before Market
KT,2/6/2020,Before Market
THR,2/6/2020,Before Market
NWSA,2/6/2020,After Market
OMCL,2/6/2020,After Market
MSI,2/6/2020,After Market
BHE,2/6/2020,After Market
AGCO,2/6/2020,Before Market
TMUS,2/6/2020,After Market
MAC,2/6/2020,Before Market
INVA,2/5/2020,After Market
ARWR,2/5/2020,After Market
UGI,2/5/2020,After Market
TWLO,2/5/2020,After Market
COHR,2/5/2020,After Market
CINF,2/5/2020,After Market
DTE,2/5/2020,Before Market
SONO,2/5/2020,After Market
ENR,2/5/2020,Before Market
RYN,2/5/2020,After Market
GPI,2/5/2020,Before Market
PAG,2/5/2020,Before Market
LPG,2/5/2020,Before Market
TMHC,2/5/2020,Before Market
MPWR,2/5/2020,After Market
MET,2/5/2020,After Market
FMC,2/5/2020,After Market
SITM,2/5/2020,After Market
ACLS,2/5/2020,After Market
HUM,2/5/2020,Before Market
HI,2/5/2020,After Market
MXL,2/5/2020,After Market
BMI,2/5/2020,Before Market
SU,2/5/2020,After Market
SPOT,2/5/2020,Before Market
MHO,2/5/2020,Before Market
ORLY,2/5/2020,After Market
RAMP,2/5/2020,After Market
FOXA,2/5/2020,After Market
CG,2/5/2020,Before Market
GSK,2/5/2020,Before Market
CSGS,2/5/2020,After Market
AME,2/5/2020,Before Market
FOX,2/5/2020,After Market
WD,2/5/2020,Before Market
TWO,2/5/2020,After Market
LBRT,2/5/2020,After Market
WERN,2/5/2020,After Market
DHT,2/5/2020,After Market
CUZ,2/5/2020,After Market
BSX,2/5/2020,Before Market
BAP,2/5/2020,After Market
STC,2/5/2020,After Market
AMSC,2/5/2020,After Market
PFGC,2/5/2020,Before Market
ENSG,2/5/2020,After Market
YUMC,2/5/2020,After Market
BTU,2/5/2020,Before Market
FSV,2/5/2020,Before Market
GM,2/5/2020,Before Market
ELF,2/5/2020,After Market
PAYC,2/5/2020,After Market
ENS,2/5/2020,After Market
FORM,2/5/2020,After Market
OHI,2/5/2020,After Market
QCOM,2/5/2020,After Market
UHAL,2/5/2020,After Market
TKR,2/5/2020,Before Market
CENT,2/5/2020,After Market
RGLD,2/5/2020,After Market
TTMI,2/5/2020,After Market
HMN,2/5/2020,After Market
RDN,2/5/2020,After Market
NVT,2/5/2020,Before Market
PLUS,2/5/2020,After Market
LNC,2/5/2020,After Market
NVO,2/5/2020,Before Market
CPRI,2/5/2020,Before Market
MRK,2/5/2020,Before Market
ICHR,2/5/2020,After Market
SR,2/5/2020,Before Market
IAC,2/5/2020,After Market
HWKN,2/5/2020,After Market
AVB,2/5/2020,After Market
MC,2/5/2020,After Market
CTSH,2/5/2020,After Market
TDG,2/4/2020,Before Market
JHG,2/4/2020,Before Market
MTG,2/4/2020,Before Market
CMI,2/4/2020,Before Market
CMG,2/4/2020,After Market
TECH,2/4/2020,Before Market
OI,2/4/2020,After Market
AFL,2/4/2020,After Market
OLN,2/4/2020,After Market
MTCH,2/4/2020,After Market
PCTY,2/4/2020,After Market
CNC,2/4/2020,Before Market
DIS,2/4/2020,After Market
VIAV,2/4/2020,After Market
EMR,2/4/2020,Before Market
SIRI,2/4/2020,Before Market
LITE,2/4/2020,Before Market
COP,2/4/2020,Before Market
MDU,2/4/2020,After Market
MANH,2/4/2020,After Market
ATGE,2/4/2020,After Market
PRU,2/4/2020,After Market
PAA,2/4/2020,After Market
MUFG,2/4/2020,Before Market
CLX,2/4/2020,Before Market
FISV,2/4/2020,After Market
MCK,2/4/2020,Before Market
SPG,2/4/2020,Before Market
NBIX,2/4/2020,After Market
EXP,2/4/2020,Before Market
J,2/4/2020,Before Market
HAE,2/4/2020,Before Market
CTS,2/4/2020,Before Market
CB,2/4/2020,After Market
BP,2/4/2020,Before Market
BOOT,2/4/2020,After Market
ARMK,2/4/2020,Before Market
RL,2/4/2020,Before Market
TENB,2/4/2020,After Market
TAK,2/4/2020,Before Market
CCK,2/4/2020,After Market
ALL,2/4/2020,After Market
UVV,2/4/2020,After Market
CNXN,2/4/2020,After Market
APAM,2/4/2020,After Market
ENTG,2/4/2020,Before Market
MKL,2/4/2020,After Market
MCHP,2/4/2020,After Market
RNR,2/4/2020,After Market
F,2/4/2020,After Market
HIW,2/4/2020,After Market
GTES,2/4/2020,After Market
ESE,2/4/2020,After Market
RACE,2/4/2020,Before Market
DOX,2/4/2020,After Market
GILD,2/4/2020,After Market
WAT,2/4/2020,Before Market
ATO,2/4/2020,After Market
MLI,2/4/2020,Before Market
THG,2/4/2020,After Market
CRVL,2/4/2020,Before Market
HLNE,2/4/2020,Before Market
GL,2/4/2020,After Market
LII,2/4/2020,Before Market
HUBB,2/4/2020,Before Market
QGEN,2/4/2020,After Market
RRR,2/4/2020,After Market
BDC,2/4/2020,Before Market
IESC,2/4/2020,Before Market
PAGP,2/4/2020,After Market
MWA,2/4/2020,After Market
IT,2/4/2020,Before Market
UNM,2/4/2020,After Market
KLAC,2/4/2020,After Market
STX,2/4/2020,After Market
POWL,2/4/2020,After Market
ATKR,2/4/2020,Before Market
JKHY,2/4/2020,After Market
VSH,2/4/2020,Before Market
MOD,2/4/2020,After Market
ZBH,2/4/2020,Before Market
KN,2/4/2020,After Market
ATI,2/4/2020,Before Market
RCL,2/4/2020,Before Market
ETN,2/4/2020,Before Market
LBRDA,2/3/2020,After Market
SYY,2/3/2020,Before Market
LBRDK,2/3/2020,After Market
ON,2/3/2020,Before Market
AFG,2/3/2020,After Market
CBT,2/3/2020,After Market
EZPW,2/3/2020,After Market
HP,2/3/2020,After Market
CHKP,2/3/2020,Before Market
KMT,2/3/2020,After Market
PCH,2/3/2020,After Market
GOOG,2/3/2020,After Market
WWD,2/3/2020,After Market
LEG,2/3/2020,After Market
KRC,2/3/2020,After Market
NXPI,2/3/2020,After Market
AMG,2/3/2020,Before Market
HXL,2/3/2020,After Market
ACM,2/3/2020,Before Market
SSD,2/3/2020,After Market
SAIA,2/3/2020,Before Market
HIG,2/3/2020,After Market
CSWC,2/3/2020,After Market
VVV,2/3/2020,After Market
RBC,2/3/2020,After Market
NGVT,2/3/2020,Before Market
ARE,2/3/2020,After Market
RYAAY,2/3/2020,Before Market
ABG,2/3/2020,Before Market
PAHC,2/3/2020,After Market
FN,2/3/2020,After Market
SXI,2/3/2020,After Market
GOOGL,2/3/2020,After Market
NSSC,2/3/2020,Before Market
NEU,2/3/2020,After Market
HLI,2/3/2020,After Market
ITW,1/31/2020,Before Market
KKR,1/31/2020,Before Market
PIPR,1/31/2020,Before Market
XOM,1/31/2020,Before Market
PSX,1/31/2020,Before Market
AMAL,1/31/2020,Before Market
CAT,1/31/2020,Before Market
CL,1/31/2020,Before Market
JCI,1/31/2020,Before Market
CVX,1/31/2020,Before Market
LYB,1/31/2020,Before Market
PFS,1/31/2020,Before Market
AON,1/31/2020,Before Market
IMO,1/31/2020,Before Market
WY,1/31/2020,Before Market
BR,1/31/2020,Before Market
BBVA,1/31/2020,Before Market
CHD,1/31/2020,Before Market
IDXX,1/31/2020,Before Market
GNTX,1/31/2020,Before Market
CHTR,1/31/2020,Before Market
BAH,1/31/2020,Before Market
PKX,1/31/2020,Before Market
ADNT,1/31/2020,Before Market
TMP,1/31/2020,Before Market
MAN,1/31/2020,Before Market
HON,1/31/2020,Before Market
MTX,1/30/2020,After Market
NVST,1/30/2020,After Market
CMS,1/30/2020,Before Market
LEVI,1/30/2020,After Market
MO,1/30/2020,Before Market
MUR,1/30/2020,Before Market
FICO,1/30/2020,After Market
CTVA,1/30/2020,Before Market
CNX,1/30/2020,Before Market
SKYW,1/30/2020,After Market
FLEX,1/30/2020,After Market
ARCB,1/30/2020,After Market
RHI,1/30/2020,After Market
TFSL,1/30/2020,After Market
TPL,1/30/2020,After Market
POWI,1/30/2020,After Market
LAZ,1/30/2020,Before Market
HTH,1/30/2020,After Market
CPT,1/30/2020,After Market
HSY,1/30/2020,Before Market
DECK,1/30/2020,After Market
PH,1/30/2020,Before Market
BIIB,1/30/2020,Before Market
V,1/30/2020,After Market
BC,1/30/2020,Before Market
MSCI,1/30/2020,Before Market
SF,1/30/2020,Before Market
GFF,1/30/2020,After Market
AJG,1/30/2020,After Market
CRS,1/30/2020,Before Market
CE,1/30/2020,After Market
BEN,1/30/2020,Before Market
BX,1/30/2020,Before Market
NOC,1/30/2020,Before Market
DD,1/30/2020,Before Market
DB,1/30/2020,Before Market
DGX,1/30/2020,Before Market
VLO,1/30/2020,Before Market
XEL,1/30/2020,Before Market
EMN,1/30/2020,After Market
TFC,1/30/2020,Before Market
VZ,1/30/2020,Before Market
TBBK,1/30/2020,After Market
SIGI,1/30/2020,After Market
OTEX,1/30/2020,After Market
TSCO,1/30/2020,Before Market
DHR,1/30/2020,Before Market
RMD,1/30/2020,After Market
STBA,1/30/2020,Before Market
CACC,1/30/2020,After Market
ROP,1/30/2020,Before Market
EW,1/30/2020,After Market
KEX,1/30/2020,Before Market
APO,1/30/2020,Before Market
WCC,1/30/2020,Before Market
USLM,1/30/2020,After Market
GWW,1/30/2020,Before Market
APTV,1/30/2020,Before Market
UL,1/30/2020,Before Market
CFR,1/30/2020,Before Market
DGII,1/30/2020,After Market
CVCO,1/30/2020,After Market
AMGN,1/30/2020,After Market
SMFG,1/30/2020,Before Market
MBIN,1/30/2020,After Market
NFG,1/30/2020,After Market
EA,1/30/2020,After Market
EPD,1/30/2020,Before Market
NTCT,1/30/2020,Before Market
IP,1/30/2020,Before Market
CLBK,1/30/2020,After Market
WEC,1/30/2020,Before Market
FRME,1/30/2020,Before Market
AXTA,1/30/2020,Before Market
LLY,1/30/2020,Before Market
AMZN,1/30/2020,After Market
DOV,1/30/2020,Before Market
UPS,1/30/2020,Before Market
KO,1/30/2020,Before Market
SPB,1/30/2020,Before Market
KIM,1/30/2020,Before Market
DEO,1/30/2020,Before Market
VRTX,1/30/2020,After Market
TMO,1/30/2020,Before Market
WDC,1/30/2020,After Market
LPLA,1/30/2020,After Market
SHW,1/30/2020,Before Market
TTEK,1/29/2020,After Market
MCD,1/29/2020,Before Market
TSLA,1/29/2020,After Market
AVY,1/29/2020,Before Market
GLW,1/29/2020,Before Market
ILMN,1/29/2020,After Market
MTH,1/29/2020,After Market
URI,1/29/2020,After Market
CASH,1/29/2020,After Market
EAT,1/29/2020,Before Market
LRCX,1/29/2020,After Market
UBSI,1/29/2020,Before Market
FCFS,1/29/2020,Before Market
EVR,1/29/2020,Before Market
ROK,1/29/2020,Before Market
IEX,1/29/2020,After Market
PB,1/29/2020,Before Market
CVLT,1/29/2020,Before Market
AXS,1/29/2020,After Market
SNDR,1/29/2020,Before Market
IVZ,1/29/2020,Before Market
TEL,1/29/2020,Before Market
MKTX,1/29/2020,Before Market
QRVO,1/29/2020,After Market
OSK,1/29/2020,Before Market
ADP,1/29/2020,Before Market
KNX,1/29/2020,Before Market
DLB,1/29/2020,After Market
FIBK,1/29/2020,After Market
NDAQ,1/29/2020,Before Market
MEOH,1/29/2020,After Market
BA,1/29/2020,Before Market
GIB,1/29/2020,Before Market
BSAC,1/29/2020,Before Market
HOLX,1/29/2020,After Market
LVS,1/29/2020,After Market
EXTR,1/29/2020,Before Market
SYBT,1/29/2020,Before Market
SLAB,1/29/2020,Before Market
TROW,1/29/2020,Before Market
PYPL,1/29/2020,After Market
MDLZ,1/29/2020,After Market
CP,1/29/2020,Before Market
ROL,1/29/2020,Before Market
NOW,1/29/2020,After Market
SAN,1/29/2020,Before Market
AMP,1/29/2020,After Market
SEIC,1/29/2020,After Market
TXT,1/29/2020,Before Market
MPLX,1/29/2020,Before Market
PGR,1/29/2020,Before Market
CMPR,1/29/2020,After Market
AX,1/29/2020,After Market
HESM,1/29/2020,Before Market
CACI,1/29/2020,After Market
GE,1/29/2020,Before Market
T,1/29/2020,Before Market
GD,1/29/2020,Before Market
MSFT,1/29/2020,After Market
ENVA,1/29/2020,After Market
MUSA,1/29/2020,After Market
CRUS,1/29/2020,After Market
KLIC,1/29/2020,After Market
NSC,1/29/2020,Before Market
LSTR,1/29/2020,After Market
DT,1/29/2020,Before Market
SMG,1/29/2020,Before Market
PKG,1/29/2020,After Market
MPC,1/29/2020,Before Market
CHCO,1/29/2020,Before Market
IR,1/29/2020,Before Market
SWK,1/29/2020,Before Market
OFG,1/29/2020,Before Market
LFUS,1/29/2020,Before Market
MAA,1/29/2020,After Market
NVS,1/29/2020,Before Market
DOW,1/29/2020,Before Market
CNMD,1/29/2020,After Market
ESS,1/29/2020,After Market
ALGT,1/29/2020,After Market
ADM,1/29/2020,After Market
CLS,1/29/2020,Before Market
ALGN,1/29/2020,After Market
MA,1/29/2020,Before Market
MKSI,1/28/2020,After Market
OSIS,1/28/2020,After Market
FHB,1/28/2020,After Market
CALX,1/28/2020,After Market
BUSE,1/28/2020,After Market
BPOP,1/28/2020,Before Market
RGA,1/28/2020,After Market
CNI,1/28/2020,After Market
GPK,1/28/2020,Before Market
HCA,1/28/2020,Before Market
SKY,1/28/2020,After Market
TCBK,1/28/2020,After Market
AGYS,1/28/2020,After Market
TRMK,1/28/2020,After Market
MSTR,1/28/2020,After Market
CMRE,1/28/2020,After Market
LEA,1/28/2020,Before Market
AMD,1/28/2020,After Market
ALV,1/28/2020,Before Market
EBAY,1/28/2020,After Market
UMBF,1/28/2020,After Market
ALK,1/28/2020,After Market
SAP,1/28/2020,Before Market
WRB,1/28/2020,After Market
PFE,1/28/2020,Before Market
PFG,1/28/2020,After Market
MKC,1/28/2020,Before Market
MTSI,1/28/2020,After Market
SBUX,1/28/2020,After Market
CHRW,1/28/2020,After Market
PHM,1/28/2020,Before Market
MMM,1/28/2020,Before Market
PHG,1/28/2020,Before Market
AAPL,1/28/2020,After Market
AOS,1/28/2020,Before Market
FCF,1/28/2020,After Market
FBP,1/28/2020,Before Market
PII,1/28/2020,Before Market
MRCY,1/28/2020,After Market
EQR,1/28/2020,After Market
PCAR,1/28/2020,Before Market
SLGN,1/28/2020,After Market
NUE,1/28/2020,Before Market
HOG,1/28/2020,Before Market
FCNCA,1/28/2020,After Market
BXP,1/28/2020,After Market
SYK,1/28/2020,After Market
LMT,1/28/2020,Before Market
PNR,1/28/2020,Before Market
SKT,1/27/2020,Before Market
JJSF,1/27/2020,After Market
FFIV,1/27/2020,After Market
RDY,1/27/2020,Before Market
DHI,1/27/2020,Before Market
PRK,1/27/2020,After Market
WSBC,1/27/2020,After Market
LRN,1/27/2020,After Market
BOH,1/27/2020,Before Market
CCB,1/27/2020,Before Market
ASH,1/27/2020,After Market
OCFC,1/27/2020,After Market
CR,1/27/2020,After Market
SANM,1/27/2020,After Market
BRO,1/27/2020,After Market
SSB,1/27/2020,Before Market
ELS,1/27/2020,After Market
RMBS,1/27/2020,After Market
GGG,1/27/2020,After Market
NWBI,1/27/2020,Before Market
GABC,1/27/2020,After Market
ARLP,1/27/2020,Before Market
S,1/27/2020,Before Market
LKFN,1/27/2020,Before Market
WHR,1/27/2020,After Market
NBTB,1/27/2020,After Market
IBN,1/25/2020,Before Market
AXP,1/24/2020,Before Market
RBCAA,1/24/2020,Before Market
APD,1/24/2020,Before Market
SIFY,1/24/2020,Before Market
MOG/A,1/24/2020,Before Market
NEE,1/24/2020,Before Market
SYF,1/24/2020,Before Market
FOR,1/23/2020,After Market
CNOB,1/23/2020,Before Market
MTB,1/23/2020,Before Market
FFBC,1/23/2020,After Market
ABCB,1/23/2020,After Market
KMB,1/23/2020,Before Market
SWKS,1/23/2020,After Market
INTC,1/23/2020,After Market
SRCE,1/23/2020,After Market
BKU,1/23/2020,Before Market
NBHC,1/23/2020,After Market
HBAN,1/23/2020,Before Market
AVT,1/23/2020,After Market
CMCSA,1/23/2020,Before Market
PG,1/23/2020,Before Market
DCOM,1/23/2020,After Market
TRV,1/23/2020,Before Market
VFC,1/23/2020,Before Market
LUV,1/23/2020,Before Market
FFIN,1/23/2020,After Market
MRTN,1/23/2020,After Market
AIT,1/23/2020,Before Market
BY,1/23/2020,After Market
EWBC,1/23/2020,Before Market
ORI,1/23/2020,Before Market
BANR,1/23/2020,After Market
CADE,1/23/2020,Before Market
STM,1/23/2020,Before Market
BANC,1/23/2020,Before Market
WAL,1/23/2020,After Market
TOWN,1/23/2020,Before Market
SFNC,1/23/2020,Before Market
KEY,1/23/2020,Before Market
WBS,1/23/2020,Before Market
ISRG,1/23/2020,After Market
GBCI,1/23/2020,After Market
COLB,1/23/2020,Before Market
UNP,1/23/2020,Before Market
FCX,1/23/2020,Before Market
ASB,1/23/2020,After Market
AAL,1/23/2020,Before Market
TEAM,1/23/2020,After Market
GATX,1/23/2020,Before Market
SBCF,1/23/2020,After Market
KMI,1/22/2020,After Market
BOKF,1/22/2020,Before Market
CNS,1/22/2020,After Market
BKR,1/22/2020,Before Market
SLM,1/22/2020,After Market
ALLY,1/22/2020,Before Market
STLD,1/22/2020,After Market
SLG,1/22/2020,After Market
CBSH,1/22/2020,Before Market
PFBC,1/22/2020,After Market
FITB,1/22/2020,Before Market
TCBI,1/22/2020,After Market
QCRH,1/22/2020,After Market
CBU,1/22/2020,Before Market
JNJ,1/22/2020,Before Market
CVBF,1/22/2020,After Market
RLI,1/22/2020,After Market
OSBC,1/22/2020,After Market
TDY,1/22/2020,Before Market
ASML,1/22/2020,Before Market
TER,1/22/2020,After Market
TXN,1/22/2020,After Market
PLXS,1/22/2020,After Market
NTRS,1/22/2020,Before Market
CATY,1/22/2020,After Market
APH,1/22/2020,Before Market
FBNC,1/22/2020,After Market
CUBI,1/22/2020,After Market
FUL,1/22/2020,After Market
CHT,1/22/2020,Before Market
RCI,1/22/2020,Before Market
PLD,1/22/2020,Before Market
ABT,1/22/2020,Before Market
RJF,1/22/2020,After Market
CTBI,1/22/2020,Before Market
LOB,1/22/2020,After Market
PTC,1/22/2020,After Market
UAL,1/21/2020,After Market
FULT,1/21/2020,After Market
CMA,1/21/2020,Before Market
UBS,1/21/2020,Before Market
HAL,1/21/2020,Before Market
COF,1/21/2020,After Market
ZION,1/21/2020,After Market
ONB,1/21/2020,Before Market
WTFC,1/21/2020,After Market
FNB,1/21/2020,Before Market
NAVI,1/21/2020,After Market
PNFP,1/21/2020,After Market
RNST,1/21/2020,After Market
PEBO,1/21/2020,Before Market
IBKR,1/21/2020,After Market
WSFS,1/21/2020,After Market
NFLX,1/21/2020,After Market
FBK,1/21/2020,After Market
AUB,1/21/2020,Before Market
IBM,1/21/2020,After Market
SFBS,1/21/2020,After Market
LOGI,1/20/2020,After Market
EDU,1/20/2020,Before Market
EFSC,1/20/2020,After Market
HDB,1/18/2020,Before Market
FHN,1/17/2020,Before Market
SLB,1/17/2020,Before Market
RF,1/17/2020,Before Market
FAST,1/17/2020,Before Market
STT,1/17/2020,Before Market
CFG,1/17/2020,Before Market
BANF,1/17/2020,Before Market
JBHT,1/17/2020,Before Market
INDB,1/16/2020,After Market
SCHW,1/16/2020,Before Market
MS,1/16/2020,Before Market
PPG,1/16/2020,Before Market
TSM,1/16/2020,Before Market
CSX,1/16/2020,After Market
BK,1/16/2020,Before Market
PRGS,1/16/2020,After Market
WABC,1/16/2020,Before Market
BBT,1/16/2020,Before Market
HOMB,1/16/2020,Before Market
OZK,1/16/2020,After Market
USB,1/15/2020,Before Market
BLK,1/15/2020,Before Market
AA,1/15/2020,After Market
HWC,1/15/2020,After Market
BAC,1/15/2020,Before Market
GS,1/15/2020,Before Market
UNH,1/15/2020,Before Market
PNC,1/15/2020,Before Market
DAL,1/14/2020,Before Market
WAFD,1/14/2020,After Market
JPM,1/14/2020,Before Market
C,1/14/2020,Before Market
WFC,1/14/2020,Before Market
INFY,1/10/2020,Before Market
SNX,1/9/2020,After Market
PSMT,1/9/2020,After Market
KBH,1/9/2020,After Market
AZZ,1/9/2020,Before Market
LNN,1/9/2020,Before Market
WDFC,1/9/2020,After Market
SMPL,1/9/2020,Before Market
AYI,1/9/2020,Before Market
GBX,1/8/2020,Before Market
UNF,1/8/2020,Before Market
MSM,1/8/2020,Before Market
RPM,1/8/2020,Before Market
STZ,1/8/2020,Before Market
JEF,1/8/2020,After Market
CALM,1/6/2020,Before Market
CMC,1/6/2020,Before Market
LW,1/3/2020,Before Market
KMX,12/20/2019,Before Market
CUK,12/20/2019,Before Market
CCL,12/20/2019,Before Market
WGO,12/20/2019,Before Market
DRI,12/19/2019,Before Market
FDS,12/19/2019,Before Market
CAG,12/19/2019,Before Market
AIR,12/19/2019,After Market
NKE,12/19/2019,After Market
ACN,12/19/2019,Before Market
EPAC,12/19/2019,Before Market
GIS,12/18/2019,Before Market
TTC,12/18/2019,Before Market
MU,12/18/2019,After Market
REVG,12/18/2019,After Market
PAYX,12/18/2019,Before Market
ABM,12/18/2019,After Market
CTAS,12/17/2019,After Market
SMMT,12/17/2019,Before Market
JBL,12/17/2019,Before Market
WOR,12/17/2019,Before Market
KEN,12/17/2019,Before Market
FDX,12/17/2019,After Market
HEI,12/16/2019,After Market
HEI/A,12/16/2019,After Market
ADBE,12/12/2019,After Market
AVGO,12/12/2019,After Market
CIEN,12/12/2019,Before Market
COST,12/12/2019,After Market
ORCL,12/12/2019,After Market
UNFI,12/11/2019,Before Market
BLBD,12/11/2019,After Market
AEO,12/11/2019,Before Market
NDSN,12/11/2019,After Market
TWST,12/11/2019,After Market
PLAB,12/11/2019,Before Market
LULU,12/11/2019,After Market
GME,12/10/2019,After Market
AGX,12/10/2019,After Market
OLLI,12/10/2019,After Market
UEC,12/10/2019,Before Market
AZO,12/10/2019,Before Market
IMKTA,12/10/2019,Before Market
TOL,12/9/2019,After Market
ROAD,12/9/2019,After Market
CHWY,12/9/2019,After Market
MDB,12/9/2019,After Market
THO,12/9/2019,Before Market
CASY,12/9/2019,After Market
MTN,12/9/2019,After Market
IESC,12/6/2019,Before Market
KR,12/5/2019,Before Market
SIG,12/5/2019,Before Market
COO,12/5/2019,After Market
GWRE,12/5/2019,After Market
CM,12/5/2019,Before Market
TD,12/5/2019,Before Market
AZZ,12/5/2019,Before Market
OKTA,12/5/2019,After Market
EZPW,12/5/2019,After Market
DG,12/5/2019,Before Market
IDT,12/5/2019,After Market
BF/A,12/5/2019,Before Market
BF/B,12/5/2019,Before Market
SAIC,12/5/2019,After Market
CRWD,12/5/2019,After Market
DOCU,12/5/2019,After Market
FIZZ,12/5/2019,After Market
ZM,12/5/2019,After Market
ULTA,12/5/2019,After Market
KFY,12/5/2019,After Market
POWL,12/4/2019,After Market
REX,12/4/2019,Before Market
RY,12/4/2019,Before Market
HRB,12/4/2019,After Market
DSGX,12/4/2019,After Market
RH,12/4/2019,After Market
SMTC,12/4/2019,After Market
ESTC,12/4/2019,After Market
GIII,12/4/2019,Before Market
GEF,12/4/2019,After Market
FIVE,12/4/2019,After Market
PGNY,12/4/2019,After Market
CPB,12/4/2019,Before Market
SNPS,12/4/2019,After Market
WDAY,12/3/2019,After Market
BMO,12/3/2019,Before Market
HQY,12/3/2019,After Market
AVAV,12/3/2019,After Market
CRM,12/3/2019,After Market
ZS,12/3/2019,After Market
DCI,12/3/2019,Before Market
MRVL,12/3/2019,After Market
UTI,12/2/2019,After Market
AFYA,12/2/2019,Before Market
QFIN,11/27/2019,Before Market
DE,11/27/2019,Before Market
CTA,11/27/2019,Before Market
FRO,11/27/2019,Before Market
DAKT,11/27/2019,Before Market
GLNG,11/26/2019,Before Market
HPQ,11/26/2019,After Market
HRL,11/26/2019,Before Market
CENT,11/26/2019,After Market
BURL,11/26/2019,Before Market
ESLT,11/26/2019,Before Market
BNS,11/26/2019,Before Market
VEEV,11/26/2019,After Market
BOX,11/26/2019,After Market
ADSK,11/26/2019,After Market
KEYS,11/26/2019,After Market
ANF,11/26/2019,Before Market
DLTR,11/26/2019,Before Market
DY,11/26/2019,Before Market
DELL,11/26/2019,After Market
DKS,11/26/2019,Before Market
BBY,11/26/2019,Before Market
ADI,11/26/2019,Before Market
SR,11/25/2019,After Market
ARWR,11/25/2019,After Market
AMBA,11/25/2019,After Market
PVH,11/25/2019,After Market
A,11/25/2019,After Market
GBDC,11/25/2019,After Market
PANW,11/25/2019,After Market
PHAT,11/25/2019,Before Market
NTNX,11/25/2019,After Market
HPE,11/25/2019,After Market
ATKR,11/22/2019,Before Market
SJM,11/22/2019,Before Market
BKE,11/22/2019,Before Market
CAAP,11/22/2019,Before Market
FUTU,11/22/2019,Before Market
PSTG,11/21/2019,After Market
BRC,11/21/2019,Before Market
ROST,11/21/2019,After Market
BV,11/21/2019,Before Market
STNE,11/21/2019,After Market
BJ,11/21/2019,Before Market
SDRL,11/21/2019,Before Market
INTU,11/21/2019,After Market
WSM,11/21/2019,After Market
BRBR,11/21/2019,After Market
M,11/21/2019,Before Market
POST,11/21/2019,After Market
LB,11/20/2019,After Market
OCSL,11/20/2019,Before Market
LOW,11/20/2019,Before Market
DAO,11/20/2019,After Market
CPRT,11/20/2019,After Market
SONO,11/20/2019,After Market
SQM,11/20/2019,After Market
PDD,11/20/2019,Before Market
FLNG,11/20/2019,Before Market
SBLK,11/20/2019,After Market
LZB,11/20/2019,After Market
TGT,11/20/2019,Before Market
NTES,11/20/2019,After Market
TJX,11/19/2019,Before Market
NJR,11/19/2019,Before Market
MDT,11/19/2019,Before Market
JKS,11/19/2019,Before Market
TDG,11/19/2019,Before Market
URBN,11/19/2019,After Market
ALC,11/19/2019,After Market
GILT,11/19/2019,Before Market
KSS,11/19/2019,Before Market
MMS,11/19/2019,Before Market
ARMK,11/19/2019,Before Market
ESE,11/19/2019,After Market
HD,11/19/2019,Before Market
ZTO,11/18/2019,After Market
BILI,11/18/2019,After Market
WWD,11/18/2019,After Market
ASND,11/18/2019,After Market
ASH,11/18/2019,After Market
MANU,11/18/2019,Before Market
MAGS,11/18/2019,Before Market
JD,11/15/2019,Before Market
KLIC,11/14/2019,After Market
DGII,11/14/2019,After Market
CTRA,11/14/2019,Before Market
OPRA,11/14/2019,Before Market
WIX,11/14/2019,Before Market
GLOB,11/14/2019,After Market
AMAT,11/14/2019,After Market
SPH,11/14/2019,Before Market
NICE,11/14/2019,Before Market
AUPH,11/14/2019,After Market
NVDA,11/14/2019,After Market
WMT,11/14/2019,Before Market
WPM,11/14/2019,After Market
HP,11/14/2019,After Market
MGIC,11/14/2019,Before Market
NGG,11/14/2019,Before Market
DLB,11/14/2019,After Market
SBS,11/14/2019,Before Market
BAM,11/14/2019,Before Market
GDS,11/14/2019,Before Market
BNTX,11/14/2019,Before Market
VIPS,11/13/2019,Before Market
MUFG,11/13/2019,Before Market
TCOM,11/13/2019,After Market
TNK,11/13/2019,After Market
LQDA,11/13/2019,Before Market
SPB,11/13/2019,Before Market
CPA,11/13/2019,After Market
TTEK,11/13/2019,After Market
CAE,11/13/2019,Before Market
SLNO,11/13/2019,Before Market
HROW,11/13/2019,After Market
GOOS,11/13/2019,Before Market
NVGS,11/13/2019,After Market
SA,11/13/2019,After Market
ENR,11/13/2019,Before Market
GFF,11/13/2019,After Market
SMFG,11/13/2019,Before Market
NTAP,11/13/2019,After Market
HI,11/13/2019,After Market
OSW,11/13/2019,Before Market
IDYA,11/13/2019,Before Market
CYD,11/13/2019,Before Market
TSEM,11/13/2019,Before Market
KEP,11/13/2019,Before Market
CSCO,11/13/2019,After Market
AAP,11/12/2019,Before Market
RUN,11/12/2019,After Market
HALO,11/12/2019,After Market
VOD,11/12/2019,Before Market
SRRK,11/12/2019,Before Market
CLDX,11/12/2019,Before Market
TSN,11/12/2019,Before Market
DAVE,11/12/2019,After Market
LBRDA,11/12/2019,After Market
CRNX,11/12/2019,After Market
LBRDK,11/12/2019,After Market
DDOG,11/12/2019,After Market
HTHT,11/12/2019,After Market
KOD,11/12/2019,Before Market
SWKS,11/12/2019,After Market
UVV,11/12/2019,Before Market
DHI,11/12/2019,Before Market
PNTG,11/12/2019,After Market
JMIA,11/12/2019,Before Market
LTM,11/12/2019,After Market
PSN,11/12/2019,Before Market
ROK,11/12/2019,Before Market
STOK,11/12/2019,Before Market
ESTA,11/12/2019,Before Market
SE,11/12/2019,Before Market
TGTX,11/12/2019,Before Market
RIOT,11/12/2019,After Market
AVDL,11/12/2019,Before Market
ADPT,11/12/2019,After Market
NOG,11/12/2019,Before Market
DQ,11/12/2019,Before Market
GSAT,11/12/2019,After Market
CLMT,11/12/2019,Before Market
RDNT,11/12/2019,Before Market
BLFS,11/12/2019,After Market
LIN,11/12/2019,Before Market
CSIQ,11/12/2019,After Market
ACM,11/12/2019,Before Market
CPRX,11/12/2019,After Market
DOX,11/12/2019,After Market
MTSI,11/12/2019,After Market
KWR,11/12/2019,After Market
AEIS,11/12/2019,Before Market
BATRA,11/11/2019,Before Market
BATRK,11/11/2019,Before Market
TME,11/11/2019,After Market
CSTL,11/11/2019,After Market
PAM,11/11/2019,After Market
HBM,11/11/2019,After Market
UGI,11/11/2019,After Market
GGAL,11/11/2019,Before Market
FWONA,11/11/2019,Before Market
DXC,11/11/2019,After Market
CEPU,11/11/2019,After Market
FNV,11/11/2019,After Market
TDW,11/11/2019,After Market
FWONK,11/11/2019,Before Market
FOLD,11/11/2019,Before Market
BEP,11/11/2019,Before Market
XPEL,11/11/2019,Before Market
ICUI,11/11/2019,After Market
KT,11/8/2019,Before Market
AER,11/8/2019,Before Market
AEE,11/8/2019,Before Market
ANAB,11/8/2019,Before Market
ESNT,11/8/2019,Before Market
BMA,11/8/2019,After Market
DUK,11/8/2019,Before Market
MGA,11/8/2019,Before Market
FLY,11/8/2019,Before Market
GTX,11/8/2019,Before Market
ENB,11/8/2019,Before Market
HMC,11/8/2019,Before Market
STWD,11/8/2019,Before Market
MAIN,11/7/2019,After Market
WWW,11/7/2019,Before Market
USPH,11/7/2019,Before Market
YPF,11/7/2019,After Market
AMCR,11/7/2019,After Market
SRPT,11/7/2019,After Market
TEVA,11/7/2019,Before Market
ESI,11/7/2019,Before Market
GRBK,11/7/2019,After Market
CTRE,11/7/2019,After Market
PNW,11/7/2019,Before Market
AVA,11/7/2019,Before Market
CELC,11/7/2019,After Market
EPAM,11/7/2019,Before Market
CORT,11/7/2019,After Market
ADNT,11/7/2019,Before Market
BBIO,11/7/2019,After Market
NET,11/7/2019,After Market
TGNA,11/7/2019,Before Market
TRGP,11/7/2019,Before Market
ZTS,11/7/2019,Before Market
INSW,11/7/2019,Before Market
BIP,11/7/2019,Before Market
MTD,11/7/2019,After Market
GLP,11/7/2019,Before Market
MT,11/7/2019,Before Market
ACIW,11/7/2019,Before Market
NHI,11/7/2019,Before Market
XRAY,11/7/2019,Before Market
AMPH,11/7/2019,After Market
CNQ,11/7/2019,Before Market
CNP,11/7/2019,Before Market
RVLV,11/7/2019,After Market
BKNG,11/7/2019,After Market
CPK,11/7/2019,Before Market
DBX,11/7/2019,After Market
CAMT,11/7/2019,Before Market
AGO,11/7/2019,After Market
CELH,11/7/2019,Before Market
SATS,11/7/2019,Before Market
SNDX,11/7/2019,After Market
FOR,11/7/2019,Before Market
PAR,11/7/2019,After Market
RL,11/7/2019,Before Market
EYE,11/7/2019,Before Market
CAPR,11/7/2019,After Market
AG,11/7/2019,Before Market
AI,11/7/2019,After Market
NWSA,11/7/2019,After Market
CRK,11/7/2019,Before Market
HUT,11/7/2019,Before Market
WMS,11/7/2019,Before Market
STNG,11/7/2019,Before Market
NCLH,11/7/2019,Before Market
TAC,11/7/2019,Before Market
BE,11/7/2019,After Market
TTD,11/7/2019,After Market
PLNT,11/7/2019,After Market
NWS,11/7/2019,After Market
PCG,11/7/2019,Before Market
MNST,11/7/2019,After Market
TM,11/7/2019,Before Market
AL,11/7/2019,After Market
TDC,11/7/2019,After Market
LEU,11/7/2019,After Market
TW,11/7/2019,Before Market
YELP,11/7/2019,After Market
TU,11/7/2019,Before Market
KRP,11/7/2019,Before Market
TTWO,11/7/2019,After Market
JJSF,11/7/2019,After Market
SBH,11/7/2019,Before Market
DIS,11/7/2019,After Market
MATX,11/7/2019,After Market
AMH,11/7/2019,After Market
KTB,11/7/2019,Before Market
PEN,11/7/2019,After Market
APD,11/7/2019,Before Market
NNI,11/7/2019,After Market
STRA,11/7/2019,Before Market
SYNA,11/7/2019,Before Market
G,11/7/2019,After Market
GEN,11/7/2019,Before Market
KDP,11/7/2019,Before Market
VSAT,11/7/2019,After Market
COLD,11/7/2019,After Market
ONTO,11/7/2019,After Market
HII,11/7/2019,Before Market
JCI,11/7/2019,Before Market
TXG,11/7/2019,After Market
BAP,11/7/2019,After Market
PEGA,11/7/2019,After Market
WSC,11/7/2019,After Market
BCC,11/7/2019,Before Market
NRG,11/7/2019,Before Market
Z,11/7/2019,After Market
BBU,11/7/2019,Before Market
GH,11/7/2019,After Market
FSK,11/7/2019,After Market
TGS,11/7/2019,Before Market
BBAR,11/7/2019,After Market
MMI,11/7/2019,After Market
CAH,11/7/2019,Before Market
ZG,11/7/2019,After Market
UMH,11/7/2019,After Market
HL,11/7/2019,Before Market
EYPT,11/7/2019,Before Market
ARLO,11/7/2019,After Market
THS,11/7/2019,Before Market
OGE,11/7/2019,Before Market
NVMI,11/7/2019,Before Market
RBA,11/7/2019,After Market
AXSM,11/7/2019,Before Market
INOD,11/7/2019,Before Market
CCOI,11/7/2019,Before Market
MOD,11/7/2019,After Market
FOX,11/6/2019,After Market
HMN,11/6/2019,After Market
VVV,11/6/2019,After Market
PFGC,11/6/2019,Before Market
BR,11/6/2019,Before Market
TGLS,11/6/2019,Before Market
ICFI,11/6/2019,After Market
IAG,11/6/2019,After Market
IAC,11/6/2019,After Market
DOC,11/6/2019,Before Market
AXGN,11/6/2019,After Market
REZI,11/6/2019,After Market
UPWK,11/6/2019,After Market
DVAX,11/6/2019,After Market
EPRT,11/6/2019,After Market
LNT,11/6/2019,After Market
ELAN,11/6/2019,Before Market
LAUR,11/6/2019,Before Market
AES,11/6/2019,Before Market
IIPR,11/6/2019,After Market
QCOM,11/6/2019,After Market
IMOS,11/6/2019,Before Market
AAOI,11/6/2019,After Market
ECPG,11/6/2019,After Market
TMDX,11/6/2019,Before Market
RDWR,11/6/2019,Before Market
EXPE,11/6/2019,After Market
GMAB,11/6/2019,Before Market
SMG,11/6/2019,Before Market
TPC,11/6/2019,After Market
GMED,11/6/2019,After Market
OR,11/6/2019,After Market
DAR,11/6/2019,After Market
CNR,11/6/2019,After Market
NYT,11/6/2019,Before Market
RGLD,11/6/2019,After Market
TRIP,11/6/2019,After Market
ADMA,11/6/2019,After Market
MRNA,11/6/2019,Before Market
CVNA,11/6/2019,After Market
CBRE,11/6/2019,Before Market
PTGX,11/6/2019,After Market
GOLD,11/6/2019,Before Market
AGM,11/6/2019,Before Market
MDGL,11/6/2019,Before Market
RAMP,11/6/2019,After Market
JHX,11/6/2019,After Market
SLF,11/6/2019,After Market
BIDU,11/6/2019,After Market
EFC,11/6/2019,After Market
GDDY,11/6/2019,After Market
SBGI,11/6/2019,Before Market
PAAS,11/6/2019,After Market
MFC,11/6/2019,After Market
PRI,11/6/2019,After Market
DEA,11/6/2019,Before Market
NSIT,11/6/2019,Before Market
GKOS,11/6/2019,After Market
MGEE,11/6/2019,Before Market
CRL,11/6/2019,Before Market
HUM,11/6/2019,Before Market
SEDG,11/6/2019,After Market
BL,11/6/2019,After Market
ACMR,11/6/2019,After Market
CWEN,11/6/2019,Before Market
DXPE,11/6/2019,After Market
FISV,11/6/2019,After Market
LOPE,11/6/2019,After Market
ALB,11/6/2019,After Market
ORA,11/6/2019,After Market
GSL,11/6/2019,Before Market
AMRX,11/6/2019,Before Market
ANIP,11/6/2019,Before Market
EVRG,11/6/2019,After Market
HOLX,11/6/2019,After Market
VMC,11/6/2019,Before Market
CCU,11/6/2019,After Market
DNLI,11/6/2019,After Market
MIRM,11/6/2019,After Market
ET,11/6/2019,After Market
WD,11/6/2019,Before Market
CVS,11/6/2019,Before Market
NTRA,11/6/2019,After Market
EE,11/6/2019,After Market
WYNN,11/6/2019,After Market
ELF,11/6/2019,After Market
SAIL,11/6/2019,After Market
IONS,11/6/2019,Before Market
LXP,11/6/2019,Before Market
UHAL,11/6/2019,After Market
GEL,11/6/2019,Before Market
COLL,11/6/2019,After Market
STN,11/6/2019,After Market
FOXA,11/6/2019,After Market
NMIH,11/6/2019,After Market
FG,11/6/2019,After Market
QTWO,11/6/2019,After Market
WK,11/6/2019,After Market
DXCM,11/6/2019,After Market
NRP,11/6/2019,Before Market
NXST,11/6/2019,Before Market
CXW,11/6/2019,After Market
SUN,11/6/2019,After Market
EOG,11/6/2019,After Market
CECO,11/6/2019,After Market
GIB,11/6/2019,Before Market
ENS,11/6/2019,After Market
IBOC,11/6/2019,Before Market
PRGO,11/6/2019,Before Market
SEE,11/6/2019,Before Market
ATO,11/6/2019,After Market
ROKU,11/6/2019,After Market
CYBR,11/6/2019,Before Market
SWX,11/6/2019,After Market
DNOW,11/6/2019,Before Market
WEC,11/6/2019,Before Market
PZZA,11/6/2019,Before Market
PLUS,11/6/2019,After Market
CPRI,11/6/2019,Before Market
CIB,11/6/2019,After Market
MIDD,11/6/2019,Before Market
EQH,11/6/2019,After Market
FUN,11/6/2019,Before Market
KGC,11/6/2019,After Market
NOVT,11/5/2019,Before Market
OHI,11/5/2019,After Market
VRRM,11/5/2019,Before Market
VST,11/5/2019,Before Market
REGN,11/5/2019,Before Market
LGIH,11/5/2019,Before Market
LC,11/5/2019,After Market
FTDR,11/5/2019,Before Market
XENE,11/5/2019,After Market
ZBH,11/5/2019,Before Market
VOYA,11/5/2019,After Market
LCII,11/5/2019,Before Market
MWA,11/5/2019,After Market
ATHM,11/5/2019,Before Market
IRTC,11/5/2019,After Market
MTCH,11/5/2019,After Market
NWN,11/5/2019,Before Market
UFPT,11/5/2019,Before Market
VIRT,11/5/2019,Before Market
USAC,11/5/2019,Before Market
NEM,11/5/2019,Before Market
INSP,11/5/2019,After Market
ICHR,11/5/2019,After Market
EXPD,11/5/2019,Before Market
TSLX,11/5/2019,After Market
FANG,11/5/2019,After Market
NHC,11/5/2019,After Market
FIS,11/5/2019,Before Market
PPL,11/5/2019,Before Market
CNO,11/5/2019,After Market
BCPC,11/5/2019,Before Market
LGND,11/5/2019,After Market
CNK,11/5/2019,Before Market
LPX,11/5/2019,Before Market
SERV,11/5/2019,Before Market
PRA,11/5/2019,After Market
HST,11/5/2019,After Market
RHP,11/5/2019,Before Market
JAZZ,11/5/2019,After Market
PODD,11/5/2019,After Market
RCUS,11/5/2019,After Market
SUPN,11/5/2019,After Market
SXI,11/5/2019,After Market
COHR,11/5/2019,After Market
DFIN,11/5/2019,Before Market
AVTR,11/5/2019,Before Market
PAA,11/5/2019,After Market
AMRC,11/5/2019,Before Market
WLK,11/5/2019,Before Market
ANDE,11/5/2019,After Market
APLS,11/5/2019,Before Market
JLL,11/5/2019,Before Market
ZYME,11/5/2019,After Market
DVN,11/5/2019,After Market
AIZ,11/5/2019,After Market
USFD,11/5/2019,Before Market
AMSC,11/5/2019,After Market
CENX,11/5/2019,After Market
DVA,11/5/2019,After Market
HCI,11/5/2019,After Market
TBPH,11/5/2019,After Market
EMR,11/5/2019,Before Market
MCHP,11/5/2019,After Market
GLDD,11/5/2019,Before Market
CARG,11/5/2019,After Market
KRG,11/5/2019,After Market
RARE,11/5/2019,After Market
ALRM,11/5/2019,After Market
LAMR,11/5/2019,Before Market
GTES,11/5/2019,After Market
KTOS,11/5/2019,After Market
FIVN,11/5/2019,After Market
ES,11/5/2019,After Market
TWO,11/5/2019,After Market
IPAR,11/5/2019,After Market
CRVL,11/5/2019,Before Market
HLNE,11/5/2019,Before Market
THR,11/5/2019,Before Market
GEO,11/5/2019,Before Market
CWK,11/5/2019,After Market
BDX,11/5/2019,Before Market
ATRO,11/5/2019,Before Market
NPO,11/5/2019,Before Market
PAGP,11/5/2019,After Market
COKE,11/5/2019,After Market
VKTX,11/5/2019,Before Market
SGRY,11/5/2019,Before Market
VCEL,11/5/2019,Before Market
HSIC,11/5/2019,Before Market
TPR,11/5/2019,Before Market
METC,11/5/2019,After Market
WVE,11/5/2019,After Market
RRR,11/5/2019,After Market
CHH,11/5/2019,Before Market
JBGS,11/5/2019,After Market
HUBS,11/5/2019,After Market
SSRM,11/5/2019,After Market
IOSP,11/5/2019,After Market
TRUP,11/5/2019,After Market
CZR,11/5/2019,After Market
LASR,11/4/2019,After Market
DIOD,11/4/2019,After Market
BWXT,11/4/2019,After Market
MMYT,11/4/2019,Before Market
MAR,11/4/2019,After Market
BHF,11/4/2019,After Market
FRPT,11/4/2019,After Market
FN,11/4/2019,After Market
VECO,11/4/2019,After Market
DAC,11/4/2019,After Market
PAHC,11/4/2019,After Market
AWR,11/4/2019,After Market
IFF,11/4/2019,After Market
PI,11/4/2019,After Market
JKHY,11/4/2019,After Market
BKH,11/4/2019,After Market
BKD,11/4/2019,After Market
WMK,11/4/2019,After Market
NBIX,11/4/2019,After Market
CBT,11/4/2019,After Market
PRU,11/4/2019,After Market
HLIO,11/4/2019,After Market
NSSC,11/4/2019,Before Market
PARR,11/4/2019,After Market
KMPR,11/4/2019,After Market
FICO,11/4/2019,After Market
APLE,11/4/2019,After Market
OTTR,11/4/2019,After Market
VIV,11/4/2019,Before Market
TRS,11/4/2019,Before Market
UBER,11/4/2019,After Market
CSWC,11/4/2019,After Market
MGY,11/4/2019,After Market
CC,11/4/2019,After Market
PLMR,11/4/2019,After Market
SHAK,11/4/2019,After Market
SYY,11/4/2019,Before Market
CDE,11/4/2019,After Market
DK,11/4/2019,After Market
RNG,11/4/2019,After Market
STRL,11/4/2019,After Market
VCTR,11/4/2019,After Market
REAL,11/4/2019,After Market
ITRI,11/4/2019,After Market
ED,11/4/2019,After Market
PRIM,11/4/2019,Before Market
RYAAY,11/4/2019,Before Market
RACE,11/4/2019,Before Market
BSM,11/4/2019,After Market
HIG,11/4/2019,After Market
FE,11/4/2019,Before Market
ADUS,11/4/2019,After Market
DKL,11/4/2019,After Market
S,11/4/2019,Before Market
KMT,11/4/2019,After Market
THC,11/4/2019,After Market
STE,11/4/2019,After Market
OUT,11/4/2019,After Market
O,11/4/2019,After Market
KRYS,11/4/2019,Before Market
NSP,11/4/2019,Before Market
RMBS,11/4/2019,After Market
HR,11/4/2019,After Market
VEON,11/4/2019,Before Market
WES,11/4/2019,After Market
OXY,11/4/2019,After Market
RBC,11/4/2019,Before Market
NTR,11/4/2019,After Market
TNDM,11/4/2019,After Market
VAC,11/4/2019,After Market
MOS,11/4/2019,After Market
COHU,11/3/2019,After Market
BRK/B,11/2/2019,Before Market
GSHD,11/1/2019,Before Market
RDY,11/1/2019,Before Market
RYTM,11/1/2019,Before Market
LNG,11/1/2019,Before Market
NVO,11/1/2019,Before Market
ITT,11/1/2019,Before Market
MD,11/1/2019,Before Market
IBP,11/1/2019,Before Market
ABBV,11/1/2019,Before Market
MOG/A,11/1/2019,Before Market
POR,11/1/2019,Before Market
CBOE,11/1/2019,Before Market
TPB,11/1/2019,Before Market
HAE,11/1/2019,Before Market
STX,11/1/2019,Before Market
XOM,11/1/2019,Before Market
PBA,11/1/2019,Before Market
AIG,11/1/2019,Before Market
CQP,11/1/2019,Before Market
TRP,11/1/2019,Before Market
FND,11/1/2019,Before Market
CL,11/1/2019,Before Market
WPC,11/1/2019,Before Market
BHVN,11/1/2019,After Market
BAH,11/1/2019,Before Market
SRE,11/1/2019,Before Market
CCJ,11/1/2019,Before Market
CACC,11/1/2019,After Market
CVX,11/1/2019,Before Market
LYB,11/1/2019,Before Market
D,11/1/2019,Before Market
IMO,11/1/2019,Before Market
UUUU,11/1/2019,After Market
FTS,11/1/2019,Before Market
HE,11/1/2019,Before Market
BABA,11/1/2019,Before Market
OTEX,10/31/2019,After Market
IRM,10/31/2019,Before Market
GIL,10/31/2019,Before Market
YETI,10/31/2019,Before Market
WEX,10/31/2019,Before Market
PMT,10/31/2019,After Market
MAC,10/31/2019,Before Market
ITGR,10/31/2019,Before Market
PDFS,10/31/2019,After Market
ATR,10/31/2019,After Market
LNTH,10/31/2019,Before Market
ATI,10/31/2019,Before Market
GPOR,10/31/2019,After Market
ADM,10/31/2019,Before Market
GLPI,10/31/2019,After Market
CTVA,10/31/2019,Before Market
LPG,10/31/2019,Before Market
MTZ,10/31/2019,After Market
AAON,10/31/2019,Before Market
IDA,10/31/2019,Before Market
MTX,10/31/2019,After Market
BIO,10/31/2019,After Market
EL,10/31/2019,Before Market
QRVO,10/31/2019,After Market
ICE,10/31/2019,Before Market
MO,10/31/2019,Before Market
NVCR,10/31/2019,Before Market
OLN,10/31/2019,After Market
KNSL,10/31/2019,After Market
MUR,10/31/2019,Before Market
SKM,10/31/2019,Before Market
NTLA,10/31/2019,Before Market
EXP,10/31/2019,Before Market
VICI,10/31/2019,After Market
MELI,10/31/2019,After Market
BLD,10/31/2019,Before Market
PINS,10/31/2019,After Market
GOLF,10/31/2019,Before Market
SIRI,10/31/2019,Before Market
PFSI,10/31/2019,After Market
EXC,10/31/2019,Before Market
COR,10/31/2019,Before Market
SNDR,10/31/2019,Before Market
TPL,10/31/2019,After Market
TPH,10/31/2019,Before Market
PENN,10/31/2019,Before Market
TRI,10/31/2019,Before Market
GPN,10/31/2019,Before Market
INGR,10/31/2019,Before Market
PBH,10/31/2019,Before Market
HTH,10/31/2019,After Market
LAZ,10/31/2019,Before Market
EGO,10/31/2019,After Market
CPT,10/31/2019,After Market
MSCI,10/31/2019,Before Market
TAK,10/31/2019,Before Market
ARCB,10/31/2019,After Market
SNY,10/31/2019,Before Market
PBF,10/31/2019,Before Market
CRC,10/31/2019,After Market
BMY,10/31/2019,Before Market
RGEN,10/31/2019,Before Market
AGIO,10/31/2019,Before Market
CWST,10/31/2019,After Market
SNN,10/31/2019,Before Market
LTC,10/31/2019,After Market
FLR,10/31/2019,Before Market
IMAX,10/31/2019,Before Market
IDCC,10/31/2019,Before Market
CAR,10/31/2019,After Market
SM,10/31/2019,After Market
CLX,10/31/2019,Before Market
CDNA,10/31/2019,After Market
CG,10/31/2019,Before Market
CI,10/31/2019,Before Market
ARES,10/31/2019,Before Market
ACLS,10/31/2019,After Market
BLDR,10/31/2019,After Market
ANET,10/31/2019,After Market
CBL,10/31/2019,After Market
CRAI,10/31/2019,Before Market
NMM,10/31/2019,Before Market
BRKR,10/31/2019,After Market
ALNY,10/31/2019,Before Market
PWR,10/31/2019,Before Market
LITE,10/31/2019,Before Market
AME,10/31/2019,Before Market
DD,10/31/2019,Before Market
MPLX,10/31/2019,Before Market
TDS,10/31/2019,After Market
NNN,10/31/2019,Before Market
PEG,10/31/2019,Before Market
WAB,10/31/2019,Before Market
SSNC,10/31/2019,After Market
CDW,10/31/2019,Before Market
CVE,10/31/2019,Before Market
APPN,10/31/2019,After Market
AMT,10/31/2019,Before Market
DX,10/31/2019,Before Market
FTNT,10/31/2019,After Market
HGV,10/31/2019,Before Market
GNRC,10/31/2019,Before Market
FTAI,10/31/2019,After Market
CWT,10/31/2019,Before Market
TFX,10/31/2019,Before Market
IDXX,10/31/2019,Before Market
LYV,10/31/2019,After Market
BCE,10/31/2019,Before Market
APO,10/31/2019,Before Market
FSS,10/31/2019,Before Market
WCC,10/31/2019,Before Market
PH,10/31/2019,Before Market
NTCT,10/31/2019,Before Market
W,10/31/2019,Before Market
ING,10/31/2019,Before Market
CFR,10/31/2019,Before Market
SEM,10/31/2019,After Market
XHR,10/31/2019,Before Market
CHD,10/31/2019,Before Market
DMLP,10/31/2019,Before Market
CYTK,10/31/2019,After Market
XYL,10/31/2019,Before Market
BWA,10/31/2019,Before Market
KHC,10/31/2019,Before Market
ARW,10/31/2019,Before Market
NFG,10/31/2019,After Market
EQT,10/31/2019,Before Market
BBVA,10/31/2019,Before Market
IT,10/31/2019,Before Market
MPC,10/31/2019,Before Market
IP,10/31/2019,Before Market
LKQ,10/31/2019,Before Market
RCL,10/30/2019,Before Market
TKR,10/30/2019,After Market
SBUX,10/30/2019,After Market
ASX,10/30/2019,Before Market
TTMI,10/30/2019,After Market
CMPR,10/30/2019,After Market
CHDN,10/30/2019,After Market
IQV,10/30/2019,Before Market
CTSH,10/30/2019,After Market
RDN,10/30/2019,After Market
MAA,10/30/2019,After Market
ATEC,10/30/2019,After Market
OII,10/30/2019,After Market
FORM,10/30/2019,After Market
NVT,10/30/2019,Before Market
ACA,10/30/2019,After Market
AAPL,10/30/2019,After Market
LNC,10/30/2019,After Market
UCTT,10/30/2019,After Market
IRT,10/30/2019,After Market
ALEX,10/30/2019,After Market
MCK,10/30/2019,Before Market
REG,10/30/2019,After Market
MC,10/30/2019,After Market
VRTX,10/30/2019,After Market
CACI,10/30/2019,After Market
MSI,10/30/2019,After Market
MAS,10/30/2019,Before Market
LECO,10/30/2019,Before Market
LHX,10/30/2019,Before Market
CLH,10/30/2019,Before Market
WHD,10/30/2019,After Market
ETR,10/30/2019,Before Market
JHG,10/30/2019,Before Market
AWK,10/30/2019,After Market
NI,10/30/2019,Before Market
NE,10/30/2019,After Market
CNMD,10/30/2019,After Market
KLAC,10/30/2019,After Market
INSM,10/30/2019,Before Market
MCRI,10/30/2019,After Market
CHEF,10/30/2019,After Market
CME,10/30/2019,Before Market
TNC,10/30/2019,Before Market
WLDN,10/30/2019,After Market
MUX,10/30/2019,Before Market
TWLO,10/30/2019,After Market
DAN,10/30/2019,Before Market
SKT,10/30/2019,After Market
CROX,10/30/2019,Before Market
NMRK,10/30/2019,Before Market
SKYW,10/30/2019,After Market
RGA,10/30/2019,After Market
LIVN,10/30/2019,Before Market
PPC,10/30/2019,After Market
MCO,10/30/2019,Before Market
ETSY,10/30/2019,After Market
WDC,10/30/2019,After Market
INVA,10/30/2019,After Market
AGI,10/30/2019,After Market
BKR,10/30/2019,Before Market
SKY,10/30/2019,After Market
UTHR,10/30/2019,Before Market
RYN,10/30/2019,After Market
HCC,10/30/2019,After Market
WMB,10/30/2019,After Market
BOOT,10/30/2019,After Market
YUM,10/30/2019,Before Market
MEOH,10/30/2019,After Market
TMHC,10/30/2019,Before Market
EQIX,10/30/2019,After Market
DCO,10/30/2019,After Market
OLED,10/30/2019,After Market
MET,10/30/2019,After Market
SITE,10/30/2019,Before Market
OSK,10/30/2019,Before Market
TAP,10/30/2019,Before Market
MGM,10/30/2019,After Market
HTGC,10/30/2019,After Market
ARCC,10/30/2019,Before Market
FLS,10/30/2019,After Market
TRMB,10/30/2019,After Market
LYFT,10/30/2019,After Market
NLY,10/30/2019,After Market
BG,10/30/2019,Before Market
SPG,10/30/2019,Before Market
ST,10/30/2019,Before Market
SU,10/30/2019,After Market
SO,10/30/2019,Before Market
WING,10/30/2019,Before Market
TFSL,10/30/2019,After Market
SF,10/30/2019,Before Market
QDEL,10/30/2019,After Market
PCTY,10/30/2019,After Market
TEL,10/30/2019,Before Market
ALG,10/30/2019,After Market
TRNO,10/30/2019,After Market
SAFT,10/30/2019,After Market
CF,10/30/2019,After Market
CBZ,10/30/2019,Before Market
EAT,10/30/2019,Before Market
TS,10/30/2019,After Market
EXEL,10/30/2019,After Market
GSK,10/30/2019,Before Market
VIAV,10/30/2019,After Market
KBR,10/30/2019,Before Market
CRUS,10/30/2019,After Market
DB,10/30/2019,Before Market
ENSG,10/30/2019,After Market
JOE,10/30/2019,After Market
CW,10/30/2019,After Market
UE,10/30/2019,After Market
DT,10/30/2019,After Market
BSAC,10/30/2019,Before Market
HESM,10/30/2019,Before Market
ADP,10/30/2019,Before Market
SIGI,10/30/2019,After Market
ROG,10/30/2019,After Market
SAIA,10/30/2019,Before Market
MASI,10/30/2019,After Market
CSGS,10/30/2019,After Market
SAN,10/30/2019,Before Market
TEX,10/30/2019,After Market
GRMN,10/30/2019,Before Market
STAA,10/30/2019,After Market
HASI,10/30/2019,After Market
STAG,10/30/2019,After Market
QGEN,10/30/2019,After Market
MBIN,10/30/2019,After Market
H,10/30/2019,After Market
FRT,10/30/2019,After Market
EVTC,10/30/2019,After Market
BELFB,10/30/2019,Before Market
IRMD,10/30/2019,Before Market
CNXN,10/30/2019,After Market
QLYS,10/30/2019,After Market
USLM,10/30/2019,After Market
MMSI,10/30/2019,After Market
THG,10/30/2019,After Market
WTS,10/30/2019,After Market
BFAM,10/30/2019,After Market
ATRC,10/30/2019,After Market
GE,10/30/2019,Before Market
TYL,10/30/2019,After Market
ALSN,10/30/2019,After Market
APA,10/30/2019,After Market
SCI,10/30/2019,After Market
EXTR,10/30/2019,Before Market
HWKN,10/30/2019,After Market
CHT,10/30/2019,Before Market
LFUS,10/30/2019,Before Market
BDC,10/30/2019,Before Market
NSA,10/30/2019,Before Market
AXTI,10/30/2019,After Market
SFM,10/30/2019,After Market
VAL,10/30/2019,After Market
CIM,10/30/2019,Before Market
APTV,10/30/2019,Before Market
HUBG,10/30/2019,After Market
RSG,10/30/2019,After Market
SBRA,10/30/2019,After Market
COLM,10/30/2019,After Market
AIT,10/30/2019,Before Market
SPXC,10/30/2019,After Market
ACAD,10/30/2019,After Market
MYRG,10/30/2019,After Market
MUSA,10/30/2019,After Market
VSEC,10/29/2019,After Market
SPGI,10/29/2019,Before Market
REXR,10/29/2019,After Market
AAT,10/29/2019,After Market
AGCO,10/29/2019,Before Market
FELE,10/29/2019,Before Market
VSH,10/29/2019,Before Market
SIMO,10/29/2019,After Market
ATEN,10/29/2019,After Market
PTCT,10/29/2019,After Market
FCNCA,10/29/2019,After Market
VRSK,10/29/2019,After Market
MRK,10/29/2019,Before Market
SMPL,10/29/2019,Before Market
BXP,10/29/2019,After Market
CIGI,10/29/2019,Before Market
SYK,10/29/2019,After Market
ACGL,10/29/2019,After Market
MA,10/29/2019,Before Market
ECL,10/29/2019,Before Market
MAT,10/29/2019,After Market
MRCY,10/29/2019,After Market
NEO,10/29/2019,Before Market
NWE,10/29/2019,After Market
THRM,10/29/2019,Before Market
ETN,10/29/2019,Before Market
MGRC,10/29/2019,After Market
CAKE,10/29/2019,After Market
CVLT,10/29/2019,Before Market
OKE,10/29/2019,After Market
GLW,10/29/2019,Before Market
ASTE,10/29/2019,Before Market
ZBRA,10/29/2019,Before Market
CMI,10/29/2019,Before Market
LDOS,10/29/2019,Before Market
KKR,10/29/2019,Before Market
CNX,10/29/2019,Before Market
AFG,10/29/2019,After Market
IRDM,10/29/2019,Before Market
EXAS,10/29/2019,After Market
INVH,10/29/2019,After Market
EXR,10/29/2019,After Market
MTDR,10/29/2019,After Market
IEX,10/29/2019,After Market
INCY,10/29/2019,Before Market
AXS,10/29/2019,After Market
COP,10/29/2019,Before Market
DBD,10/29/2019,Before Market
MDU,10/29/2019,After Market
HCA,10/29/2019,Before Market
PSA,10/29/2019,After Market
PAG,10/29/2019,Before Market
UDR,10/29/2019,After Market
SHOO,10/29/2019,Before Market
SHOP,10/29/2019,Before Market
MSTR,10/29/2019,After Market
FMC,10/29/2019,After Market
TECH,10/29/2019,Before Market
AIN,10/29/2019,After Market
FNF,10/29/2019,After Market
EIX,10/29/2019,After Market
AR,10/29/2019,After Market
CAI,10/29/2019,After Market
MDLZ,10/29/2019,After Market
AN,10/29/2019,Before Market
FMS,10/29/2019,Before Market
AM,10/29/2019,After Market
KAI,10/29/2019,After Market
TX,10/29/2019,After Market
ENPH,10/29/2019,After Market
CB,10/29/2019,After Market
ATGE,10/29/2019,After Market
BP,10/29/2019,Before Market
AMD,10/29/2019,After Market
TENB,10/29/2019,After Market
CCS,10/29/2019,After Market
EA,10/29/2019,After Market
UMBF,10/29/2019,After Market
ALL,10/29/2019,After Market
PSMT,10/29/2019,After Market
WH,10/29/2019,Before Market
EC,10/29/2019,After Market
EME,10/29/2019,Before Market
SAM,10/29/2019,After Market
MKL,10/29/2019,After Market
RNR,10/29/2019,After Market
PFE,10/29/2019,Before Market
AOS,10/29/2019,Before Market
AMGN,10/29/2019,After Market
LSCC,10/29/2019,After Market
VNOM,10/29/2019,After Market
WAT,10/29/2019,Before Market
MLM,10/29/2019,Before Market
YUMC,10/29/2019,After Market
HURN,10/29/2019,After Market
APAM,10/29/2019,After Market
PAYC,10/29/2019,After Market
BTU,10/29/2019,Before Market
FCPT,10/29/2019,After Market
LBRT,10/29/2019,After Market
GM,10/29/2019,Before Market
R,10/29/2019,Before Market
IPGP,10/29/2019,Before Market
LNN,10/29/2019,Before Market
MOH,10/29/2019,After Market
DLR,10/29/2019,After Market
CHE,10/29/2019,After Market
EPR,10/29/2019,After Market
FCF,10/29/2019,After Market
EXLS,10/29/2019,Before Market
AX,10/29/2019,After Market
FDP,10/29/2019,Before Market
UNM,10/29/2019,After Market
IR,10/29/2019,Before Market
CHRW,10/29/2019,After Market
BVN,10/29/2019,After Market
HLF,10/29/2019,After Market
HUBB,10/29/2019,Before Market
PJT,10/29/2019,Before Market
AROC,10/28/2019,After Market
SBAC,10/28/2019,After Market
OGS,10/28/2019,After Market
AMKR,10/28/2019,After Market
NBTB,10/28/2019,After Market
GABC,10/28/2019,After Market
TREX,10/28/2019,After Market
AVB,10/28/2019,After Market
TMUS,10/28/2019,After Market
AWI,10/28/2019,Before Market
CNA,10/28/2019,Before Market
QSR,10/28/2019,Before Market
GOOGL,10/28/2019,After Market
QURE,10/28/2019,Before Market
HSBC,10/28/2019,Before Market
OI,10/28/2019,After Market
MCY,10/28/2019,Before Market
KNSA,10/28/2019,After Market
XPO,10/28/2019,After Market
DTE,10/28/2019,Before Market
TXRH,10/28/2019,After Market
OMF,10/28/2019,After Market
WELL,10/28/2019,After Market
EHC,10/28/2019,After Market
CHKP,10/28/2019,Before Market
GOOG,10/28/2019,After Market
PRK,10/28/2019,After Market
TCBK,10/28/2019,After Market
SPOT,10/28/2019,Before Market
BOH,10/28/2019,Before Market
NXPI,10/28/2019,After Market
PCH,10/28/2019,After Market
CRSP,10/28/2019,Before Market
FMX,10/28/2019,Before Market
CCB,10/28/2019,Before Market
LEG,10/28/2019,After Market
AMAL,10/28/2019,Before Market
AMG,10/28/2019,Before Market
CVCO,10/28/2019,After Market
CR,10/28/2019,After Market
VNO,10/28/2019,After Market
BRO,10/28/2019,After Market
NOV,10/28/2019,After Market
SSB,10/28/2019,After Market
SSD,10/28/2019,After Market
APPF,10/28/2019,After Market
PHG,10/28/2019,Before Market
MEDP,10/28/2019,After Market
L,10/28/2019,Before Market
VRNS,10/28/2019,After Market
BRX,10/28/2019,After Market
DORM,10/28/2019,Before Market
WCN,10/28/2019,After Market
SANM,10/28/2019,After Market
T,10/28/2019,Before Market
AKAM,10/28/2019,After Market
ARLP,10/28/2019,Before Market
EPD,10/28/2019,Before Market
BLKB,10/28/2019,After Market
CGNX,10/28/2019,After Market
ARE,10/28/2019,After Market
ON,10/27/2019,After Market
IBN,10/26/2019,Before Market
VTR,10/25/2019,Before Market
CHTR,10/25/2019,Before Market
VFC,10/25/2019,Before Market
ITW,10/25/2019,Before Market
KOF,10/25/2019,Before Market
ROCK,10/25/2019,Before Market
PSX,10/25/2019,Before Market
GBX,10/25/2019,Before Market
GRC,10/25/2019,Before Market
TILE,10/25/2019,Before Market
LEA,10/25/2019,Before Market
ALV,10/25/2019,Before Market
GVA,10/25/2019,Before Market
PFS,10/25/2019,Before Market
VZ,10/25/2019,Before Market
BEN,10/25/2019,Before Market
AON,10/25/2019,Before Market
E,10/25/2019,Before Market
B,10/25/2019,Before Market
WY,10/25/2019,Before Market
KEX,10/25/2019,Before Market
BUD,10/25/2019,Before Market
BCS,10/25/2019,Before Market
LKFN,10/25/2019,Before Market
KB,10/24/2019,Before Market
OMCL,10/24/2019,After Market
RMD,10/24/2019,After Market
TNET,10/24/2019,After Market
ALGT,10/24/2019,After Market
FLEX,10/24/2019,After Market
MTRN,10/24/2019,Before Market
TECK,10/24/2019,Before Market
AAL,10/24/2019,Before Market
ASB,10/24/2019,After Market
LPLA,10/24/2019,After Market
VRSN,10/24/2019,After Market
LH,10/24/2019,Before Market
DOW,10/24/2019,Before Market
FRME,10/24/2019,Before Market
CLBK,10/24/2019,After Market
PRLB,10/24/2019,Before Market
KIM,10/24/2019,Before Market
KN,10/24/2019,After Market
SBCF,10/24/2019,After Market
GLPG,10/24/2019,After Market
CLS,10/24/2019,After Market
BHE,10/24/2019,After Market
INTC,10/24/2019,After Market
ERIE,10/24/2019,After Market
AEP,10/24/2019,Before Market
CMS,10/24/2019,Before Market
FHB,10/24/2019,After Market
POWI,10/24/2019,After Market
COF,10/24/2019,After Market
ALLE,10/24/2019,Before Market
CCEP,10/24/2019,Before Market
AGYS,10/24/2019,After Market
UBSI,10/24/2019,Before Market
CMCSA,10/24/2019,Before Market
AFL,10/24/2019,After Market
FIX,10/24/2019,After Market
ILMN,10/24/2019,After Market
NVST,10/24/2019,Before Market
DECK,10/24/2019,After Market
CNOB,10/24/2019,Before Market
AZN,10/24/2019,Before Market
GPI,10/24/2019,Before Market
HSY,10/24/2019,Before Market
AB,10/24/2019,Before Market
CRI,10/24/2019,Before Market
PBR,10/24/2019,Before Market
ODFL,10/24/2019,Before Market
CINF,10/24/2019,After Market
RS,10/24/2019,Before Market
CASH,10/24/2019,After Market
MXL,10/24/2019,After Market
OSIS,10/24/2019,After Market
HBAN,10/24/2019,Before Market
BC,10/24/2019,Before Market
MHK,10/24/2019,After Market
LUV,10/24/2019,Before Market
SAFE,10/24/2019,Before Market
AJG,10/24/2019,After Market
ALK,10/24/2019,After Market
ORI,10/24/2019,Before Market
VLO,10/24/2019,Before Market
CTS,10/24/2019,Before Market
PATK,10/24/2019,Before Market
BY,10/24/2019,After Market
DCOM,10/24/2019,After Market
VC,10/24/2019,Before Market
FSLR,10/24/2019,After Market
NOC,10/24/2019,Before Market
TROW,10/24/2019,Before Market
EQNR,10/24/2019,Before Market
CX,10/24/2019,Before Market
UHS,10/24/2019,After Market
GILD,10/24/2019,After Market
V,10/24/2019,After Market
PEB,10/24/2019,After Market
XEL,10/24/2019,Before Market
ROP,10/24/2019,Before Market
TBBK,10/24/2019,After Market
ARGX,10/24/2019,Before Market
VALE,10/24/2019,After Market
SPSC,10/24/2019,After Market
EMN,10/24/2019,After Market
TSCO,10/24/2019,Before Market
WERN,10/24/2019,After Market
OCFC,10/24/2019,After Market
PFG,10/24/2019,After Market
AVT,10/24/2019,After Market
SAH,10/24/2019,Before Market
DHR,10/24/2019,Before Market
CUBE,10/24/2019,After Market
ENVA,10/24/2019,After Market
FAF,10/24/2019,Before Market
WST,10/24/2019,Before Market
STM,10/24/2019,Before Market
BAX,10/24/2019,Before Market
COLB,10/24/2019,Before Market
STBA,10/24/2019,Before Market
TOWN,10/24/2019,Before Market
ENTG,10/24/2019,Before Market
MMM,10/24/2019,Before Market
DLX,10/24/2019,After Market
CRS,10/24/2019,Before Market
FCN,10/24/2019,Before Market
FTV,10/24/2019,After Market
AMZN,10/24/2019,After Market
AXTA,10/24/2019,Before Market
MSM,10/24/2019,Before Market
HLI,10/24/2019,After Market
SWK,10/24/2019,Before Market
SLGN,10/23/2019,Before Market
RCI,10/23/2019,Before Market
ALGN,10/23/2019,After Market
ASR,10/23/2019,After Market
LLY,10/23/2019,Before Market
BMRN,10/23/2019,After Market
PKX,10/23/2019,Before Market
KALU,10/23/2019,After Market
CMC,10/23/2019,Before Market
NGVT,10/23/2019,After Market
ESS,10/23/2019,After Market
MSFT,10/23/2019,After Market
HNI,10/23/2019,After Market
PNR,10/23/2019,Before Market
FCFS,10/23/2019,Before Market
UFPI,10/23/2019,After Market
TMO,10/23/2019,Before Market
LOB,10/23/2019,After Market
BPOP,10/23/2019,Before Market
NEU,10/23/2019,After Market
MSA,10/23/2019,After Market
BXMT,10/23/2019,After Market
CLF,10/23/2019,Before Market
LMAT,10/23/2019,After Market
BOKF,10/23/2019,Before Market
TSLA,10/23/2019,After Market
UAN,10/23/2019,After Market
AEM,10/23/2019,After Market
AVY,10/23/2019,Before Market
IVZ,10/23/2019,Before Market
PTC,10/23/2019,After Market
MKTX,10/23/2019,Before Market
HRI,10/23/2019,Before Market
OC,10/23/2019,Before Market
ALKS,10/23/2019,Before Market
RJF,10/23/2019,After Market
EVR,10/23/2019,Before Market
LAD,10/23/2019,Before Market
TIGO,10/23/2019,After Market
EFX,10/23/2019,After Market
BKU,10/23/2019,Before Market
MKSI,10/23/2019,After Market
RHI,10/23/2019,After Market
PB,10/23/2019,Before Market
MORN,10/23/2019,After Market
SLM,10/23/2019,After Market
EGP,10/23/2019,After Market
ORLY,10/23/2019,After Market
RUSHA,10/23/2019,After Market
KNX,10/23/2019,Before Market
EIG,10/23/2019,After Market
ASGN,10/23/2019,After Market
WSBC,10/23/2019,After Market
CSTM,10/23/2019,Before Market
TRN,10/23/2019,After Market
ICLR,10/23/2019,After Market
CVBF,10/23/2019,After Market
MHO,10/23/2019,Before Market
BA,10/23/2019,Before Market
OSBC,10/23/2019,After Market
CAT,10/23/2019,Before Market
EBAY,10/23/2019,After Market
PYPL,10/23/2019,After Market
FIBK,10/23/2019,After Market
QCRH,10/23/2019,After Market
NDAQ,10/23/2019,Before Market
TR,10/23/2019,After Market
LRCX,10/23/2019,After Market
AKR,10/23/2019,After Market
LVS,10/23/2019,After Market
BX,10/23/2019,Before Market
FFIV,10/23/2019,After Market
KRC,10/23/2019,After Market
SYBT,10/23/2019,Before Market
CUZ,10/23/2019,After Market
CADE,10/23/2019,Before Market
GTY,10/23/2019,After Market
SLAB,10/23/2019,Before Market
VMI,10/23/2019,After Market
TDY,10/23/2019,Before Market
BANR,10/23/2019,After Market
BANC,10/23/2019,Before Market
NTRS,10/23/2019,Before Market
CP,10/23/2019,After Market
CMRE,10/23/2019,After Market
ROL,10/23/2019,Before Market
CVI,10/23/2019,After Market
NOW,10/23/2019,After Market
DHT,10/23/2019,After Market
AMP,10/23/2019,After Market
BSX,10/23/2019,Before Market
FR,10/23/2019,After Market
F,10/23/2019,After Market
CUBI,10/23/2019,After Market
SEIC,10/23/2019,After Market
UNF,10/23/2019,Before Market
LSTR,10/23/2019,After Market
EW,10/23/2019,After Market
WM,10/23/2019,Before Market
APH,10/23/2019,Before Market
GL,10/23/2019,After Market
FSV,10/23/2019,Before Market
SUI,10/23/2019,After Market
GWW,10/23/2019,Before Market
GD,10/23/2019,Before Market
SCL,10/23/2019,Before Market
WGO,10/23/2019,Before Market
PLXS,10/23/2019,After Market
NSC,10/23/2019,Before Market
GGG,10/23/2019,After Market
RRC,10/23/2019,After Market
SCCO,10/23/2019,After Market
FTI,10/23/2019,After Market
BCO,10/23/2019,Before Market
ARR,10/23/2019,After Market
PKG,10/23/2019,After Market
HLT,10/23/2019,Before Market
FBNC,10/23/2019,After Market
FCX,10/23/2019,Before Market
GATX,10/22/2019,Before Market
ABG,10/22/2019,Before Market
NUE,10/22/2019,Before Market
HOG,10/22/2019,Before Market
BYD,10/22/2019,After Market
NEE,10/22/2019,Before Market
CHCO,10/22/2019,Before Market
NVS,10/22/2019,Before Market
UPS,10/22/2019,Before Market
LMT,10/22/2019,Before Market
CALX,10/22/2019,After Market
BUSE,10/22/2019,After Market
WHR,10/22/2019,After Market
SHW,10/22/2019,Before Market
CNC,10/22/2019,Before Market
MCD,10/22/2019,Before Market
MTH,10/22/2019,After Market
HCSG,10/22/2019,After Market
EEFT,10/22/2019,After Market
VIST,10/22/2019,After Market
MTG,10/22/2019,Before Market
CMG,10/22/2019,After Market
UBS,10/22/2019,Before Market
KMB,10/22/2019,Before Market
MPWR,10/22/2019,After Market
CNI,10/22/2019,After Market
HAS,10/22/2019,Before Market
FULT,10/22/2019,After Market
GPK,10/22/2019,Before Market
NAVI,10/22/2019,After Market
TRV,10/22/2019,Before Market
NBHC,10/22/2019,After Market
RF,10/22/2019,Before Market
TRU,10/22/2019,Before Market
MANH,10/22/2019,After Market
TRMK,10/22/2019,After Market
CSL,10/22/2019,After Market
PEBO,10/22/2019,Before Market
FITB,10/22/2019,Before Market
BIIB,10/22/2019,Before Market
DGX,10/22/2019,Before Market
TFC,10/22/2019,After Market
CSGP,10/22/2019,After Market
EDU,10/22/2019,Before Market
TER,10/22/2019,After Market
WRB,10/22/2019,After Market
HIW,10/22/2019,After Market
TXN,10/22/2019,After Market
STC,10/22/2019,After Market
MLI,10/22/2019,Before Market
SFNC,10/22/2019,Before Market
PII,10/22/2019,Before Market
FBP,10/22/2019,Before Market
PG,10/22/2019,Before Market
LRN,10/22/2019,After Market
WBS,10/22/2019,Before Market
PHM,10/22/2019,Before Market
PCAR,10/22/2019,Before Market
NTB,10/22/2019,After Market
EQR,10/22/2019,After Market
VCYT,10/22/2019,After Market
LOGI,10/21/2019,After Market
NWBI,10/21/2019,Before Market
SFBS,10/21/2019,After Market
ADC,10/21/2019,After Market
HAL,10/21/2019,Before Market
ZION,10/21/2019,After Market
ONB,10/21/2019,Before Market
EFSC,10/21/2019,After Market
CDNS,10/21/2019,After Market
CE,10/21/2019,After Market
CBU,10/21/2019,Before Market
RNST,10/21/2019,After Market
ELS,10/21/2019,After Market
HXL,10/21/2019,After Market
WSFS,10/21/2019,After Market
SAP,10/21/2019,Before Market
FBK,10/21/2019,After Market
LII,10/21/2019,Before Market
OFG,10/21/2019,Before Market
HDB,10/19/2019,Before Market
SYF,10/18/2019,Before Market
SXT,10/18/2019,Before Market
KO,10/18/2019,Before Market
GNTX,10/18/2019,Before Market
TMP,10/18/2019,Before Market
ABCB,10/18/2019,Before Market
MAN,10/18/2019,Before Market
RBCAA,10/18/2019,Before Market
SLB,10/18/2019,Before Market
AXP,10/18/2019,Before Market
BLX,10/18/2019,Before Market
SIFY,10/18/2019,Before Market
CFG,10/18/2019,Before Market
STT,10/18/2019,Before Market
GTLS,10/17/2019,Before Market
AUB,10/17/2019,Before Market
WDFC,10/17/2019,After Market
DOV,10/17/2019,Before Market
OZK,10/17/2019,After Market
HON,10/17/2019,Before Market
EXPO,10/17/2019,After Market
MS,10/17/2019,Before Market
MTB,10/17/2019,Before Market
PPG,10/17/2019,Before Market
VICR,10/17/2019,After Market
PM,10/17/2019,Before Market
SRCE,10/17/2019,After Market
INDB,10/17/2019,After Market
FFBC,10/17/2019,After Market
SNA,10/17/2019,Before Market
TEAM,10/17/2019,After Market
GPC,10/17/2019,Before Market
TSM,10/17/2019,Before Market
BMI,10/17/2019,Before Market
FNB,10/17/2019,Before Market
EWBC,10/17/2019,Before Market
SON,10/17/2019,Before Market
BANF,10/17/2019,After Market
MRTN,10/17/2019,After Market
FFIN,10/17/2019,After Market
WABC,10/17/2019,Before Market
TXT,10/17/2019,Before Market
WSO,10/17/2019,Before Market
WAL,10/17/2019,After Market
KEY,10/17/2019,Before Market
BBT,10/17/2019,Before Market
OMAB,10/17/2019,After Market
HOMB,10/17/2019,Before Market
POOL,10/17/2019,Before Market
UNP,10/17/2019,Before Market
ISRG,10/17/2019,After Market
GBCI,10/17/2019,After Market
CTBI,10/16/2019,Before Market
ABT,10/16/2019,Before Market
CMA,10/16/2019,Before Market
IBM,10/16/2019,After Market
PNC,10/16/2019,Before Market
USB,10/16/2019,Before Market
FHN,10/16/2019,Before Market
URI,10/16/2019,After Market
CBSH,10/16/2019,Before Market
KMI,10/16/2019,After Market
CNS,10/16/2019,After Market
PFBC,10/16/2019,Before Market
STLD,10/16/2019,After Market
SLG,10/16/2019,After Market
WTFC,10/16/2019,After Market
AA,10/16/2019,After Market
TCBI,10/16/2019,After Market
ALLY,10/16/2019,Before Market
BK,10/16/2019,Before Market
RLI,10/16/2019,After Market
CSX,10/16/2019,After Market
NFLX,10/16/2019,After Market
CCK,10/16/2019,After Market
CATY,10/16/2019,After Market
CCI,10/16/2019,After Market
BAC,10/16/2019,Before Market
PGR,10/16/2019,Before Market
ASML,10/16/2019,Before Market
PLD,10/15/2019,Before Market
WFC,10/15/2019,Before Market
JBHT,10/15/2019,After Market
UAL,10/15/2019,After Market
SCHW,10/15/2019,Before Market
UEC,10/15/2019,Before Market
OMC,10/15/2019,Before Market
BLK,10/15/2019,Before Market
IBKR,10/15/2019,After Market
JNJ,10/15/2019,Before Market
HWC,10/15/2019,After Market
PNFP,10/15/2019,After Market
AMX,10/15/2019,After Market
JPM,10/15/2019,Before Market
C,10/15/2019,Before Market
WAFD,10/15/2019,After Market
GS,10/15/2019,Before Market
UNH,10/15/2019,Before Market
SMMT,10/11/2019,Before Market
FAST,10/11/2019,Before Market
INFY,10/11/2019,Before Market
IDT,10/10/2019,After Market
DAL,10/10/2019,Before Market
DPZ,10/8/2019,Before Market
LEVI,10/8/2019,After Market
COST,10/3/2019,After Market
PEP,10/3/2019,Before Market
STZ,10/3/2019,Before Market
AYI,10/2/2019,Before Market
PAYX,10/2/2019,Before Market
RPM,10/2/2019,Before Market
LW,10/2/2019,Before Market
LEN,10/2/2019,Before Market
UNFI,10/1/2019,After Market
MKC,10/1/2019,Before Market
CALM,9/30/2019,Before Market
THO,9/30/2019,Before Market
MTN,9/26/2019,After Market
MU,9/26/2019,After Market
JEF,9/26/2019,After Market
CUK,9/26/2019,Before Market
CCL,9/26/2019,Before Market
FDS,9/26/2019,Before Market
PRGS,9/26/2019,After Market
ACN,9/26/2019,Before Market
CAG,9/26/2019,Before Market
WOR,9/25/2019,Before Market
KBH,9/25/2019,After Market
FUL,9/25/2019,After Market
AIR,9/25/2019,After Market
MANU,9/24/2019,Before Market
AZO,9/24/2019,Before Market
KMX,9/24/2019,Before Market
SNX,9/24/2019,After Market
CTAS,9/24/2019,After Market
JBL,9/24/2019,Before Market
NKE,9/24/2019,After Market
DRI,9/19/2019,Before Market
GIS,9/18/2019,Before Market
CHWY,9/17/2019,After Market
FDX,9/17/2019,After Market
ADBE,9/17/2019,After Market
KR,9/12/2019,Before Market
AVGO,9/12/2019,After Market
ORCL,9/11/2019,After Market
GME,9/10/2019,After Market
RH,9/10/2019,After Market
ZS,9/10/2019,After Market
CASY,9/9/2019,After Market
AGX,9/9/2019,After Market
BRC,9/6/2019,Before Market
ABM,9/5/2019,After Market
DCI,9/5/2019,Before Market
SIG,9/5/2019,Before Market
KFY,9/5/2019,After Market
FIZZ,9/5/2019,After Market
GIII,9/5/2019,Before Market
GWRE,9/5/2019,After Market
CRWD,9/5/2019,After Market
SAIC,9/5/2019,After Market
LULU,9/5/2019,After Market
CIEN,9/5/2019,Before Market
DOCU,9/5/2019,After Market
ZM,9/5/2019,After Market
PANW,9/4/2019,After Market
AEO,9/4/2019,Before Market
DT,9/4/2019,After Market
DSGX,9/4/2019,After Market
MDB,9/4/2019,After Market
CPRT,9/4/2019,After Market
AVAV,9/4/2019,After Market
REVG,9/4/2019,After Market
HQY,9/3/2019,After Market
DRD,9/3/2019,Before Market
CSTL,9/3/2019,After Market
ZLAB,9/3/2019,Before Market
KEN,9/3/2019,Before Market
NSSC,9/3/2019,Before Market
CPB,8/30/2019,Before Market
JKS,8/30/2019,Before Market
AFYA,8/30/2019,Before Market
GLNG,8/29/2019,Before Market
BURL,8/29/2019,Before Market
REX,8/29/2019,Before Market
COO,8/29/2019,After Market
AMBA,8/29/2019,After Market
TD,8/29/2019,Before Market
DLTR,8/29/2019,Before Market
ANF,8/29/2019,Before Market
DG,8/29/2019,Before Market
MRVL,8/29/2019,After Market
BBY,8/29/2019,Before Market
DELL,8/29/2019,Before Market
ULTA,8/29/2019,After Market
WDAY,8/29/2019,After Market
ESTC,8/28/2019,After Market
BF/B,8/28/2019,Before Market
BF/A,8/28/2019,Before Market
DAKT,8/28/2019,Before Market
NTNX,8/28/2019,After Market
SMTC,8/28/2019,After Market
OKTA,8/28/2019,After Market
PVH,8/28/2019,After Market
BOX,8/28/2019,After Market
MIRM,8/28/2019,After Market
FIVE,8/28/2019,After Market
HRB,8/28/2019,After Market
DY,8/28/2019,Before Market
ASND,8/28/2019,After Market
GEF,8/28/2019,After Market
WSM,8/28/2019,After Market
OLLI,8/28/2019,After Market
HPE,8/27/2019,After Market
VEEV,8/27/2019,After Market
BMO,8/27/2019,Before Market
HEI,8/27/2019,After Market
BNS,8/27/2019,Before Market
ADSK,8/27/2019,After Market
PAHC,8/27/2019,After Market
SJM,8/27/2019,Before Market
FRO,8/27/2019,Before Market
HEI/A,8/27/2019,After Market
BILI,8/26/2019,After Market
OSIS,8/26/2019,Before Market
SXI,8/26/2019,After Market
QFIN,8/23/2019,Before Market
BKE,8/23/2019,After Market
CAAP,8/23/2019,Before Market
INTU,8/22/2019,After Market
OPRA,8/22/2019,Before Market
HPQ,8/22/2019,After Market
HRL,8/22/2019,Before Market
ROST,8/22/2019,After Market
CRM,8/22/2019,After Market
FLY,8/22/2019,Before Market
TTC,8/22/2019,Before Market
CM,8/22/2019,Before Market
BJ,8/22/2019,Before Market
DKS,8/22/2019,Before Market
ATGE,8/22/2019,After Market
CRH,8/22/2019,Before Market
SNPS,8/21/2019,After Market
LB,8/21/2019,After Market
ADI,8/21/2019,Before Market
LOW,8/21/2019,Before Market
PSTG,8/21/2019,After Market
JMIA,8/21/2019,Before Market
RY,8/21/2019,Before Market
HTHT,8/21/2019,After Market
SQM,8/21/2019,After Market
PDD,8/21/2019,Before Market
KEYS,8/21/2019,After Market
TGT,8/21/2019,Before Market
XPEL,8/21/2019,Before Market
HMY,8/20/2019,Before Market
LZB,8/20/2019,After Market
TOL,8/20/2019,After Market
SE,8/20/2019,Before Market
URBN,8/20/2019,After Market
SDRL,8/20/2019,After Market
ALC,8/20/2019,After Market
NDSN,8/20/2019,After Market
JKHY,8/20/2019,After Market
KSS,8/20/2019,Before Market
AMCR,8/20/2019,After Market
HD,8/20/2019,Before Market
PLAB,8/20/2019,Before Market
MDT,8/20/2019,Before Market
TJX,8/20/2019,Before Market
BHP,8/19/2019,Before Market
BIDU,8/19/2019,After Market
EL,8/19/2019,Before Market
FN,8/19/2019,After Market
DE,8/16/2019,Before Market
ZTO,8/15/2019,After Market
VIAV,8/15/2019,After Market
ESLT,8/15/2019,Before Market
TPR,8/15/2019,Before Market
GLOB,8/15/2019,After Market
NVDA,8/15/2019,After Market
GFI,8/15/2019,Before Market
WMT,8/15/2019,Before Market
BABA,8/15/2019,Before Market
AMAT,8/15/2019,After Market
CSIQ,8/15/2019,Before Market
MAGS,8/15/2019,Before Market
VIPS,8/14/2019,After Market
GMAB,8/14/2019,Before Market
PUK,8/14/2019,Before Market
SRRK,8/14/2019,Before Market
CSCO,8/14/2019,After Market
NTAP,8/14/2019,After Market
KOD,8/14/2019,Before Market
AIT,8/14/2019,Before Market
HROW,8/14/2019,After Market
PFGC,8/14/2019,Before Market
STNE,8/14/2019,After Market
STOK,8/14/2019,Before Market
CACI,8/14/2019,After Market
DQ,8/14/2019,Before Market
A,8/14/2019,After Market
KEP,8/14/2019,Before Market
M,8/14/2019,Before Market
SBS,8/14/2019,Before Market
CAE,8/14/2019,Before Market
GOOS,8/14/2019,Before Market
ELAN,8/13/2019,Before Market
CRNX,8/13/2019,After Market
SA,8/13/2019,After Market
LTM,8/13/2019,After Market
PSN,8/13/2019,Before Market
ESTA,8/13/2019,Before Market
ADPT,8/13/2019,After Market
GDS,8/13/2019,Before Market
MGIC,8/13/2019,Before Market
METC,8/13/2019,After Market
REAL,8/13/2019,After Market
CYD,8/13/2019,Before Market
JD,8/13/2019,Before Market
AAP,8/13/2019,Before Market
EAT,8/13/2019,Before Market
TME,8/12/2019,After Market
KNSA,8/12/2019,After Market
GOLD,8/12/2019,Before Market
DAVE,8/12/2019,After Market
CEPU,8/12/2019,After Market
PAM,8/12/2019,After Market
GGAL,8/12/2019,Before Market
PLMR,8/12/2019,After Market
BE,8/12/2019,After Market
VCTR,8/12/2019,After Market
EC,8/12/2019,After Market
BBAR,8/12/2019,Before Market
IDYA,8/12/2019,After Market
SYY,8/12/2019,Before Market
WPP,8/9/2019,Before Market
NVO,8/9/2019,Before Market
TGLS,8/9/2019,Before Market
LBRDK,8/9/2019,After Market
LBRDA,8/9/2019,After Market
TAC,8/9/2019,Before Market
LEU,8/9/2019,After Market
TGTX,8/9/2019,Before Market
AVDL,8/9/2019,Before Market
PCG,8/9/2019,Before Market
TDW,8/9/2019,After Market
GSAT,8/9/2019,Before Market
ESE,8/8/2019,After Market
YPF,8/8/2019,After Market
AVT,8/8/2019,After Market
USPH,8/8/2019,Before Market
LNG,8/8/2019,Before Market
DXC,8/8/2019,After Market
SYNA,8/8/2019,After Market
LITE,8/8/2019,Before Market
MAIN,8/8/2019,After Market
LAUR,8/8/2019,Before Market
VIRT,8/8/2019,Before Market
DGII,8/8/2019,After Market
TRGP,8/8/2019,Before Market
BATRK,8/8/2019,Before Market
INSW,8/8/2019,Before Market
IMKTA,8/8/2019,Before Market
BATRA,8/8/2019,Before Market
PNW,8/8/2019,Before Market
ANAB,8/8/2019,After Market
CELH,8/8/2019,Before Market
GLP,8/8/2019,Before Market
IBP,8/8/2019,Before Market
EPAM,8/8/2019,Before Market
CELC,8/8/2019,After Market
UTI,8/8/2019,After Market
THR,8/8/2019,Before Market
CPK,8/8/2019,Before Market
RVLV,8/8/2019,After Market
ADMA,8/8/2019,Before Market
HBM,8/8/2019,After Market
VSAT,8/8/2019,After Market
DBX,8/8/2019,After Market
ACIW,8/8/2019,Before Market
ROAD,8/8/2019,After Market
LQDA,8/8/2019,Before Market
NCLH,8/8/2019,Before Market
SATS,8/8/2019,Before Market
MUR,8/8/2019,Before Market
NHC,8/8/2019,After Market
CCEP,8/8/2019,Before Market
CAH,8/8/2019,Before Market
TPC,8/8/2019,After Market
NHI,8/8/2019,Before Market
NICE,8/8/2019,Before Market
AL,8/8/2019,After Market
CQP,8/8/2019,Before Market
LTC,8/8/2019,After Market
BHVN,8/8/2019,After Market
MGA,8/8/2019,Before Market
AMRC,8/8/2019,Before Market
UBER,8/8/2019,After Market
RIOT,8/8/2019,After Market
QDEL,8/8/2019,After Market
SPH,8/8/2019,Before Market
FWONK,8/8/2019,Before Market
NNI,8/8/2019,After Market
FWONA,8/8/2019,Before Market
KRP,8/8/2019,Before Market
WPM,8/8/2019,After Market
TW,8/8/2019,Before Market
TTD,8/8/2019,After Market
NVGS,8/8/2019,After Market
YELP,8/8/2019,After Market
BAP,8/8/2019,After Market
BAM,8/8/2019,Before Market
BLFS,8/8/2019,After Market
APPN,8/8/2019,After Market
CLMT,8/8/2019,Before Market
JHX,8/8/2019,Before Market
FOLD,8/8/2019,Before Market
PRGO,8/8/2019,Before Market
IBOC,8/8/2019,Before Market
ALRM,8/8/2019,After Market
RDNT,8/8/2019,Before Market
KTB,8/8/2019,Before Market
NRP,8/8/2019,Before Market
NWSA,8/8/2019,After Market
TGS,8/8/2019,Before Market
MMS,8/8/2019,Before Market
GEN,8/8/2019,Before Market
COLD,8/8/2019,After Market
KDP,8/8/2019,Before Market
SSRM,8/8/2019,After Market
CYTK,8/8/2019,After Market
KHC,8/8/2019,Before Market
CCOI,8/8/2019,Before Market
INOD,8/8/2019,Before Market
AXSM,8/8/2019,Before Market
OGE,8/8/2019,Before Market
AU,8/8/2019,Before Market
RBA,8/8/2019,After Market
NWS,8/8/2019,After Market
EQH,8/8/2019,After Market
GRBK,8/8/2019,After Market
PCTY,8/8/2019,After Market
UMH,8/8/2019,After Market
ELF,8/7/2019,After Market
KT,8/7/2019,Before Market
FTDR,8/7/2019,After Market
DOC,8/7/2019,Before Market
REZI,8/7/2019,After Market
DOX,8/7/2019,After Market
RUN,8/7/2019,After Market
IAG,8/7/2019,After Market
IAC,8/7/2019,After Market
TEVA,8/7/2019,Before Market
ATO,8/7/2019,After Market
SRPT,8/7/2019,After Market
EPRT,8/7/2019,After Market
CNR,8/7/2019,After Market
CNP,8/7/2019,Before Market
DVAX,8/7/2019,After Market
CLDX,8/7/2019,After Market
ENS,8/7/2019,After Market
AAOI,8/7/2019,After Market
IIPR,8/7/2019,After Market
ECPG,8/7/2019,After Market
UPWK,8/7/2019,After Market
ATHM,8/7/2019,Before Market
MDGL,8/7/2019,Before Market
FOXA,8/7/2019,After Market
AVA,8/7/2019,Before Market
TMDX,8/7/2019,After Market
VIST,8/7/2019,After Market
GLPI,8/7/2019,After Market
UHAL,8/7/2019,After Market
MRNA,8/7/2019,Before Market
PRA,8/7/2019,After Market
MELI,8/7/2019,After Market
BKNG,8/7/2019,After Market
PRI,8/7/2019,After Market
AGO,8/7/2019,After Market
TRIP,8/7/2019,After Market
PTGX,8/7/2019,Before Market
GOLF,8/7/2019,Before Market
CVNA,8/7/2019,After Market
CPA,8/7/2019,After Market
RYN,8/7/2019,After Market
SNDX,8/7/2019,After Market
SBGI,8/7/2019,Before Market
NYT,8/7/2019,Before Market
AMPH,8/7/2019,After Market
DAR,8/7/2019,After Market
AG,8/7/2019,Before Market
GKOS,8/7/2019,After Market
CAI,8/7/2019,After Market
CRK,8/7/2019,Before Market
SLNO,8/7/2019,After Market
MGEE,8/7/2019,Before Market
CPRI,8/7/2019,Before Market
ATKR,8/7/2019,Before Market
PLUS,8/7/2019,After Market
AIG,8/7/2019,After Market
PAAS,8/7/2019,After Market
OCSL,8/7/2019,Before Market
BLBD,8/7/2019,After Market
MFC,8/7/2019,After Market
BMA,8/7/2019,Before Market
FOX,8/7/2019,After Market
SPB,8/7/2019,Before Market
MNST,8/7/2019,After Market
ORA,8/7/2019,After Market
ALB,8/7/2019,After Market
FNV,8/7/2019,After Market
CSGS,8/7/2019,After Market
IONS,8/7/2019,Before Market
ACMR,8/7/2019,After Market
BV,8/7/2019,Before Market
LYFT,8/7/2019,After Market
SWKS,8/7/2019,After Market
ET,8/7/2019,After Market
SBLK,8/7/2019,After Market
RGLD,8/7/2019,After Market
WD,8/7/2019,Before Market
CVS,8/7/2019,Before Market
SONO,8/7/2019,After Market
NTRA,8/7/2019,After Market
LXP,8/7/2019,Before Market
EVRG,8/7/2019,After Market
MATX,8/7/2019,After Market
CDE,8/7/2019,After Market
CECO,8/7/2019,After Market
OSW,8/7/2019,Before Market
CCU,8/7/2019,Before Market
LPG,8/7/2019,Before Market
LAMR,8/7/2019,Before Market
ANIP,8/7/2019,Before Market
PEGA,8/7/2019,After Market
SUN,8/7/2019,After Market
QTWO,8/7/2019,After Market
Z,8/7/2019,After Market
NXST,8/7/2019,Before Market
NRG,8/7/2019,Before Market
ICUI,8/7/2019,After Market
COLL,8/7/2019,After Market
FSK,8/7/2019,After Market
MIDD,8/7/2019,Before Market
FG,8/7/2019,After Market
SGRY,8/7/2019,Before Market
G,8/7/2019,After Market
STN,8/7/2019,Before Market
CYBR,8/7/2019,Before Market
EYPT,8/7/2019,Before Market
NTES,8/7/2019,After Market
WWW,8/7/2019,Before Market
ROKU,8/7/2019,After Market
NVMI,8/7/2019,Before Market
CPRX,8/7/2019,After Market
GBDC,8/7/2019,After Market
UVV,8/7/2019,After Market
FUN,8/7/2019,Before Market
STWD,8/7/2019,Before Market
SBRA,8/7/2019,After Market
HL,8/7/2019,Before Market
ZG,8/7/2019,After Market
ZTS,8/6/2019,Before Market
MCHP,8/6/2019,After Market
LGIH,8/6/2019,Before Market
XENE,8/6/2019,After Market
PTCT,8/6/2019,After Market
REGN,8/6/2019,Before Market
LC,8/6/2019,After Market
NOVT,8/6/2019,Before Market
ACM,8/6/2019,Before Market
FANG,8/6/2019,After Market
ARMK,8/6/2019,Before Market
OHI,8/6/2019,After Market
VOYA,8/6/2019,After Market
LPX,8/6/2019,Before Market
USAC,8/6/2019,Before Market
LRN,8/6/2019,After Market
EXPD,8/6/2019,Before Market
UFPT,8/6/2019,Before Market
INSP,8/6/2019,After Market
TGNA,8/6/2019,Before Market
ICHR,8/6/2019,After Market
AES,8/6/2019,Before Market
HLNE,8/6/2019,Before Market
IMOS,8/6/2019,Before Market
HALO,8/6/2019,After Market
MTCH,8/6/2019,After Market
NWN,8/6/2019,Before Market
AXGN,8/6/2019,After Market
POWL,8/6/2019,After Market
WLK,8/6/2019,Before Market
HST,8/6/2019,After Market
EYE,8/6/2019,Before Market
SERV,8/6/2019,Before Market
RHP,8/6/2019,Before Market
JAZZ,8/6/2019,After Market
CAMT,8/6/2019,Before Market
AFG,8/6/2019,After Market
FIS,8/6/2019,Before Market
PPL,8/6/2019,Before Market
SUPN,8/6/2019,After Market
RCUS,8/6/2019,After Market
ANDE,8/6/2019,After Market
MGY,8/6/2019,After Market
NJR,8/6/2019,Before Market
AI,8/6/2019,After Market
CAPR,8/6/2019,After Market
AUPH,8/6/2019,After Market
AVTR,8/6/2019,Before Market
NSIT,8/6/2019,Before Market
JLL,8/6/2019,Before Market
DVN,8/6/2019,After Market
AIZ,8/6/2019,After Market
HCI,8/6/2019,After Market
PAR,8/6/2019,After Market
ALNY,8/6/2019,Before Market
ADNT,8/6/2019,Before Market
SEDG,8/6/2019,After Market
PAA,8/6/2019,After Market
USFD,8/6/2019,Before Market
DUK,8/6/2019,Before Market
CWEN,8/6/2019,Before Market
ACLS,8/6/2019,After Market
DXPE,8/6/2019,After Market
CARG,8/6/2019,After Market
LOPE,8/6/2019,After Market
PLNT,8/6/2019,After Market
WK,8/6/2019,After Market
TWO,8/6/2019,After Market
EE,8/6/2019,Before Market
TDG,8/6/2019,Before Market
EMR,8/6/2019,Before Market
DHT,8/6/2019,After Market
HSIC,8/6/2019,Before Market
DNLI,8/6/2019,After Market
SAIL,8/6/2019,After Market
PEN,8/6/2019,After Market
GTES,8/6/2019,After Market
GILT,8/6/2019,Before Market
WYNN,8/6/2019,After Market
PAGP,8/6/2019,After Market
ENR,8/6/2019,Before Market
GH,8/6/2019,After Market
DIS,8/6/2019,After Market
COKE,8/6/2019,After Market
MMI,8/6/2019,After Market
HAE,8/6/2019,Before Market
TECH,8/6/2019,Before Market
PRIM,8/6/2019,Before Market
GEL,8/6/2019,Before Market
VCEL,8/6/2019,Before Market
JBGS,8/6/2019,After Market
ARLO,8/6/2019,After Market
IOSP,8/6/2019,After Market
PZZA,8/6/2019,After Market
HUBS,8/6/2019,After Market
SWX,8/6/2019,After Market
CTRE,8/6/2019,After Market
MOS,8/6/2019,After Market
LCII,8/6/2019,Before Market
CHH,8/6/2019,Before Market
BDX,8/6/2019,Before Market
AMSC,8/6/2019,After Market
RRR,8/6/2019,After Market
BWXT,8/5/2019,After Market
DIOD,8/5/2019,After Market
LASR,8/5/2019,After Market
TTWO,8/5/2019,After Market
DAC,8/5/2019,After Market
AWR,8/5/2019,After Market
STE,8/5/2019,After Market
CNA,8/5/2019,Before Market
KMT,8/5/2019,After Market
VECO,8/5/2019,After Market
FRPT,8/5/2019,After Market
MAR,8/5/2019,After Market
BHF,8/5/2019,After Market
PODD,8/5/2019,After Market
IFF,8/5/2019,After Market
BKD,8/5/2019,After Market
EFC,8/5/2019,After Market
MWA,8/5/2019,After Market
BKH,8/5/2019,After Market
HSBC,8/5/2019,Before Market
PARR,8/5/2019,After Market
KMPR,8/5/2019,Before Market
HLIO,8/5/2019,After Market
APLE,8/5/2019,After Market
OTTR,8/5/2019,After Market
TSN,8/5/2019,Before Market
AMRX,8/5/2019,Before Market
DCO,8/5/2019,After Market
KLAC,8/5/2019,After Market
ARWR,8/5/2019,After Market
KRG,8/5/2019,After Market
CBT,8/5/2019,After Market
CAR,8/5/2019,After Market
SHAK,8/5/2019,After Market
UGI,8/5/2019,After Market
ITRI,8/5/2019,After Market
COHU,8/5/2019,After Market
IPAR,8/5/2019,After Market
KRYS,8/5/2019,Before Market
STRL,8/5/2019,After Market
DK,8/5/2019,Before Market
ADUS,8/5/2019,After Market
ATRO,8/5/2019,Before Market
CXW,8/5/2019,After Market
THC,8/5/2019,After Market
DKL,8/5/2019,Before Market
BCC,8/5/2019,Before Market
O,8/5/2019,After Market
OUT,8/5/2019,After Market
L,8/5/2019,Before Market
LIN,8/5/2019,Before Market
AEIS,8/5/2019,After Market
RAMP,8/5/2019,After Market
BSM,8/5/2019,After Market
HMN,8/5/2019,After Market
WEC,8/5/2019,Before Market
RBC,8/5/2019,After Market
WWD,8/5/2019,After Market
CZR,8/5/2019,After Market
CIB,8/5/2019,After Market
CSWC,8/5/2019,After Market
ON,8/4/2019,After Market
BRK/B,8/3/2019,Before Market
ESI,8/2/2019,Before Market
CBOE,8/2/2019,Before Market
VST,8/2/2019,Before Market
TM,8/2/2019,Before Market
CNK,8/2/2019,Before Market
BIP,8/2/2019,Before Market
QSR,8/2/2019,Before Market
AEE,8/2/2019,Before Market
POR,8/2/2019,Before Market
ITT,8/2/2019,Before Market
ESNT,8/2/2019,Before Market
XRAY,8/2/2019,Before Market
XOM,8/2/2019,Before Market
S,8/2/2019,Before Market
IESC,8/2/2019,Before Market
SKM,8/2/2019,Before Market
HMC,8/2/2019,Before Market
WMK,8/2/2019,After Market
ZYME,8/2/2019,After Market
TU,8/2/2019,Before Market
WPC,8/2/2019,Before Market
GVA,8/2/2019,Before Market
ENB,8/2/2019,Before Market
LYB,8/2/2019,Before Market
CVX,8/2/2019,Before Market
STX,8/2/2019,Before Market
SRE,8/2/2019,Before Market
HE,8/2/2019,Before Market
RACE,8/2/2019,Before Market
UUUU,8/2/2019,After Market
IMO,8/2/2019,Before Market
DNOW,8/2/2019,Before Market
FTS,8/2/2019,Before Market
SEE,8/2/2019,Before Market
LNT,8/1/2019,After Market
PMT,8/1/2019,After Market
MAC,8/1/2019,Before Market
ACA,8/1/2019,After Market
ICFI,8/1/2019,After Market
ITGR,8/1/2019,Before Market
PDFS,8/1/2019,After Market
SPGI,8/1/2019,Before Market
YETI,8/1/2019,Before Market
NVT,8/1/2019,Before Market
IRM,8/1/2019,Before Market
INSM,8/1/2019,Before Market
GSHD,8/1/2019,After Market
BMRN,8/1/2019,After Market
GIL,8/1/2019,Before Market
KLIC,8/1/2019,After Market
NFG,8/1/2019,After Market
MTZ,8/1/2019,After Market
IDA,8/1/2019,Before Market
PH,8/1/2019,Before Market
CNQ,8/1/2019,Before Market
BIO,8/1/2019,After Market
MTX,8/1/2019,After Market
AAON,8/1/2019,Before Market
NE,8/1/2019,After Market
ICE,8/1/2019,Before Market
PENN,8/1/2019,Before Market
MTD,8/1/2019,After Market
TNK,8/1/2019,Before Market
POST,8/1/2019,After Market
WLDN,8/1/2019,After Market
MT,8/1/2019,Before Market
REG,8/1/2019,After Market
MSI,8/1/2019,After Market
MD,8/1/2019,Before Market
ADM,8/1/2019,Before Market
GPOR,8/1/2019,After Market
CORT,8/1/2019,After Market
CTVA,8/1/2019,Before Market
MTSI,8/1/2019,After Market
XPO,8/1/2019,After Market
PINS,8/1/2019,After Market
BLD,8/1/2019,Before Market
ETSY,8/1/2019,After Market
EGO,8/1/2019,After Market
NTLA,8/1/2019,Before Market
PFSI,8/1/2019,After Market
NTCT,8/1/2019,Before Market
EXC,8/1/2019,Before Market
AGM,8/1/2019,Before Market
CBRE,8/1/2019,Before Market
CWST,8/1/2019,After Market
CENX,8/1/2019,After Market
BCPC,8/1/2019,Before Market
CROX,8/1/2019,Before Market
SNDR,8/1/2019,Before Market
BTI,8/1/2019,Before Market
GMED,8/1/2019,After Market
HRI,8/1/2019,Before Market
CRS,8/1/2019,Before Market
NMRK,8/1/2019,Before Market
KNSL,8/1/2019,After Market
DEA,8/1/2019,Before Market
MSCI,8/1/2019,Before Market
DFIN,8/1/2019,Before Market
OLED,8/1/2019,After Market
HTGC,8/1/2019,After Market
AGIO,8/1/2019,Before Market
CRC,8/1/2019,After Market
PBF,8/1/2019,Before Market
PBR,8/1/2019,Before Market
BR,8/1/2019,Before Market
SHOP,8/1/2019,Before Market
TRP,8/1/2019,Before Market
FLR,8/1/2019,After Market
BRKR,8/1/2019,After Market
PBA,8/1/2019,After Market
DVA,8/1/2019,After Market
ANET,8/1/2019,After Market
INGR,8/1/2019,Before Market
OTEX,8/1/2019,After Market
TRI,8/1/2019,Before Market
GDDY,8/1/2019,After Market
YUM,8/1/2019,Before Market
RGEN,8/1/2019,Before Market
CENT,8/1/2019,After Market
TDC,8/1/2019,After Market
NNN,8/1/2019,Before Market
CRAI,8/1/2019,Before Market
GSL,8/1/2019,Before Market
CI,8/1/2019,Before Market
BLDR,8/1/2019,After Market
WING,8/1/2019,Before Market
CC,8/1/2019,After Market
FTNT,8/1/2019,After Market
BL,8/1/2019,After Market
HASI,8/1/2019,After Market
RARE,8/1/2019,After Market
CDNA,8/1/2019,After Market
FND,8/1/2019,After Market
SM,8/1/2019,After Market
IDCC,8/1/2019,Before Market
OSK,8/1/2019,Before Market
ARGX,8/1/2019,Before Market
CWK,8/1/2019,After Market
WSC,8/1/2019,After Market
VZ,8/1/2019,Before Market
ED,8/1/2019,After Market
XEL,8/1/2019,Before Market
TWST,8/1/2019,After Market
QRVO,8/1/2019,After Market
HGV,8/1/2019,Before Market
FSLR,8/1/2019,After Market
NOG,8/1/2019,After Market
PWR,8/1/2019,Before Market
DD,8/1/2019,Before Market
ENSG,8/1/2019,After Market
TDS,8/1/2019,After Market
MPLX,8/1/2019,Before Market
KWR,8/1/2019,After Market
XYL,8/1/2019,Before Market
THS,8/1/2019,Before Market
IDXX,8/1/2019,Before Market
VKTX,8/1/2019,After Market
BCS,8/1/2019,Before Market
GM,8/1/2019,Before Market
WCC,8/1/2019,Before Market
BCE,8/1/2019,Before Market
BFAM,8/1/2019,After Market
BELFB,8/1/2019,Before Market
RIO,8/1/2019,Before Market
CNXN,8/1/2019,After Market
FTAI,8/1/2019,After Market
W,8/1/2019,Before Market
EOG,8/1/2019,After Market
ING,8/1/2019,Before Market
FRT,8/1/2019,After Market
CWT,8/1/2019,Before Market
GFF,8/1/2019,After Market
HIG,8/1/2019,After Market
TFX,8/1/2019,Before Market
HII,8/1/2019,Before Market
GNRC,8/1/2019,Before Market
WEX,8/1/2019,Before Market
TNDM,8/1/2019,After Market
SFM,8/1/2019,Before Market
VEON,8/1/2019,Before Market
MPC,8/1/2019,Before Market
DLB,8/1/2019,After Market
ARW,8/1/2019,Before Market
HLF,8/1/2019,After Market
CLX,8/1/2019,Before Market
ALEX,8/1/2019,After Market
SEM,8/1/2019,After Market
WMS,8/1/2019,Before Market
SPXC,8/1/2019,After Market
PBH,8/1/2019,Before Market
DMLP,8/1/2019,Before Market
NSA,8/1/2019,After Market
XHR,8/1/2019,Before Market
RDN,7/31/2019,After Market
MAA,7/31/2019,After Market
NEU,7/31/2019,After Market
CLH,7/31/2019,Before Market
CTSH,7/31/2019,After Market
WHD,7/31/2019,After Market
ETR,7/31/2019,Before Market
LNC,7/31/2019,After Market
ATR,7/31/2019,After Market
FORM,7/31/2019,After Market
TTMI,7/31/2019,After Market
GIB,7/31/2019,Before Market
VRTX,7/31/2019,After Market
CHEF,7/31/2019,After Market
IRT,7/31/2019,After Market
CAKE,7/31/2019,After Market
CHDN,7/31/2019,After Market
UCTT,7/31/2019,After Market
TKR,7/31/2019,Before Market
ASX,7/31/2019,Before Market
MCO,7/31/2019,Before Market
JHG,7/31/2019,Before Market
AWK,7/31/2019,After Market
EXTR,7/31/2019,Before Market
CRUS,7/31/2019,After Market
PPC,7/31/2019,After Market
CNMD,7/31/2019,After Market
NI,7/31/2019,Before Market
CME,7/31/2019,Before Market
TNC,7/31/2019,Before Market
TWLO,7/31/2019,After Market
VVV,7/31/2019,After Market
TSLX,7/31/2019,After Market
AVB,7/31/2019,After Market
RDWR,7/31/2019,Before Market
IRTC,7/31/2019,After Market
MET,7/31/2019,After Market
MPWR,7/31/2019,After Market
LIVN,7/31/2019,Before Market
AGI,7/31/2019,After Market
VICI,7/31/2019,After Market
MOD,7/31/2019,After Market
SKYW,7/31/2019,After Market
MTDR,7/31/2019,After Market
OR,7/31/2019,After Market
WELL,7/31/2019,After Market
UTHR,7/31/2019,Before Market
SLF,7/31/2019,After Market
TPL,7/31/2019,After Market
DAN,7/31/2019,Before Market
TPB,7/31/2019,Before Market
OLN,7/31/2019,After Market
SKT,7/31/2019,After Market
OI,7/31/2019,After Market
APLS,7/31/2019,After Market
HWKN,7/31/2019,After Market
AM,7/31/2019,After Market
AR,7/31/2019,After Market
EQIX,7/31/2019,After Market
SITE,7/31/2019,Before Market
HUM,7/31/2019,Before Market
TAP,7/31/2019,Before Market
TMHC,7/31/2019,Before Market
CRL,7/31/2019,Before Market
SMG,7/31/2019,Before Market
SPOT,7/31/2019,Before Market
TRMB,7/31/2019,After Market
FLS,7/31/2019,After Market
SNN,7/31/2019,Before Market
STNG,7/31/2019,Before Market
CMPR,7/31/2019,After Market
PRU,7/31/2019,After Market
TBPH,7/31/2019,Before Market
QCOM,7/31/2019,After Market
HCC,7/31/2019,After Market
WMB,7/31/2019,After Market
MEOH,7/31/2019,After Market
FICO,7/31/2019,After Market
UE,7/31/2019,After Market
TRNO,7/31/2019,After Market
SAFT,7/31/2019,After Market
JOE,7/31/2019,After Market
CW,7/31/2019,After Market
TS,7/31/2019,After Market
ALG,7/31/2019,After Market
FOR,7/31/2019,Before Market
EXEL,7/31/2019,After Market
GLDD,7/31/2019,Before Market
CF,7/31/2019,After Market
CG,7/31/2019,Before Market
CBZ,7/31/2019,Before Market
LHX,7/31/2019,Before Market
GRMN,7/31/2019,Before Market
CBL,7/31/2019,After Market
TTEK,7/31/2019,After Market
NMM,7/31/2019,Before Market
SO,7/31/2019,Before Market
SPG,7/31/2019,Before Market
NLY,7/31/2019,After Market
BG,7/31/2019,Before Market
MUFG,7/31/2019,Before Market
SIGI,7/31/2019,After Market
FIVN,7/31/2019,After Market
VALE,7/31/2019,Before Market
ES,7/31/2019,After Market
HESM,7/31/2019,Before Market
KTOS,7/31/2019,After Market
MCK,7/31/2019,After Market
STRA,7/31/2019,Before Market
MASI,7/31/2019,After Market
EZPW,7/31/2019,After Market
CDW,7/31/2019,Before Market
ROG,7/31/2019,After Market
DX,7/31/2019,Before Market
AMT,7/31/2019,Before Market
WDC,7/31/2019,After Market
STAA,7/31/2019,After Market
SAIA,7/31/2019,Before Market
QLYS,7/31/2019,After Market
USLM,7/31/2019,After Market
NMIH,7/31/2019,After Market
DXCM,7/31/2019,After Market
EPD,7/31/2019,Before Market
WTS,7/31/2019,After Market
ALSN,7/31/2019,After Market
FSS,7/31/2019,Before Market
SBH,7/31/2019,Before Market
APO,7/31/2019,Before Market
BTU,7/31/2019,Before Market
THG,7/31/2019,After Market
MYRG,7/31/2019,After Market
MUSA,7/31/2019,After Market
TYL,7/31/2019,After Market
ACAD,7/31/2019,After Market
BBU,7/31/2019,Before Market
GE,7/31/2019,Before Market
SKY,7/31/2019,After Market
APA,7/31/2019,After Market
APTV,7/31/2019,Before Market
H,7/31/2019,After Market
EVTC,7/31/2019,After Market
D,7/31/2019,Before Market
BEP,7/31/2019,Before Market
BOOT,7/31/2019,After Market
VAC,7/31/2019,After Market
HI,7/31/2019,After Market
BBVA,7/31/2019,Before Market
VAL,7/31/2019,After Market
OXY,7/31/2019,After Market
CIM,7/31/2019,Before Market
ADP,7/31/2019,Before Market
KGC,7/31/2019,After Market
LRCX,7/31/2019,After Market
HOLX,7/31/2019,After Market
CHT,7/31/2019,Before Market
LFUS,7/31/2019,Before Market
EPR,7/31/2019,After Market
JCI,7/31/2019,Before Market
CHD,7/31/2019,Before Market
BDC,7/31/2019,Before Market
TAK,7/31/2019,Before Market
NEO,7/30/2019,Before Market
ETN,7/30/2019,Before Market
AGCO,7/30/2019,Before Market
SIMO,7/30/2019,After Market
ATEN,7/30/2019,After Market
VRSK,7/30/2019,After Market
ASH,7/30/2019,After Market
BYD,7/30/2019,After Market
FCNCA,7/30/2019,After Market
MRK,7/30/2019,Before Market
REXR,7/30/2019,After Market
LDOS,7/30/2019,Before Market
BXP,7/30/2019,After Market
LLY,7/30/2019,Before Market
SMFG,7/30/2019,Before Market
CNO,7/30/2019,After Market
PG,7/30/2019,Before Market
AAPL,7/30/2019,After Market
MGRC,7/30/2019,After Market
CRVL,7/30/2019,Before Market
GLW,7/30/2019,Before Market
OKE,7/30/2019,After Market
AER,7/30/2019,Before Market
MO,7/30/2019,Before Market
INCY,7/30/2019,Before Market
CMI,7/30/2019,Before Market
ECL,7/30/2019,Before Market
ZBRA,7/30/2019,Before Market
EA,7/30/2019,After Market
MA,7/30/2019,Before Market
MC,7/30/2019,After Market
INVH,7/30/2019,After Market
SIRI,7/30/2019,Before Market
LGND,7/30/2019,Before Market
MKSI,7/30/2019,After Market
EXR,7/30/2019,After Market
IMAX,7/30/2019,After Market
AX,7/30/2019,After Market
AXS,7/30/2019,After Market
COP,7/30/2019,Before Market
MDU,7/30/2019,After Market
CNX,7/30/2019,Before Market
MUX,7/30/2019,After Market
MSTR,7/30/2019,After Market
FMS,7/30/2019,Before Market
SF,7/30/2019,Before Market
FMC,7/30/2019,After Market
CINF,7/30/2019,After Market
ARCB,7/30/2019,After Market
ARCC,7/30/2019,Before Market
SHOO,7/30/2019,Before Market
AIN,7/30/2019,After Market
TRS,7/30/2019,Before Market
UDR,7/30/2019,After Market
PAG,7/30/2019,Before Market
GPN,7/30/2019,Before Market
PSA,7/30/2019,After Market
HCA,7/30/2019,Before Market
ALL,7/30/2019,After Market
ARES,7/30/2019,After Market
PEG,7/30/2019,Before Market
MDLZ,7/30/2019,After Market
CASH,7/30/2019,After Market
SR,7/30/2019,Before Market
ENPH,7/30/2019,After Market
KAI,7/30/2019,After Market
FIBK,7/30/2019,After Market
TX,7/30/2019,After Market
BP,7/30/2019,Before Market
MRCY,7/30/2019,After Market
MMYT,7/30/2019,Before Market
ST,7/30/2019,Before Market
CACC,7/30/2019,After Market
DHI,7/30/2019,Before Market
WAT,7/30/2019,Before Market
MLM,7/30/2019,Before Market
EME,7/30/2019,Before Market
UMBF,7/30/2019,After Market
TENB,7/30/2019,After Market
WAB,7/30/2019,Before Market
CVLT,7/30/2019,Before Market
KBR,7/30/2019,After Market
MKL,7/30/2019,After Market
COHR,7/30/2019,After Market
TFSL,7/30/2019,After Market
GILD,7/30/2019,After Market
CCS,7/30/2019,After Market
STAG,7/30/2019,After Market
AMD,7/30/2019,After Market
GTX,7/30/2019,Before Market
AME,7/30/2019,Before Market
HURN,7/30/2019,After Market
PAYC,7/30/2019,After Market
YUMC,7/30/2019,After Market
IRMD,7/30/2019,Before Market
DORM,7/30/2019,Before Market
VNOM,7/30/2019,After Market
LBRT,7/30/2019,After Market
FCPT,7/30/2019,After Market
ATRC,7/30/2019,After Market
APAM,7/30/2019,After Market
AOS,7/30/2019,Before Market
HUBG,7/30/2019,After Market
HUBB,7/30/2019,Before Market
R,7/30/2019,Before Market
EXP,7/30/2019,After Market
LSCC,7/30/2019,After Market
MBIN,7/30/2019,After Market
AMGN,7/30/2019,After Market
GEO,7/30/2019,Before Market
VSH,7/30/2019,Before Market
WES,7/30/2019,After Market
EXLS,7/30/2019,Before Market
AAT,7/30/2019,After Market
IR,7/30/2019,Before Market
CHRW,7/30/2019,After Market
IT,7/30/2019,Before Market
UNM,7/30/2019,After Market
BLKB,7/30/2019,After Market
EQR,7/30/2019,After Market
FDP,7/30/2019,Before Market
BEN,7/30/2019,Before Market
AKAM,7/30/2019,After Market
VSEC,7/30/2019,After Market
IPGP,7/30/2019,Before Market
CIGI,7/30/2019,Before Market
VCYT,7/30/2019,After Market
PJT,7/30/2019,Before Market
RL,7/30/2019,Before Market
HR,7/30/2019,After Market
MOH,7/30/2019,After Market
DLR,7/30/2019,After Market
TRUP,7/30/2019,After Market
TREX,7/29/2019,After Market
SANM,7/29/2019,After Market
SBAC,7/29/2019,After Market
GABC,7/29/2019,After Market
RYTM,7/29/2019,After Market
AMKR,7/29/2019,After Market
AROC,7/29/2019,After Market
BAH,7/29/2019,Before Market
CVCO,7/29/2019,After Market
AWI,7/29/2019,Before Market
RGA,7/29/2019,After Market
QURE,7/29/2019,Before Market
ACGL,7/29/2019,After Market
EXAS,7/29/2019,Before Market
RYAAY,7/29/2019,Before Market
ILMN,7/29/2019,After Market
PI,7/29/2019,After Market
OMF,7/29/2019,After Market
TXRH,7/29/2019,After Market
MCY,7/29/2019,Before Market
SNY,7/29/2019,Before Market
AMAL,7/29/2019,Before Market
NBIX,7/29/2019,After Market
EHC,7/29/2019,After Market
RDY,7/29/2019,Before Market
CRSP,7/29/2019,After Market
LEG,7/29/2019,After Market
APPF,7/29/2019,After Market
PCH,7/29/2019,After Market
NXPI,7/29/2019,After Market
BRX,7/29/2019,After Market
NPO,7/29/2019,After Market
SSNC,7/29/2019,After Market
NOV,7/29/2019,After Market
SSB,7/29/2019,After Market
TEX,7/29/2019,After Market
SSD,7/29/2019,After Market
VNO,7/29/2019,After Market
JJSF,7/29/2019,After Market
PFE,7/29/2019,Before Market
AMH,7/29/2019,After Market
RNG,7/29/2019,After Market
AMG,7/29/2019,Before Market
TSEM,7/29/2019,Before Market
WCN,7/29/2019,After Market
VRNS,7/29/2019,After Market
SCI,7/29/2019,After Market
MEDP,7/29/2019,After Market
RMBS,7/29/2019,After Market
OGS,7/29/2019,After Market
NTR,7/29/2019,After Market
CGNX,7/29/2019,After Market
NSP,7/29/2019,Before Market
WVE,7/29/2019,After Market
ARE,7/29/2019,After Market
IBN,7/27/2019,Before Market
ZBH,7/26/2019,Before Market
VTR,7/26/2019,Before Market
ABG,7/26/2019,Before Market
MCD,7/26/2019,Before Market
ITW,7/26/2019,Before Market
ABBV,7/26/2019,Before Market
ABCB,7/26/2019,Before Market
MOG/A,7/26/2019,Before Market
ROCK,7/26/2019,Before Market
GRC,7/26/2019,Before Market
PSX,7/26/2019,Before Market
CL,7/26/2019,Before Market
CCB,7/26/2019,Before Market
SAFE,7/26/2019,Before Market
LEA,7/26/2019,Before Market
PFS,7/26/2019,Before Market
BSAC,7/26/2019,Before Market
WY,7/26/2019,Before Market
E,7/26/2019,Before Market
AON,7/26/2019,Before Market
B,7/26/2019,Before Market
ARLP,7/26/2019,Before Market
PSO,7/26/2019,Before Market
CHTR,7/26/2019,Before Market
LPLA,7/25/2019,After Market
NEM,7/25/2019,Before Market
UL,7/25/2019,Before Market
LH,7/25/2019,Before Market
MTRN,7/25/2019,Before Market
VRSN,7/25/2019,After Market
DOW,7/25/2019,Before Market
TECK,7/25/2019,Before Market
TNET,7/25/2019,After Market
SYK,7/25/2019,After Market
SBCF,7/25/2019,After Market
RCL,7/25/2019,Before Market
KIM,7/25/2019,Before Market
OMCL,7/25/2019,After Market
ERIE,7/25/2019,After Market
GOOGL,7/25/2019,After Market
INTC,7/25/2019,After Market
THRM,7/25/2019,Before Market
EXPE,7/25/2019,After Market
TMUS,7/25/2019,After Market
CMS,7/25/2019,Before Market
AEP,7/25/2019,Before Market
KKR,7/25/2019,Before Market
UBSI,7/25/2019,Before Market
FHB,7/25/2019,After Market
SBUX,7/25/2019,After Market
CNOB,7/25/2019,Before Market
MAS,7/25/2019,Before Market
MAT,7/25/2019,After Market
GLPG,7/25/2019,After Market
HSY,7/25/2019,Before Market
VICR,7/25/2019,After Market
CPT,7/25/2019,After Market
ALKS,7/25/2019,Before Market
IEX,7/25/2019,After Market
MORN,7/25/2019,After Market
TPH,7/25/2019,Before Market
HBAN,7/25/2019,Before Market
IVZ,7/25/2019,Before Market
CMCSA,7/25/2019,Before Market
POWI,7/25/2019,After Market
DBD,7/25/2019,Before Market
AFL,7/25/2019,After Market
FIX,7/25/2019,After Market
NVCR,7/25/2019,Before Market
ALLE,7/25/2019,Before Market
AJG,7/25/2019,After Market
RMD,7/25/2019,After Market
GOOG,7/25/2019,After Market
EIX,7/25/2019,After Market
FMX,7/25/2019,After Market
BMY,7/25/2019,Before Market
AB,7/25/2019,Before Market
ODFL,7/25/2019,Before Market
CRI,7/25/2019,Before Market
RS,7/25/2019,Before Market
MGM,7/25/2019,After Market
MXL,7/25/2019,After Market
HLI,7/25/2019,After Market
DCOM,7/25/2019,After Market
KOF,7/25/2019,Before Market
HTH,7/25/2019,After Market
LAZ,7/25/2019,Before Market
AZN,7/25/2019,Before Market
TCBK,7/25/2019,Before Market
GPI,7/25/2019,Before Market
FLEX,7/25/2019,After Market
PEB,7/25/2019,After Market
VLO,7/25/2019,Before Market
ALK,7/25/2019,After Market
ORI,7/25/2019,Before Market
UHS,7/25/2019,After Market
CCJ,7/25/2019,Before Market
CX,7/25/2019,Before Market
DEO,7/25/2019,Before Market
FISV,7/25/2019,After Market
CTS,7/25/2019,Before Market
PATK,7/25/2019,Before Market
FOR,7/25/2019,After Market
OCFC,7/25/2019,After Market
BY,7/25/2019,After Market
MHK,7/25/2019,After Market
LUV,7/25/2019,Before Market
TILE,7/25/2019,After Market
BC,7/25/2019,Before Market
TBBK,7/25/2019,After Market
WM,7/25/2019,Before Market
WH,7/25/2019,Before Market
ROP,7/25/2019,Before Market
SPSC,7/25/2019,After Market
STC,7/25/2019,Before Market
LYV,7/25/2019,After Market
BANC,7/25/2019,Before Market
EMN,7/25/2019,After Market
VC,7/25/2019,Before Market
ROK,7/25/2019,Before Market
CVE,7/25/2019,Before Market
SAM,7/25/2019,After Market
PFG,7/25/2019,After Market
ENTG,7/25/2019,Before Market
SAH,7/25/2019,Before Market
VMC,7/25/2019,Before Market
WERN,7/25/2019,After Market
EQNR,7/25/2019,Before Market
TSCO,7/25/2019,Before Market
TEAM,7/25/2019,After Market
RRC,7/25/2019,After Market
AGYS,7/25/2019,After Market
BUD,7/25/2019,Before Market
DECK,7/25/2019,After Market
TOWN,7/25/2019,Before Market
KEX,7/25/2019,Before Market
MMSI,7/25/2019,After Market
ENVA,7/25/2019,After Market
COLM,7/25/2019,After Market
CFR,7/25/2019,Before Market
RELX,7/25/2019,Before Market
MMM,7/25/2019,Before Market
BAX,7/25/2019,Before Market
APD,7/25/2019,Before Market
STM,7/25/2019,Before Market
FAF,7/25/2019,Before Market
COLB,7/25/2019,Before Market
CUBE,7/25/2019,After Market
WST,7/25/2019,Before Market
LKFN,7/25/2019,Before Market
AAL,7/25/2019,Before Market
ASB,7/25/2019,After Market
AMZN,7/25/2019,After Market
AXTA,7/25/2019,Before Market
EQT,7/25/2019,Before Market
IP,7/25/2019,Before Market
BWA,7/25/2019,Before Market
PRLB,7/25/2019,Before Market
DLX,7/25/2019,Before Market
LKQ,7/25/2019,Before Market
BVN,7/25/2019,After Market
RSG,7/25/2019,After Market
FRME,7/25/2019,Before Market
LNTH,7/25/2019,Before Market
CHE,7/25/2019,After Market
FTV,7/25/2019,After Market
FCN,7/25/2019,Before Market
ATEC,7/24/2019,After Market
MSA,7/24/2019,After Market
BHE,7/24/2019,After Market
KALU,7/24/2019,After Market
UPS,7/24/2019,Before Market
NGVT,7/24/2019,After Market
OII,7/24/2019,After Market
NEE,7/24/2019,Before Market
HNI,7/24/2019,After Market
MCRI,7/24/2019,After Market
UFPI,7/24/2019,After Market
ESS,7/24/2019,After Market
KN,7/24/2019,After Market
ALGN,7/24/2019,After Market
ALGT,7/24/2019,After Market
LMAT,7/24/2019,After Market
TSLA,7/24/2019,After Market
EVR,7/24/2019,Before Market
BOKF,7/24/2019,Before Market
SIFY,7/24/2019,Before Market
BPOP,7/24/2019,Before Market
AEM,7/24/2019,After Market
UAN,7/24/2019,After Market
WIX,7/24/2019,Before Market
MTH,7/24/2019,After Market
CLS,7/24/2019,After Market
FCFS,7/24/2019,Before Market
TMO,7/24/2019,Before Market
LOB,7/24/2019,After Market
KNX,7/24/2019,Before Market
EGP,7/24/2019,After Market
BKU,7/24/2019,Before Market
PB,7/24/2019,Before Market
LAD,7/24/2019,Before Market
EFX,7/24/2019,After Market
DTE,7/24/2019,Before Market
INVA,7/24/2019,After Market
ICLR,7/24/2019,After Market
CSTM,7/24/2019,Before Market
COR,7/24/2019,After Market
SLM,7/24/2019,After Market
OC,7/24/2019,Before Market
MKTX,7/24/2019,Before Market
ORLY,7/24/2019,After Market
RUSHA,7/24/2019,After Market
VIV,7/24/2019,Before Market
EIG,7/24/2019,After Market
ASGN,7/24/2019,After Market
TRN,7/24/2019,After Market
CHKP,7/24/2019,Before Market
PTC,7/24/2019,After Market
RJF,7/24/2019,After Market
TR,7/24/2019,Before Market
GSK,7/24/2019,Before Market
NDAQ,7/24/2019,Before Market
KRC,7/24/2019,After Market
CVBF,7/24/2019,After Market
SLAB,7/24/2019,Before Market
TROW,7/24/2019,Before Market
LVS,7/24/2019,After Market
SYBT,7/24/2019,Before Market
CAT,7/24/2019,Before Market
PYPL,7/24/2019,After Market
MHO,7/24/2019,Before Market
BA,7/24/2019,Before Market
SU,7/24/2019,After Market
OSBC,7/24/2019,After Market
VFC,7/24/2019,Before Market
NTRS,7/24/2019,Before Market
CVI,7/24/2019,After Market
NOW,7/24/2019,After Market
ROL,7/24/2019,Before Market
CMRE,7/24/2019,After Market
AMP,7/24/2019,After Market
SEIC,7/24/2019,After Market
FFIV,7/24/2019,After Market
CUZ,7/24/2019,After Market
DB,7/24/2019,Before Market
TDY,7/24/2019,Before Market
TEL,7/24/2019,Before Market
GTY,7/24/2019,After Market
NOC,7/24/2019,Before Market
BANR,7/24/2019,After Market
FTI,7/24/2019,After Market
BCO,7/24/2019,Before Market
APH,7/24/2019,Before Market
FSV,7/24/2019,Before Market
GWW,7/24/2019,Before Market
SUI,7/24/2019,After Market
CUBI,7/24/2019,After Market
BSX,7/24/2019,Before Market
QGEN,7/24/2019,After Market
FBNC,7/24/2019,After Market
GD,7/24/2019,Before Market
SCL,7/24/2019,Before Market
T,7/24/2019,Before Market
LSTR,7/24/2019,After Market
F,7/24/2019,After Market
FR,7/24/2019,After Market
IQV,7/24/2019,Before Market
HP,7/24/2019,After Market
HLT,7/24/2019,Before Market
ARR,7/24/2019,After Market
PKG,7/24/2019,After Market
FCX,7/24/2019,Before Market
SLGN,7/24/2019,Before Market
CLBK,7/24/2019,Before Market
OMAB,7/24/2019,After Market
AXTI,7/24/2019,After Market
GGG,7/24/2019,After Market
NSC,7/24/2019,Before Market
SHW,7/23/2019,Before Market
EDU,7/23/2019,Before Market
HOG,7/23/2019,Before Market
FELE,7/23/2019,Before Market
NWE,7/23/2019,After Market
KO,7/23/2019,Before Market
LMT,7/23/2019,Before Market
EEFT,7/23/2019,After Market
ATI,7/23/2019,Before Market
RCI,7/23/2019,Before Market
CNI,7/23/2019,After Market
CNC,7/23/2019,Before Market
BXMT,7/23/2019,After Market
LECO,7/23/2019,Before Market
ASTE,7/23/2019,Before Market
HCSG,7/23/2019,After Market
AVY,7/23/2019,Before Market
MTG,7/23/2019,Before Market
CMG,7/23/2019,After Market
BUSE,7/23/2019,After Market
PNR,7/23/2019,Before Market
CALX,7/23/2019,After Market
HAS,7/23/2019,Before Market
RHI,7/23/2019,After Market
MANH,7/23/2019,After Market
NBHC,7/23/2019,After Market
IRDM,7/23/2019,Before Market
KMB,7/23/2019,Before Market
UBS,7/23/2019,Before Market
WSBC,7/23/2019,After Market
NAVI,7/23/2019,After Market
TRMK,7/23/2019,After Market
BIIB,7/23/2019,Before Market
TRU,7/23/2019,Before Market
TRV,7/23/2019,Before Market
GPK,7/23/2019,Before Market
FITB,7/23/2019,Before Market
DGX,7/23/2019,Before Market
PEBO,7/23/2019,Before Market
CB,7/23/2019,After Market
QCRH,7/23/2019,After Market
CSGP,7/23/2019,After Market
FNB,7/23/2019,Before Market
CSL,7/23/2019,After Market
EW,7/23/2019,After Market
MLI,7/23/2019,Before Market
TER,7/23/2019,After Market
SAN,7/23/2019,Before Market
WRB,7/23/2019,After Market
RNR,7/23/2019,After Market
VMI,7/23/2019,After Market
FBP,7/23/2019,Before Market
PII,7/23/2019,Before Market
SFNC,7/23/2019,Before Market
KEY,7/23/2019,Before Market
HIW,7/23/2019,After Market
PHM,7/23/2019,Before Market
TXN,7/23/2019,After Market
V,7/23/2019,After Market
FE,7/23/2019,After Market
PKX,7/23/2019,Before Market
SCCO,7/23/2019,After Market
NTB,7/23/2019,After Market
PCAR,7/23/2019,Before Market
SWK,7/23/2019,Before Market
FCF,7/23/2019,After Market
LW,7/23/2019,Before Market
NWBI,7/22/2019,Before Market
NBTB,7/22/2019,After Market
CHCO,7/22/2019,Before Market
CALM,7/22/2019,Before Market
ASR,7/22/2019,After Market
WHR,7/22/2019,After Market
ADC,7/22/2019,After Market
ONB,7/22/2019,Before Market
PRK,7/22/2019,After Market
HAL,7/22/2019,Before Market
STLD,7/22/2019,After Market
AN,7/22/2019,After Market
ZION,7/22/2019,After Market
LOGI,7/22/2019,After Market
CR,7/22/2019,After Market
HXL,7/22/2019,After Market
CBU,7/22/2019,Before Market
CE,7/22/2019,After Market
CDNS,7/22/2019,After Market
RPM,7/22/2019,Before Market
AKR,7/22/2019,After Market
RNST,7/22/2019,After Market
BOH,7/22/2019,Before Market
EFSC,7/22/2019,After Market
WSFS,7/22/2019,After Market
BRO,7/22/2019,After Market
CADE,7/22/2019,Before Market
ELS,7/22/2019,After Market
FBK,7/22/2019,After Market
PHG,7/22/2019,Before Market
LII,7/22/2019,Before Market
OFG,7/22/2019,Before Market
HDB,7/20/2019,Before Market
MAN,7/19/2019,Before Market
CLF,7/19/2019,Before Market
SYF,7/19/2019,Before Market
SXT,7/19/2019,Before Market
TMP,7/19/2019,Before Market
BLK,7/19/2019,Before Market
AXP,7/19/2019,Before Market
SLB,7/19/2019,Before Market
RBCAA,7/19/2019,Before Market
RF,7/19/2019,Before Market
BLX,7/19/2019,Before Market
ALV,7/19/2019,Before Market
CFG,7/19/2019,Before Market
STT,7/19/2019,Before Market
GNTX,7/19/2019,Before Market
HON,7/18/2019,Before Market
AUB,7/18/2019,Before Market
DOV,7/18/2019,Before Market
NVS,7/18/2019,Before Market
OZK,7/18/2019,After Market
NUE,7/18/2019,Before Market
GATX,7/18/2019,Before Market
KB,7/18/2019,Before Market
GTLS,7/18/2019,Before Market
PPG,7/18/2019,Before Market
EXPO,7/18/2019,After Market
FFBC,7/18/2019,After Market
INDB,7/18/2019,After Market
MS,7/18/2019,Before Market
MTB,7/18/2019,Before Market
CRWD,7/18/2019,After Market
TIGO,7/18/2019,After Market
SRCE,7/18/2019,After Market
PM,7/18/2019,Before Market
COF,7/18/2019,After Market
SON,7/18/2019,Before Market
TSM,7/18/2019,Before Market
ALLY,7/18/2019,Before Market
MSFT,7/18/2019,After Market
BMI,7/18/2019,Before Market
GPC,7/18/2019,Before Market
SNA,7/18/2019,Before Market
BX,7/18/2019,Before Market
EWBC,7/18/2019,Before Market
WAL,7/18/2019,After Market
BANF,7/18/2019,After Market
CHWY,7/18/2019,After Market
SAP,7/18/2019,Before Market
FFIN,7/18/2019,After Market
MRTN,7/18/2019,After Market
DHR,7/18/2019,Before Market
WABC,7/18/2019,Before Market
STBA,7/18/2019,Before Market
GBCI,7/18/2019,After Market
BBT,7/18/2019,Before Market
ISRG,7/18/2019,After Market
WBS,7/18/2019,Before Market
WSO,7/18/2019,Before Market
HOMB,7/18/2019,Before Market
UNP,7/18/2019,Before Market
POOL,7/18/2019,Before Market
UNH,7/18/2019,Before Market
PNC,7/17/2019,Before Market
ABT,7/17/2019,Before Market
CTBI,7/17/2019,Before Market
USB,7/17/2019,Before Market
URI,7/17/2019,After Market
CMA,7/17/2019,Before Market
PLXS,7/17/2019,After Market
IBM,7/17/2019,After Market
PFBC,7/17/2019,After Market
SLG,7/17/2019,After Market
OMC,7/17/2019,Before Market
CNS,7/17/2019,After Market
KMI,7/17/2019,After Market
TCBI,7/17/2019,After Market
AA,7/17/2019,After Market
CCI,7/17/2019,After Market
EBAY,7/17/2019,After Market
CCK,7/17/2019,After Market
RLI,7/17/2019,After Market
BK,7/17/2019,Before Market
BAC,7/17/2019,Before Market
CATY,7/17/2019,After Market
NFLX,7/17/2019,After Market
ASML,7/17/2019,Before Market
PGR,7/17/2019,Before Market
TXT,7/17/2019,Before Market
UAL,7/16/2019,After Market
FHN,7/16/2019,Before Market
DPZ,7/16/2019,Before Market
SCHW,7/16/2019,Before Market
FULT,7/16/2019,After Market
CBSH,7/16/2019,Before Market
CP,7/16/2019,Before Market
IBKR,7/16/2019,After Market
JNJ,7/16/2019,Before Market
HWC,7/16/2019,After Market
CSX,7/16/2019,After Market
FNF,7/16/2019,After Market
PNFP,7/16/2019,After Market
AMX,7/16/2019,After Market
JPM,7/16/2019,Before Market
GS,7/16/2019,Before Market
WFC,7/16/2019,Before Market
WAFD,7/16/2019,After Market
CTAS,7/16/2019,After Market
PLD,7/15/2019,After Market
SFBS,7/15/2019,After Market
WTFC,7/15/2019,After Market
C,7/15/2019,Before Market
JBHT,7/15/2019,After Market
INFY,7/12/2019,Before Market
DAL,7/11/2019,Before Market
FAST,7/11/2019,Before Market
MSM,7/10/2019,Before Market
AIR,7/10/2019,After Market
PSMT,7/10/2019,After Market
LNN,7/9/2019,Before Market
LEVI,7/9/2019,After Market
WDFC,7/9/2019,After Market
PEP,7/9/2019,Before Market
AZZ,7/8/2019,Before Market
JEF,7/3/2019,Before Market
SMPL,7/2/2019,Before Market
AYI,7/2/2019,Before Market
GBX,7/2/2019,Before Market
STZ,6/28/2019,Before Market
JKS,6/28/2019,Before Market
ACN,6/27/2019,Before Market
NKE,6/27/2019,After Market
CAG,6/27/2019,Before Market
MKC,6/27/2019,Before Market
PRGS,6/27/2019,After Market
WOR,6/26/2019,After Market
PAYX,6/26/2019,Before Market
KBH,6/26/2019,After Market
GIS,6/26/2019,Before Market
FIZZ,6/26/2019,After Market
FUL,6/26/2019,After Market
UNF,6/26/2019,Before Market
AVAV,6/25/2019,After Market
MU,6/25/2019,After Market
SNX,6/25/2019,After Market
LEN,6/25/2019,Before Market
FDX,6/25/2019,After Market
FDS,6/25/2019,Before Market
KMX,6/21/2019,Before Market
DRI,6/20/2019,Before Market
KTB,6/20/2019,After Market
CMC,6/20/2019,Before Market
CCL,6/20/2019,Before Market
KR,6/20/2019,Before Market
KFY,6/20/2019,After Market
CUK,6/20/2019,Before Market
WGO,6/19/2019,Before Market
ORCL,6/19/2019,After Market
LZB,6/18/2019,After Market
ADBE,6/18/2019,After Market
JBL,6/18/2019,After Market
PSN,6/18/2019,Before Market
AVGO,6/13/2019,After Market
LULU,6/12/2019,After Market
SMMT,6/12/2019,Before Market
RH,6/12/2019,After Market
HRB,6/11/2019,Before Market
AXON,6/11/2019,After Market
TMDX,6/11/2019,After Market
CASY,6/10/2019,After Market
UEC,6/10/2019,After Market
AGX,6/10/2019,After Market
THO,6/10/2019,Before Market
SJM,6/6/2019,Before Market
SAIC,6/6/2019,Before Market
MTN,6/6/2019,After Market
OLLI,6/6/2019,After Market
DOCU,6/6/2019,After Market
ZM,6/6/2019,After Market
SIG,6/6/2019,Before Market
THR,6/6/2019,After Market
CIEN,6/6/2019,Before Market
GIII,6/5/2019,Before Market
ABM,6/5/2019,After Market
FIVE,6/5/2019,After Market
IDT,6/5/2019,After Market
AMSC,6/5/2019,After Market
CPB,6/5/2019,Before Market
ESTC,6/5/2019,After Market
BF/B,6/5/2019,Before Market
BF/A,6/5/2019,Before Market
MDB,6/5/2019,After Market
UNFI,6/5/2019,After Market
AEO,6/5/2019,Before Market
GEF,6/5/2019,After Market
REVG,6/5/2019,After Market
AMBA,6/4/2019,After Market
DCI,6/4/2019,Before Market
HQY,6/4/2019,After Market
GME,6/4/2019,After Market
GWRE,6/4/2019,After Market
CRM,6/4/2019,After Market
BOX,6/3/2019,After Market
CSWC,6/3/2019,After Market
DG,5/30/2019,Before Market
DLTR,5/30/2019,Before Market
WSM,5/30/2019,After Market
CSIQ,5/30/2019,Before Market
MRVL,5/30/2019,After Market
ASND,5/30/2019,After Market
COST,5/30/2019,After Market
DELL,5/30/2019,After Market
COO,5/30/2019,After Market
KEN,5/30/2019,Before Market
NTNX,5/30/2019,After Market
ULTA,5/30/2019,After Market
CRVL,5/30/2019,Before Market
BURL,5/30/2019,Before Market
REX,5/30/2019,Before Market
UBER,5/30/2019,After Market
OKTA,5/30/2019,After Market
ZS,5/30/2019,After Market
PVH,5/29/2019,After Market
PANW,5/29/2019,After Market
ANF,5/29/2019,Before Market
DKS,5/29/2019,Before Market
GOOS,5/29/2019,Before Market
BMO,5/29/2019,Before Market
DAKT,5/29/2019,Before Market
ENS,5/29/2019,After Market
HLNE,5/29/2019,Before Market
UHAL,5/29/2019,After Market
DSGX,5/29/2019,After Market
VEEV,5/29/2019,After Market
CPRI,5/29/2019,Before Market
KEYS,5/29/2019,After Market
SMTC,5/29/2019,After Market
RAMP,5/28/2019,After Market
BNS,5/28/2019,Before Market
WDAY,5/28/2019,After Market
ESLT,5/28/2019,Before Market
BAH,5/28/2019,Before Market
HEI,5/28/2019,After Market
HEI/A,5/28/2019,After Market
BKE,5/24/2019,Before Market
SQM,5/23/2019,Before Market
LPG,5/23/2019,Before Market
BJ,5/23/2019,Before Market
ADSK,5/23/2019,After Market
INTU,5/23/2019,After Market
MDT,5/23/2019,Before Market
HPQ,5/23/2019,After Market
DECK,5/23/2019,After Market
HPE,5/23/2019,After Market
WMS,5/23/2019,Before Market
HRL,5/23/2019,Before Market
BBY,5/23/2019,Before Market
RY,5/23/2019,Before Market
DXC,5/23/2019,After Market
TD,5/23/2019,Before Market
TTC,5/23/2019,Before Market
CVCO,5/23/2019,After Market
VSAT,5/23/2019,After Market
BRC,5/23/2019,Before Market
TNK,5/23/2019,Before Market
ROST,5/23/2019,After Market
HWKN,5/23/2019,Before Market
SDRL,5/23/2019,Before Market
SNPS,5/22/2019,After Market
SBLK,5/22/2019,After Market
VFC,5/22/2019,Before Market
ADI,5/22/2019,Before Market
UVV,5/22/2019,After Market
TGT,5/22/2019,Before Market
AAP,5/22/2019,Before Market
CM,5/22/2019,Before Market
LB,5/22/2019,After Market
VIPS,5/22/2019,After Market
NTAP,5/22/2019,After Market
OPRA,5/22/2019,Before Market
LOW,5/22/2019,Before Market
MOD,5/22/2019,After Market
PLAB,5/22/2019,Before Market
PLUS,5/22/2019,After Market
CPRT,5/22/2019,After Market
HTHT,5/22/2019,After Market
CAAP,5/21/2019,Before Market
KSS,5/21/2019,Before Market
SKY,5/21/2019,After Market
TOL,5/21/2019,After Market
DY,5/21/2019,Before Market
DQ,5/21/2019,Before Market
HD,5/21/2019,Before Market
TJX,5/21/2019,Before Market
AZO,5/21/2019,Before Market
MAGS,5/21/2019,Before Market
GLNG,5/21/2019,Before Market
PSTG,5/21/2019,After Market
SE,5/21/2019,After Market
URBN,5/21/2019,After Market
PDD,5/20/2019,Before Market
JHX,5/20/2019,After Market
NDSN,5/20/2019,After Market
RYAAY,5/20/2019,Before Market
QFIN,5/20/2019,After Market
AZZ,5/17/2019,After Market
CAE,5/17/2019,Before Market
DE,5/17/2019,Before Market
RDY,5/17/2019,Before Market
MGIC,5/16/2019,Before Market
EXP,5/16/2019,Before Market
FRO,5/16/2019,Before Market
NGG,5/16/2019,Before Market
AGYS,5/16/2019,After Market
BOOT,5/16/2019,After Market
MANU,5/16/2019,Before Market
AMAT,5/16/2019,After Market
BIDU,5/16/2019,After Market
WIX,5/16/2019,Before Market
PINS,5/16/2019,After Market
NVDA,5/16/2019,After Market
NICE,5/16/2019,Before Market
MMYT,5/16/2019,Before Market
WMT,5/16/2019,Before Market
LTM,5/16/2019,Before Market
ESTA,5/15/2019,Before Market
ALC,5/15/2019,After Market
TSEM,5/15/2019,Before Market
M,5/15/2019,Before Market
NTES,5/15/2019,After Market
CSCO,5/15/2019,After Market
SMFG,5/15/2019,Before Market
ZTO,5/15/2019,After Market
BABA,5/15/2019,Before Market
KOD,5/15/2019,Before Market
MUFG,5/15/2019,Before Market
DOX,5/14/2019,After Market
GDS,5/14/2019,Before Market
VCTR,5/14/2019,After Market
GILT,5/14/2019,Before Market
TAK,5/14/2019,Before Market
RL,5/14/2019,Before Market
KEP,5/14/2019,Before Market
CYBR,5/14/2019,Before Market
SRRK,5/14/2019,After Market
VOD,5/14/2019,Before Market
A,5/14/2019,After Market
AUPH,5/14/2019,After Market
TAC,5/14/2019,Before Market
NVGS,5/13/2019,After Market
BILI,5/13/2019,After Market
TTWO,5/13/2019,After Market
CPRX,5/13/2019,Before Market
TME,5/13/2019,After Market
STE,5/13/2019,After Market
DAC,5/13/2019,After Market
CRNX,5/13/2019,After Market
DAVE,5/13/2019,After Market
JMIA,5/13/2019,Before Market
SLNO,5/13/2019,Before Market
SA,5/13/2019,After Market
CAPR,5/13/2019,After Market
STNE,5/13/2019,After Market
CEPU,5/13/2019,After Market
TGTX,5/10/2019,Before Market
CLMT,5/10/2019,Before Market
ENB,5/10/2019,Before Market
CYD,5/10/2019,Before Market
TGS,5/10/2019,After Market
LIN,5/10/2019,Before Market
JD,5/10/2019,Before Market
WVE,5/10/2019,Before Market
MAR,5/10/2019,Before Market
NHC,5/10/2019,Before Market
EFX,5/10/2019,Before Market
PAM,5/10/2019,After Market
RIOT,5/9/2019,After Market
GGAL,5/9/2019,Before Market
YELP,5/9/2019,After Market
FWONK,5/9/2019,Before Market
IONS,5/9/2019,Before Market
FWONA,5/9/2019,Before Market
TU,5/9/2019,Before Market
BLFS,5/9/2019,After Market
NTRA,5/9/2019,After Market
NWSA,5/9/2019,After Market
KRP,5/9/2019,Before Market
ARGX,5/9/2019,Before Market
BAM,5/9/2019,Before Market
WYNN,5/9/2019,After Market
NWS,5/9/2019,After Market
STN,5/9/2019,After Market
ALRM,5/9/2019,After Market
KDP,5/9/2019,Before Market
RDNT,5/9/2019,Before Market
VALE,5/9/2019,After Market
SBS,5/9/2019,Before Market
IBOC,5/9/2019,Before Market
ANIP,5/9/2019,Before Market
NOG,5/9/2019,After Market
PBH,5/9/2019,Before Market
SYNA,5/9/2019,After Market
ROAD,5/9/2019,After Market
CHH,5/9/2019,Before Market
ZG,5/9/2019,After Market
HL,5/9/2019,Before Market
GEN,5/9/2019,After Market
ICUI,5/9/2019,After Market
TPR,5/9/2019,Before Market
UTI,5/9/2019,After Market
Z,5/9/2019,After Market
AXSM,5/9/2019,Before Market
GH,5/9/2019,After Market
INOD,5/9/2019,Before Market
CYTK,5/9/2019,After Market
VSH,5/9/2019,Before Market
SSRM,5/9/2019,After Market
NTR,5/9/2019,After Market
BLBD,5/9/2019,After Market
WWW,5/9/2019,Before Market
EQH,5/9/2019,After Market
RBA,5/9/2019,After Market
CIB,5/9/2019,After Market
ATEC,5/9/2019,After Market
YPF,5/9/2019,After Market
MAIN,5/9/2019,After Market
CAH,5/9/2019,Before Market
TGLS,5/9/2019,Before Market
TGNA,5/9/2019,Before Market
INSW,5/9/2019,Before Market
GLOB,5/9/2019,After Market
LNG,5/9/2019,Before Market
SPH,5/9/2019,Before Market
ELAN,5/9/2019,Before Market
SONO,5/9/2019,After Market
LAUR,5/9/2019,Before Market
EPAM,5/9/2019,Before Market
CORT,5/9/2019,After Market
CNQ,5/9/2019,Before Market
CNP,5/9/2019,Before Market
CELH,5/9/2019,Before Market
MT,5/9/2019,Before Market
MTD,5/9/2019,After Market
GLP,5/9/2019,Before Market
BATRK,5/9/2019,Before Market
ANAB,5/9/2019,Before Market
BATRA,5/9/2019,Before Market
AEE,5/9/2019,Before Market
DBX,5/9/2019,After Market
BKNG,5/9/2019,After Market
DUK,5/9/2019,Before Market
NMRK,5/9/2019,Before Market
AMPH,5/9/2019,After Market
EYE,5/9/2019,Before Market
ACIW,5/9/2019,Before Market
HROW,5/9/2019,After Market
NCLH,5/9/2019,Before Market
MMS,5/9/2019,Before Market
AGO,5/9/2019,After Market
CIVI,5/9/2019,Before Market
AL,5/9/2019,After Market
CRK,5/9/2019,Before Market
AG,5/9/2019,Before Market
TTD,5/9/2019,Before Market
RGEN,5/9/2019,Before Market
AMRX,5/9/2019,Before Market
LTC,5/9/2019,After Market
CQP,5/9/2019,Before Market
BDX,5/9/2019,Before Market
BMA,5/9/2019,After Market
MGA,5/9/2019,Before Market
FLY,5/9/2019,After Market
CARG,5/9/2019,After Market
VIV,5/9/2019,Before Market
NNI,5/8/2019,After Market
CW,5/8/2019,After Market
FOR,5/8/2019,Before Market
LEU,5/8/2019,After Market
CDNA,5/8/2019,After Market
ACM,5/8/2019,Before Market
QDEL,5/8/2019,After Market
CCU,5/8/2019,Before Market
FNV,5/8/2019,After Market
BG,5/8/2019,Before Market
ALB,5/8/2019,After Market
WPM,5/8/2019,After Market
MCK,5/8/2019,Before Market
FOLD,5/8/2019,Before Market
IMKTA,5/8/2019,Before Market
ET,5/8/2019,After Market
SAIL,5/8/2019,After Market
MPLX,5/8/2019,Before Market
KTOS,5/8/2019,After Market
DNLI,5/8/2019,After Market
LXP,5/8/2019,Before Market
PRGO,5/8/2019,After Market
OSW,5/8/2019,Before Market
DHT,5/8/2019,After Market
MATX,5/8/2019,After Market
EVRG,5/8/2019,After Market
CECO,5/8/2019,After Market
EE,5/8/2019,Before Market
NXST,5/8/2019,Before Market
NRP,5/8/2019,Before Market
ATRO,5/8/2019,Before Market
FOXA,5/8/2019,After Market
SGRY,5/8/2019,Before Market
FSK,5/8/2019,After Market
UUUU,5/8/2019,Before Market
COLL,5/8/2019,After Market
CXW,5/8/2019,After Market
SUN,5/8/2019,After Market
ROKU,5/8/2019,After Market
MIDD,5/8/2019,Before Market
EYPT,5/8/2019,Before Market
ELF,5/8/2019,After Market
STWD,5/8/2019,Before Market
TM,5/8/2019,Before Market
OCSL,5/8/2019,Before Market
FUN,5/8/2019,Before Market
SBRA,5/8/2019,After Market
MPC,5/8/2019,Before Market
LASR,5/8/2019,After Market
FTDR,5/8/2019,Before Market
ARWR,5/8/2019,After Market
PFGC,5/8/2019,Before Market
SRPT,5/8/2019,After Market
REZI,5/8/2019,After Market
IAC,5/8/2019,After Market
BV,5/8/2019,Before Market
ECPG,5/8/2019,After Market
UPWK,5/8/2019,After Market
RUN,5/8/2019,After Market
AAOI,5/8/2019,After Market
SPB,5/8/2019,Before Market
DIS,5/8/2019,After Market
EPRT,5/8/2019,After Market
IIPR,5/8/2019,After Market
EZPW,5/8/2019,After Market
DAR,5/8/2019,After Market
DVAX,5/8/2019,After Market
AXGN,5/8/2019,After Market
FOX,5/8/2019,After Market
NYT,5/8/2019,Before Market
ATHM,5/8/2019,Before Market
GOLF,5/8/2019,Before Market
PTGX,5/8/2019,Before Market
BIO,5/8/2019,After Market
CVNA,5/8/2019,After Market
MDGL,5/8/2019,Before Market
GOLD,5/8/2019,Before Market
CBRE,5/8/2019,Before Market
MRNA,5/8/2019,Before Market
ADMA,5/8/2019,After Market
CPK,5/8/2019,Before Market
ETSY,5/8/2019,After Market
HLI,5/8/2019,After Market
SLF,5/8/2019,After Market
TPC,5/8/2019,After Market
SBGI,5/8/2019,Before Market
SATS,5/8/2019,Before Market
CPA,5/8/2019,After Market
HMC,5/8/2019,Before Market
APLE,5/8/2019,After Market
APLS,5/8/2019,Before Market
GKOS,5/8/2019,After Market
MGEE,5/8/2019,Before Market
PAAS,5/8/2019,After Market
GBDC,5/8/2019,After Market
TRI,5/8/2019,Before Market
AVDL,5/8/2019,Before Market
CWEN,5/7/2019,Before Market
QRVO,5/7/2019,After Market
ACMR,5/7/2019,After Market
SRE,5/7/2019,Before Market
GTX,5/7/2019,Before Market
PEN,5/7/2019,After Market
MTSI,5/7/2019,After Market
ESE,5/7/2019,After Market
ATO,5/7/2019,After Market
LYFT,5/7/2019,After Market
GSL,5/7/2019,Before Market
LITE,5/7/2019,Before Market
HAE,5/7/2019,Before Market
CWK,5/7/2019,After Market
FG,5/7/2019,After Market
GTES,5/7/2019,After Market
RNR,5/7/2019,After Market
METC,5/7/2019,After Market
HSIC,5/7/2019,Before Market
TWO,5/7/2019,After Market
QTWO,5/7/2019,After Market
RACE,5/7/2019,Before Market
BUD,5/7/2019,Before Market
PEGA,5/7/2019,After Market
HE,5/7/2019,Before Market
COKE,5/7/2019,After Market
PAGP,5/7/2019,After Market
COLD,5/7/2019,After Market
VCEL,5/7/2019,Before Market
MMI,5/7/2019,After Market
POWL,5/7/2019,After Market
OUT,5/7/2019,After Market
PRIM,5/7/2019,Before Market
IOSP,5/7/2019,After Market
HUBS,5/7/2019,After Market
BCC,5/7/2019,Before Market
PZZA,5/7/2019,After Market
JBGS,5/7/2019,After Market
ADNT,5/7/2019,Before Market
ATKR,5/7/2019,Before Market
KGC,5/7/2019,After Market
CTRE,5/7/2019,After Market
LCII,5/7/2019,Before Market
VAC,5/7/2019,Before Market
IT,5/7/2019,Before Market
SWX,5/7/2019,After Market
MCHP,5/7/2019,After Market
DIOD,5/7/2019,After Market
XENE,5/7/2019,After Market
TDG,5/7/2019,Before Market
REGN,5/7/2019,Before Market
LGIH,5/7/2019,Before Market
VOYA,5/7/2019,After Market
LC,5/7/2019,After Market
EA,5/7/2019,After Market
NWN,5/7/2019,Before Market
FANG,5/7/2019,After Market
NOVT,5/7/2019,Before Market
OHI,5/7/2019,After Market
CLDX,5/7/2019,After Market
UFPT,5/7/2019,Before Market
IMOS,5/7/2019,Before Market
BR,5/7/2019,Before Market
INSM,5/7/2019,Before Market
EXPD,5/7/2019,Before Market
INSP,5/7/2019,After Market
ICHR,5/7/2019,After Market
CNK,5/7/2019,Before Market
AES,5/7/2019,Before Market
USAC,5/7/2019,Before Market
LPX,5/7/2019,Before Market
TRGP,5/7/2019,Before Market
S,5/7/2019,After Market
IRTC,5/7/2019,After Market
NHI,5/7/2019,Before Market
MTCH,5/7/2019,After Market
EMR,5/7/2019,Before Market
SKM,5/7/2019,Before Market
CELC,5/7/2019,After Market
HALO,5/7/2019,After Market
TRIP,5/7/2019,After Market
JAZZ,5/7/2019,After Market
PRI,5/7/2019,After Market
SERV,5/7/2019,Before Market
BLD,5/7/2019,Before Market
CROX,5/7/2019,Before Market
PAA,5/7/2019,After Market
EFC,5/7/2019,After Market
SUPN,5/7/2019,After Market
RHP,5/7/2019,Before Market
ENR,5/7/2019,Before Market
PARR,5/7/2019,After Market
DEA,5/7/2019,Before Market
PBR,5/7/2019,Before Market
CRL,5/7/2019,Before Market
USFD,5/7/2019,Before Market
WING,5/7/2019,After Market
ARMK,5/7/2019,Before Market
BHVN,5/7/2019,Before Market
TBPH,5/7/2019,After Market
LOPE,5/7/2019,After Market
DXPE,5/7/2019,Before Market
JLL,5/7/2019,Before Market
DVA,5/7/2019,After Market
ACLS,5/7/2019,After Market
TDW,5/6/2019,After Market
AMG,5/6/2019,Before Market
DK,5/6/2019,Before Market
KRC,5/6/2019,After Market
RARE,5/6/2019,After Market
KRG,5/6/2019,After Market
BE,5/6/2019,After Market
SYY,5/6/2019,Before Market
COHU,5/6/2019,After Market
MASI,5/6/2019,After Market
ORA,5/6/2019,After Market
IPAR,5/6/2019,After Market
ITRI,5/6/2019,After Market
BSM,5/6/2019,After Market
STRL,5/6/2019,After Market
ENSG,5/6/2019,After Market
KRYS,5/6/2019,Before Market
RNG,5/6/2019,After Market
EC,5/6/2019,After Market
ADUS,5/6/2019,After Market
MWA,5/6/2019,After Market
IESC,5/6/2019,After Market
AEIS,5/6/2019,After Market
CENT,5/6/2019,After Market
QGEN,5/6/2019,After Market
DKL,5/6/2019,Before Market
KMT,5/6/2019,After Market
TSN,5/6/2019,Before Market
MOS,5/6/2019,After Market
RBC,5/6/2019,After Market
CBT,5/6/2019,After Market
BHF,5/6/2019,After Market
UGI,5/6/2019,After Market
IAG,5/6/2019,After Market
AWR,5/6/2019,After Market
SKT,5/6/2019,After Market
GLPI,5/6/2019,After Market
FRPT,5/6/2019,After Market
VECO,5/6/2019,After Market
CAMT,5/6/2019,Before Market
HBM,5/6/2019,After Market
IFF,5/6/2019,After Market
FN,5/6/2019,After Market
INVH,5/6/2019,After Market
PAHC,5/6/2019,After Market
DCO,5/6/2019,After Market
BKD,5/6/2019,After Market
KLAC,5/6/2019,After Market
SNDX,5/6/2019,After Market
OTTR,5/6/2019,After Market
ANDE,5/6/2019,After Market
MGY,5/6/2019,After Market
NSSC,5/6/2019,Before Market
AIG,5/6/2019,After Market
IBN,5/6/2019,Before Market
PAR,5/6/2019,After Market
SEDG,5/6/2019,After Market
FMC,5/6/2019,After Market
AIZ,5/6/2019,After Market
OXY,5/5/2019,After Market
BRK/B,5/4/2019,Before Market
NMM,5/3/2019,After Market
WPC,5/3/2019,Before Market
D,5/3/2019,Before Market
EQNR,5/3/2019,Before Market
AMT,5/3/2019,Before Market
VST,5/3/2019,Before Market
RYTM,5/3/2019,Before Market
NJR,5/3/2019,Before Market
CBOE,5/3/2019,Before Market
VIRT,5/3/2019,Before Market
NVO,5/3/2019,Before Market
KT,5/3/2019,Before Market
ESNT,5/3/2019,Before Market
XRAY,5/3/2019,Before Market
ITT,5/3/2019,Before Market
BIP,5/3/2019,Before Market
BCPC,5/3/2019,Before Market
HSBC,5/3/2019,Before Market
ROCK,5/3/2019,Before Market
TRP,5/3/2019,Before Market
WMK,5/3/2019,After Market
PEG,5/2/2019,Before Market
CI,5/2/2019,Before Market
TDC,5/2/2019,After Market
SHAK,5/2/2019,After Market
PCTY,5/2/2019,After Market
IDCC,5/2/2019,Before Market
CCS,5/2/2019,After Market
PLNT,5/2/2019,After Market
MNST,5/2/2019,After Market
VMC,5/2/2019,Before Market
TDS,5/2/2019,After Market
APPF,5/2/2019,After Market
BL,5/2/2019,After Market
FTNT,5/2/2019,After Market
CC,5/2/2019,After Market
TS,5/2/2019,After Market
APPN,5/2/2019,After Market
TX,5/2/2019,Before Market
WSC,5/2/2019,After Market
LYV,5/2/2019,After Market
FRT,5/2/2019,After Market
GEL,5/2/2019,Before Market
GSAT,5/2/2019,Before Market
LAMR,5/2/2019,Before Market
TFX,5/2/2019,Before Market
BAP,5/2/2019,Before Market
GILD,5/2/2019,After Market
HII,5/2/2019,Before Market
POST,5/2/2019,After Market
ATGE,5/2/2019,After Market
KLIC,5/2/2019,After Market
VIAV,5/2/2019,After Market
AMH,5/2/2019,After Market
FSLR,5/2/2019,After Market
PWR,5/2/2019,Before Market
DGII,5/2/2019,After Market
CNXN,5/2/2019,After Market
NFG,5/2/2019,After Market
ED,5/2/2019,After Market
THS,5/2/2019,Before Market
XYL,5/2/2019,Before Market
KEX,5/2/2019,Before Market
BCE,5/2/2019,Before Market
KWR,5/2/2019,After Market
XHR,5/2/2019,Before Market
GNRC,5/2/2019,Before Market
VKTX,5/2/2019,After Market
CHD,5/2/2019,Before Market
UMH,5/2/2019,After Market
NSA,5/2/2019,After Market
ING,5/2/2019,Before Market
FTAI,5/2/2019,After Market
BELFB,5/2/2019,Before Market
G,5/2/2019,After Market
PH,5/2/2019,Before Market
WTW,5/2/2019,After Market
DNOW,5/2/2019,Before Market
WCC,5/2/2019,Before Market
WTS,5/2/2019,After Market
CCOI,5/2/2019,Before Market
APO,5/2/2019,Before Market
NRG,5/2/2019,Before Market
APTV,5/2/2019,Before Market
W,5/2/2019,Before Market
EOG,5/2/2019,After Market
FSS,5/2/2019,Before Market
WEX,5/2/2019,Before Market
VEON,5/2/2019,Before Market
SFM,5/2/2019,Before Market
OGE,5/2/2019,Before Market
ARW,5/2/2019,Before Market
BEP,5/2/2019,Before Market
TRUP,5/2/2019,After Market
DMLP,5/2/2019,Before Market
ALEX,5/2/2019,After Market
HLF,5/2/2019,After Market
GRBK,5/2/2019,After Market
YETI,5/2/2019,Before Market
SEM,5/2/2019,After Market
SPXC,5/2/2019,After Market
USPH,5/2/2019,Before Market
SPGI,5/2/2019,Before Market
ITGR,5/2/2019,Before Market
ICFI,5/2/2019,After Market
VSEC,5/2/2019,After Market
AGCO,5/2/2019,Before Market
ZTS,5/2/2019,Before Market
LNT,5/2/2019,After Market
LPLA,5/2/2019,After Market
CTSH,5/2/2019,After Market
PTCT,5/2/2019,After Market
SIMO,5/2/2019,After Market
MAC,5/2/2019,Before Market
PMT,5/2/2019,After Market
REG,5/2/2019,After Market
UCTT,5/2/2019,After Market
AMKR,5/2/2019,After Market
GSHD,5/2/2019,After Market
TEVA,5/2/2019,Before Market
MD,5/2/2019,Before Market
IBP,5/2/2019,Before Market
MTRN,5/2/2019,Before Market
MSI,5/2/2019,After Market
KIM,5/2/2019,Before Market
RMD,5/2/2019,After Market
DOW,5/2/2019,Before Market
SWKS,5/2/2019,After Market
ACA,5/2/2019,After Market
EXPE,5/2/2019,After Market
LBRDA,5/2/2019,After Market
AAON,5/2/2019,Before Market
JHG,5/2/2019,Before Market
IDA,5/2/2019,Before Market
MTZ,5/2/2019,After Market
LBRDK,5/2/2019,After Market
MTX,5/2/2019,After Market
ERIE,5/2/2019,After Market
DAN,5/2/2019,Before Market
MUR,5/2/2019,Before Market
HRI,5/2/2019,Before Market
PPL,5/2/2019,Before Market
ICE,5/2/2019,Before Market
GPOR,5/2/2019,After Market
PENN,5/2/2019,Before Market
NTCT,5/2/2019,Before Market
TSLX,5/2/2019,After Market
PFSI,5/2/2019,After Market
PODD,5/2/2019,After Market
WLDN,5/2/2019,After Market
NTLA,5/2/2019,Before Market
MPWR,5/2/2019,After Market
CPT,5/2/2019,After Market
MELI,5/2/2019,After Market
WLK,5/2/2019,Before Market
SNDR,5/2/2019,Before Market
KNSL,5/2/2019,After Market
RCUS,5/2/2019,Before Market
GMED,5/2/2019,After Market
GFF,5/2/2019,After Market
KNSA,5/2/2019,Before Market
LGND,5/2/2019,After Market
EGO,5/2/2019,After Market
BKH,5/2/2019,After Market
LQDA,5/2/2019,Before Market
NVCR,5/2/2019,Before Market
AGIO,5/2/2019,Before Market
HTGC,5/2/2019,After Market
EXC,5/2/2019,Before Market
ARCB,5/2/2019,After Market
AGM,5/2/2019,Before Market
FMS,5/2/2019,Before Market
ZYME,5/2/2019,After Market
OLED,5/2/2019,After Market
INGR,5/2/2019,Before Market
STNG,5/2/2019,Before Market
DFIN,5/2/2019,Before Market
FND,5/2/2019,After Market
PCG,5/2/2019,Before Market
MSCI,5/2/2019,Before Market
FLS,5/2/2019,After Market
FLR,5/2/2019,Before Market
SNN,5/2/2019,Before Market
GDDY,5/2/2019,After Market
ANET,5/2/2019,After Market
GPN,5/2/2019,Before Market
HCI,5/2/2019,After Market
BRKR,5/2/2019,After Market
CRC,5/2/2019,After Market
PBA,5/2/2019,After Market
BLDR,5/2/2019,After Market
CRAI,5/2/2019,Before Market
CCJ,5/1/2019,Before Market
ARES,5/1/2019,After Market
SAFT,5/1/2019,After Market
TRNO,5/1/2019,After Market
UE,5/1/2019,After Market
NNN,5/1/2019,Before Market
JOE,5/1/2019,After Market
ALG,5/1/2019,After Market
ALL,5/1/2019,After Market
AME,5/1/2019,Before Market
HASI,5/1/2019,After Market
GRMN,5/1/2019,Before Market
NLY,5/1/2019,After Market
CF,5/1/2019,After Market
CG,5/1/2019,Before Market
CSGS,5/1/2019,After Market
GSK,5/1/2019,Before Market
NPO,5/1/2019,After Market
WK,5/1/2019,After Market
FIVN,5/1/2019,After Market
STRA,5/1/2019,Before Market
ADP,5/1/2019,Before Market
WD,5/1/2019,Before Market
CLX,5/1/2019,Before Market
ES,5/1/2019,After Market
STAA,5/1/2019,After Market
SAIA,5/1/2019,Before Market
HIG,5/1/2019,After Market
SIGI,5/1/2019,After Market
HGV,5/1/2019,After Market
DX,5/1/2019,Before Market
CDE,5/1/2019,After Market
VVV,5/1/2019,After Market
CVS,5/1/2019,Before Market
CDW,5/1/2019,Before Market
EPD,5/1/2019,Before Market
USLM,5/1/2019,After Market
SMG,5/1/2019,Before Market
DXCM,5/1/2019,After Market
QLYS,5/1/2019,After Market
HR,5/1/2019,After Market
EVTC,5/1/2019,After Market
SEE,5/1/2019,Before Market
BDC,5/1/2019,Before Market
IDXX,5/1/2019,Before Market
FTS,5/1/2019,Before Market
NMIH,5/1/2019,After Market
QCOM,5/1/2019,After Market
O,5/1/2019,After Market
MYRG,5/1/2019,After Market
H,5/1/2019,After Market
ACAD,5/1/2019,After Market
NVMI,5/1/2019,Before Market
THG,5/1/2019,After Market
BTU,5/1/2019,Before Market
BBU,5/1/2019,Before Market
APA,5/1/2019,After Market
TYL,5/1/2019,After Market
CRUS,5/1/2019,After Market
TKR,5/1/2019,Before Market
GIL,5/1/2019,After Market
IQV,5/1/2019,Before Market
SXT,5/1/2019,Before Market
PJT,5/1/2019,Before Market
LFUS,5/1/2019,Before Market
PDFS,5/1/2019,After Market
FORM,5/1/2019,After Market
HLT,5/1/2019,Before Market
EXTR,5/1/2019,Before Market
CIM,5/1/2019,Before Market
TTMI,5/1/2019,After Market
NGVT,5/1/2019,After Market
CZR,5/1/2019,After Market
BWXT,5/1/2019,After Market
CLH,5/1/2019,Before Market
TTEK,5/1/2019,After Market
ETR,5/1/2019,Before Market
WHD,5/1/2019,After Market
MAA,5/1/2019,After Market
CMPR,5/1/2019,After Market
OTEX,5/1/2019,After Market
IRT,5/1/2019,After Market
CHEF,5/1/2019,After Market
ESI,5/1/2019,Before Market
DOC,5/1/2019,Before Market
RCL,5/1/2019,Before Market
LNC,5/1/2019,After Market
SR,5/1/2019,Before Market
CAKE,5/1/2019,After Market
PPC,5/1/2019,After Market
SBH,5/1/2019,Before Market
LMAT,5/1/2019,After Market
AER,5/1/2019,Before Market
NI,5/1/2019,Before Market
AWK,5/1/2019,After Market
OI,5/1/2019,After Market
RDWR,5/1/2019,Before Market
CACI,5/1/2019,After Market
AFG,5/1/2019,After Market
CME,5/1/2019,Before Market
AVA,5/1/2019,After Market
EL,5/1/2019,Before Market
VICI,5/1/2019,After Market
PNW,5/1/2019,Before Market
MTDR,5/1/2019,After Market
INVA,5/1/2019,After Market
NE,5/1/2019,After Market
MET,5/1/2019,After Market
LIVN,5/1/2019,Before Market
HST,5/1/2019,After Market
DLB,5/1/2019,After Market
HI,5/1/2019,After Market
XPO,5/1/2019,After Market
YUM,5/1/2019,Before Market
WMB,5/1/2019,After Market
MFC,5/1/2019,After Market
PRU,5/1/2019,After Market
ICLR,5/1/2019,After Market
TPB,5/1/2019,Before Market
RYN,5/1/2019,After Market
OR,5/1/2019,Before Market
UTHR,5/1/2019,Before Market
RGLD,5/1/2019,After Market
AGI,5/1/2019,After Market
TMHC,5/1/2019,Before Market
AM,5/1/2019,After Market
GIB,5/1/2019,Before Market
AR,5/1/2019,After Market
SITE,5/1/2019,Before Market
AI,5/1/2019,After Market
NSIT,5/1/2019,Before Market
CAR,5/1/2019,After Market
JCI,5/1/2019,Before Market
ST,5/1/2019,Before Market
SU,5/1/2019,After Market
HOLX,5/1/2019,After Market
EQIX,5/1/2019,After Market
SM,5/1/2019,After Market
SO,5/1/2019,Before Market
MXL,5/1/2019,After Market
HCC,5/1/2019,After Market
ALNY,5/1/2019,Before Market
TRMB,5/1/2019,After Market
PSA,5/1/2019,After Market
TAP,5/1/2019,Before Market
EXEL,5/1/2019,After Market
HUM,5/1/2019,Before Market
PBF,5/1/2019,Before Market
EAT,4/30/2019,Before Market
TECH,4/30/2019,Before Market
GTY,4/30/2019,After Market
AMD,4/30/2019,After Market
MDLZ,4/30/2019,After Market
BP,4/30/2019,Before Market
CVLT,4/30/2019,Before Market
SPG,4/30/2019,Before Market
CB,4/30/2019,After Market
OSIS,4/30/2019,After Market
BSAC,4/30/2019,Before Market
CBL,4/30/2019,After Market
TENB,4/30/2019,After Market
MLM,4/30/2019,Before Market
WH,4/30/2019,Before Market
SSNC,4/30/2019,After Market
PFE,4/30/2019,Before Market
VNOM,4/30/2019,After Market
STAG,4/30/2019,After Market
KBR,4/30/2019,After Market
ROG,4/30/2019,After Market
SAN,4/30/2019,Before Market
AAPL,4/30/2019,After Market
MKL,4/30/2019,After Market
BFAM,4/30/2019,After Market
LBRT,4/30/2019,After Market
TEX,4/30/2019,After Market
EME,4/30/2019,Before Market
HURN,4/30/2019,After Market
APAM,4/30/2019,After Market
PAYC,4/30/2019,After Market
RRR,4/30/2019,After Market
IRMD,4/30/2019,Before Market
AMGN,4/30/2019,After Market
LSCC,4/30/2019,After Market
SCL,4/30/2019,Before Market
HUBB,4/30/2019,Before Market
R,4/30/2019,Before Market
GEO,4/30/2019,Before Market
MBIN,4/30/2019,After Market
AOS,4/30/2019,Before Market
BLKB,4/30/2019,After Market
CHRW,4/30/2019,After Market
GM,4/30/2019,Before Market
HUBG,4/30/2019,After Market
GE,4/30/2019,Before Market
HMN,4/30/2019,After Market
EXLS,4/30/2019,Before Market
AAT,4/30/2019,After Market
WES,4/30/2019,After Market
ARLO,4/30/2019,After Market
ASX,4/30/2019,Before Market
TNDM,4/30/2019,After Market
LLY,4/30/2019,Before Market
AKAM,4/30/2019,After Market
LNTH,4/30/2019,Before Market
PCAR,4/30/2019,Before Market
IPGP,4/30/2019,Before Market
VCYT,4/30/2019,After Market
CHTR,4/30/2019,Before Market
UNM,4/30/2019,After Market
REXR,4/30/2019,After Market
FDP,4/30/2019,Before Market
BVN,4/30/2019,After Market
EQR,4/30/2019,After Market
IR,4/30/2019,Before Market
NEO,4/30/2019,Before Market
ETN,4/30/2019,Before Market
RDN,4/30/2019,After Market
LH,4/30/2019,Before Market
AX,4/30/2019,After Market
ECL,4/30/2019,Before Market
MC,4/30/2019,After Market
MA,4/30/2019,Before Market
VRSK,4/30/2019,After Market
VRTX,4/30/2019,After Market
LDOS,4/30/2019,Before Market
BXP,4/30/2019,After Market
MRK,4/30/2019,Before Market
MGRC,4/30/2019,After Market
FCNCA,4/30/2019,After Market
FICO,4/30/2019,After Market
HCSG,4/30/2019,After Market
ATR,4/30/2019,After Market
ZBRA,4/30/2019,Before Market
THRM,4/30/2019,Before Market
MRCY,4/30/2019,After Market
MCD,4/30/2019,Before Market
OLN,4/30/2019,After Market
CNX,4/30/2019,Before Market
TWST,4/30/2019,After Market
MUX,4/30/2019,After Market
COHR,4/30/2019,After Market
CALX,4/30/2019,After Market
FIS,4/30/2019,Before Market
INCY,4/30/2019,Before Market
KKR,4/30/2019,Before Market
TNC,4/30/2019,Before Market
OSK,4/30/2019,Before Market
CMI,4/30/2019,Before Market
ACGL,4/30/2019,After Market
TFSL,4/30/2019,After Market
OKE,4/30/2019,After Market
GLW,4/30/2019,Before Market
TWLO,4/30/2019,After Market
STX,4/30/2019,Before Market
EXAS,4/30/2019,After Market
JKHY,4/30/2019,After Market
FLEX,4/30/2019,After Market
EXR,4/30/2019,After Market
CCEP,4/30/2019,Before Market
UDR,4/30/2019,After Market
CWST,4/30/2019,After Market
COP,4/30/2019,Before Market
DBD,4/30/2019,Before Market
MDU,4/30/2019,After Market
SHOP,4/30/2019,Before Market
WELL,4/30/2019,Before Market
CENX,4/30/2019,After Market
ARCC,4/30/2019,Before Market
MSTR,4/30/2019,After Market
SF,4/30/2019,Before Market
ASH,4/30/2019,After Market
AMRC,4/30/2019,Before Market
EIX,4/30/2019,After Market
CAI,4/30/2019,After Market
TRS,4/30/2019,Before Market
AMAL,4/30/2019,Before Market
HCA,4/30/2019,Before Market
FISV,4/30/2019,After Market
GLDD,4/30/2019,Before Market
CRI,4/30/2019,Before Market
ENPH,4/30/2019,After Market
DVN,4/30/2019,After Market
AIN,4/30/2019,After Market
PSX,4/30/2019,Before Market
CR,4/29/2019,After Market
CRSP,4/29/2019,After Market
SXI,4/29/2019,After Market
NXPI,4/29/2019,After Market
KAI,4/29/2019,After Market
LEG,4/29/2019,After Market
CACC,4/29/2019,After Market
BRX,4/29/2019,After Market
CADE,4/29/2019,Before Market
AMX,4/29/2019,Before Market
VRNS,4/29/2019,After Market
VNO,4/29/2019,Before Market
SSB,4/29/2019,After Market
SSD,4/29/2019,After Market
DORM,4/29/2019,Before Market
CHE,4/29/2019,After Market
EPR,4/29/2019,After Market
YUMC,4/29/2019,After Market
MUSA,4/29/2019,After Market
L,4/29/2019,Before Market
PHG,4/29/2019,Before Market
MEDP,4/29/2019,After Market
THC,4/29/2019,After Market
SCCO,4/29/2019,Before Market
BBVA,4/29/2019,Before Market
CGNX,4/29/2019,After Market
OGS,4/29/2019,After Market
ARLP,4/29/2019,Before Market
ARE,4/29/2019,After Market
NSP,4/29/2019,Before Market
MOH,4/29/2019,After Market
CHT,4/29/2019,Before Market
TNET,4/29/2019,After Market
SBAC,4/29/2019,After Market
GOOGL,4/29/2019,After Market
GABC,4/29/2019,After Market
AROC,4/29/2019,After Market
TREX,4/29/2019,After Market
OII,4/29/2019,After Market
EEFT,4/29/2019,After Market
CNI,4/29/2019,After Market
JJSF,4/29/2019,After Market
RGA,4/29/2019,After Market
CNA,4/29/2019,Before Market
AWI,4/29/2019,Before Market
CNO,4/29/2019,After Market
MCY,4/29/2019,Before Market
QURE,4/29/2019,Before Market
MKSI,4/29/2019,After Market
QSR,4/29/2019,Before Market
LOGI,4/29/2019,After Market
TXRH,4/29/2019,After Market
PI,4/29/2019,After Market
OMF,4/29/2019,After Market
FMX,4/29/2019,Before Market
WDC,4/29/2019,After Market
KMPR,4/29/2019,Before Market
WWD,4/29/2019,After Market
GOOG,4/29/2019,After Market
PCH,4/29/2019,After Market
SPOT,4/29/2019,Before Market
SANM,4/29/2019,After Market
NBIX,4/29/2019,After Market
MGM,4/29/2019,After Market
ON,4/27/2019,Before Market
CCB,4/26/2019,Before Market
CL,4/26/2019,Before Market
ALV,4/26/2019,Before Market
DB,4/26/2019,Before Market
LEA,4/26/2019,Before Market
GVA,4/26/2019,Before Market
CVX,4/26/2019,Before Market
B,4/26/2019,Before Market
IMO,4/26/2019,Before Market
WY,4/26/2019,Before Market
LYB,4/26/2019,Before Market
PFS,4/26/2019,Before Market
AON,4/26/2019,Before Market
MOG/A,4/26/2019,Before Market
AAL,4/26/2019,Before Market
CIGI,4/26/2019,Before Market
AIT,4/26/2019,Before Market
ADM,4/26/2019,Before Market
TMP,4/26/2019,Before Market
ZBH,4/26/2019,Before Market
VTR,4/26/2019,Before Market
POR,4/26/2019,Before Market
KOF,4/26/2019,Before Market
IMAX,4/26/2019,Before Market
XOM,4/26/2019,Before Market
AN,4/26/2019,Before Market
BEN,4/26/2019,Before Market
AZN,4/26/2019,Before Market
SNY,4/26/2019,Before Market
PEB,4/25/2019,After Market
CX,4/25/2019,Before Market
UHS,4/25/2019,After Market
FIBK,4/25/2019,After Market
CTS,4/25/2019,Before Market
ALK,4/25/2019,After Market
ORI,4/25/2019,Before Market
VLO,4/25/2019,Before Market
SAFE,4/25/2019,Before Market
CBZ,4/25/2019,Before Market
BY,4/25/2019,After Market
OCFC,4/25/2019,After Market
WM,4/25/2019,Before Market
WSFS,4/25/2019,After Market
TBBK,4/25/2019,After Market
SBUX,4/25/2019,After Market
WERN,4/25/2019,After Market
XEL,4/25/2019,Before Market
HESM,4/25/2019,Before Market
ROP,4/25/2019,Before Market
WST,4/25/2019,Before Market
CWT,4/25/2019,Before Market
BAX,4/25/2019,Before Market
FAF,4/25/2019,Before Market
STC,4/25/2019,Before Market
TSCO,4/25/2019,Before Market
SPSC,4/25/2019,After Market
SAH,4/25/2019,Before Market
PFG,4/25/2019,After Market
VC,4/25/2019,Before Market
WAB,4/25/2019,Before Market
AVT,4/25/2019,After Market
EMN,4/25/2019,After Market
ENTG,4/25/2019,Before Market
ATRC,4/25/2019,After Market
NOV,4/25/2019,After Market
FTI,4/25/2019,After Market
BCS,4/25/2019,Before Market
TOWN,4/25/2019,Before Market
COLB,4/25/2019,Before Market
DLR,4/25/2019,After Market
CUBE,4/25/2019,After Market
FTV,4/25/2019,After Market
MMM,4/25/2019,Before Market
CFR,4/25/2019,Before Market
F,4/25/2019,After Market
ENVA,4/25/2019,After Market
COLM,4/25/2019,After Market
AMZN,4/25/2019,After Market
ASB,4/25/2019,After Market
LKFN,4/25/2019,Before Market
BWA,4/25/2019,Before Market
FCX,4/25/2019,Before Market
PRLB,4/25/2019,Before Market
LKQ,4/25/2019,Before Market
FCN,4/25/2019,Before Market
DLX,4/25/2019,Before Market
CLBK,4/25/2019,After Market
NTB,4/25/2019,Before Market
RSG,4/25/2019,After Market
FRME,4/25/2019,Before Market
EQT,4/25/2019,Before Market
WEC,4/25/2019,Before Market
IP,4/25/2019,Before Market
NEM,4/25/2019,Before Market
CLF,4/25/2019,Before Market
ATEN,4/25/2019,After Market
BYD,4/25/2019,After Market
CLS,4/25/2019,Before Market
BMRN,4/25/2019,After Market
OMCL,4/25/2019,After Market
VRSN,4/25/2019,After Market
CRS,4/25/2019,Before Market
MAT,4/25/2019,After Market
MAS,4/25/2019,Before Market
IRM,4/25/2019,Before Market
TMUS,4/25/2019,After Market
NVT,4/25/2019,Before Market
CASH,4/25/2019,After Market
UPS,4/25/2019,Before Market
SBCF,4/25/2019,After Market
INTC,4/25/2019,After Market
FIX,4/25/2019,After Market
AFL,4/25/2019,After Market
ABBV,4/25/2019,Before Market
GLPG,4/25/2019,After Market
ROK,4/25/2019,Before Market
FFBC,4/25/2019,After Market
ITW,4/25/2019,Before Market
MO,4/25/2019,Before Market
CNOB,4/25/2019,Before Market
FHB,4/25/2019,After Market
ILMN,4/25/2019,After Market
AEP,4/25/2019,Before Market
AEM,4/25/2019,After Market
DHI,4/25/2019,Before Market
SKYW,4/25/2019,After Market
CMS,4/25/2019,Before Market
UBSI,4/25/2019,Before Market
HSY,4/25/2019,Before Market
PRA,4/25/2019,After Market
PAG,4/25/2019,Before Market
ALKS,4/25/2019,Before Market
GPI,4/25/2019,Before Market
CMCSA,4/25/2019,Before Market
LAZ,4/25/2019,Before Market
HTH,4/25/2019,After Market
TPL,4/25/2019,After Market
HBAN,4/25/2019,Before Market
ALLE,4/25/2019,Before Market
UBS,4/25/2019,Before Market
TPH,4/25/2019,Before Market
IVZ,4/25/2019,Before Market
POWI,4/25/2019,After Market
COF,4/25/2019,After Market
SHOO,4/25/2019,Before Market
IEX,4/25/2019,After Market
AJG,4/25/2019,After Market
AB,4/25/2019,Before Market
ODFL,4/25/2019,Before Market
MHK,4/25/2019,After Market
BC,4/25/2019,Before Market
TCBK,4/25/2019,After Market
GRC,4/25/2019,Before Market
LUV,4/25/2019,Before Market
DCOM,4/25/2019,After Market
EHC,4/25/2019,After Market
RS,4/25/2019,Before Market
PATK,4/25/2019,Before Market
BMY,4/25/2019,Before Market
LRCX,4/24/2019,After Market
QCRH,4/24/2019,After Market
OSBC,4/24/2019,After Market
TDY,4/24/2019,Before Market
PYPL,4/24/2019,After Market
TILE,4/24/2019,After Market
SLAB,4/24/2019,Before Market
AKR,4/24/2019,After Market
SYBT,4/24/2019,Before Market
CVBF,4/24/2019,After Market
TR,4/24/2019,After Market
TROW,4/24/2019,Before Market
ROL,4/24/2019,Before Market
STM,4/24/2019,Before Market
E,4/24/2019,Before Market
BANR,4/24/2019,After Market
SEIC,4/24/2019,After Market
AMP,4/24/2019,After Market
CVE,4/24/2019,Before Market
NOC,4/24/2019,Before Market
CUZ,4/24/2019,After Market
CVI,4/24/2019,After Market
SAM,4/24/2019,After Market
NOW,4/24/2019,After Market
SAP,4/24/2019,Before Market
BCO,4/24/2019,Before Market
FBP,4/24/2019,Before Market
WCN,4/24/2019,After Market
LSTR,4/24/2019,After Market
NSC,4/24/2019,Before Market
GGG,4/24/2019,After Market
SCI,4/24/2019,After Market
T,4/24/2019,Before Market
CUBI,4/24/2019,After Market
BSX,4/24/2019,Before Market
FSV,4/24/2019,Before Market
APH,4/24/2019,Before Market
GD,4/24/2019,Before Market
SUI,4/24/2019,After Market
PKX,4/24/2019,Before Market
AXTA,4/24/2019,Before Market
ASR,4/24/2019,After Market
AXTI,4/24/2019,After Market
OMAB,4/24/2019,After Market
PTC,4/24/2019,After Market
GNTX,4/24/2019,Before Market
SLGN,4/24/2019,Before Market
RJF,4/24/2019,After Market
ARR,4/24/2019,After Market
PKG,4/24/2019,After Market
SWK,4/24/2019,Before Market
MSA,4/24/2019,After Market
DPZ,4/24/2019,Before Market
CHDN,4/24/2019,After Market
ALGT,4/24/2019,After Market
BHE,4/24/2019,After Market
NEU,4/24/2019,After Market
TMO,4/24/2019,Before Market
LOB,4/24/2019,After Market
ALGN,4/24/2019,After Market
KN,4/24/2019,After Market
MCRI,4/24/2019,After Market
KB,4/24/2019,Before Market
GATX,4/24/2019,Before Market
CNMD,4/24/2019,After Market
NVS,4/24/2019,Before Market
ESS,4/24/2019,After Market
UFPI,4/24/2019,After Market
FFIV,4/24/2019,After Market
MCO,4/24/2019,Before Market
TSLA,4/24/2019,After Market
BOKF,4/24/2019,Before Market
EVR,4/24/2019,Before Market
OC,4/24/2019,Before Market
FCFS,4/24/2019,Before Market
CMG,4/24/2019,After Market
AVB,4/24/2019,After Market
TEL,4/24/2019,Before Market
MSFT,4/24/2019,After Market
UAN,4/24/2019,After Market
MORN,4/24/2019,After Market
AVY,4/24/2019,Before Market
LAD,4/24/2019,Before Market
KNX,4/24/2019,Before Market
APD,4/24/2019,Before Market
RBCAA,4/24/2019,Before Market
SIRI,4/24/2019,Before Market
AXS,4/24/2019,After Market
V,4/24/2019,After Market
MKTX,4/24/2019,Before Market
CSTM,4/24/2019,Before Market
DTE,4/24/2019,Before Market
CINF,4/24/2019,After Market
BKU,4/24/2019,Before Market
COR,4/24/2019,After Market
PB,4/24/2019,Before Market
RUSHA,4/24/2019,After Market
ORLY,4/24/2019,After Market
ASGN,4/24/2019,After Market
EIG,4/24/2019,After Market
MEOH,4/24/2019,After Market
CAT,4/24/2019,Before Market
FNF,4/24/2019,After Market
BA,4/24/2019,Before Market
MHO,4/24/2019,Before Market
BIIB,4/24/2019,Before Market
TRN,4/24/2019,After Market
HP,4/24/2019,After Market
NDAQ,4/24/2019,Before Market
PEBO,4/23/2019,Before Market
HXL,4/23/2019,After Market
CP,4/23/2019,After Market
FITB,4/23/2019,Before Market
RNST,4/23/2019,After Market
VMI,4/23/2019,After Market
DGX,4/23/2019,Before Market
EBAY,4/23/2019,After Market
CSGP,4/23/2019,After Market
MLI,4/23/2019,Before Market
NTRS,4/23/2019,Before Market
EW,4/23/2019,After Market
BANC,4/23/2019,Before Market
UMBF,4/23/2019,Before Market
WAT,4/23/2019,Before Market
WSO,4/23/2019,Before Market
TXN,4/23/2019,After Market
FE,4/23/2019,After Market
WRB,4/23/2019,After Market
EDU,4/23/2019,Before Market
ALSN,4/23/2019,Before Market
VZ,4/23/2019,Before Market
FCPT,4/23/2019,After Market
TER,4/23/2019,After Market
MMSI,4/23/2019,After Market
PII,4/23/2019,Before Market
FCF,4/23/2019,Before Market
FBNC,4/23/2019,After Market
PHM,4/23/2019,Before Market
HIW,4/23/2019,After Market
STT,4/23/2019,Before Market
FR,4/23/2019,After Market
LRN,4/23/2019,After Market
PG,4/23/2019,Before Market
ABG,4/23/2019,Before Market
NUE,4/23/2019,Before Market
TECK,4/23/2019,Before Market
NWE,4/23/2019,After Market
KALU,4/23/2019,After Market
HOG,4/23/2019,Before Market
NEE,4/23/2019,Before Market
SHW,4/23/2019,Before Market
FELE,4/23/2019,Before Market
SYK,4/23/2019,After Market
KO,4/23/2019,Before Market
ATI,4/23/2019,Before Market
LMT,4/23/2019,Before Market
ASTE,4/23/2019,Before Market
BXMT,4/23/2019,After Market
CNC,4/23/2019,Before Market
ABCB,4/23/2019,Before Market
BUSE,4/23/2019,After Market
MTG,4/23/2019,Before Market
MTH,4/23/2019,After Market
GPK,4/23/2019,Before Market
VICR,4/23/2019,After Market
IRDM,4/23/2019,Before Market
MANH,4/23/2019,After Market
NBHC,4/23/2019,After Market
HAS,4/23/2019,Before Market
RHI,4/23/2019,After Market
NAVI,4/23/2019,After Market
CSL,4/23/2019,After Market
FNB,4/23/2019,Before Market
TRMK,4/23/2019,After Market
TRU,4/23/2019,Before Market
CDNS,4/22/2019,After Market
EFSC,4/22/2019,After Market
BOH,4/22/2019,Before Market
CBU,4/22/2019,Before Market
CE,4/22/2019,After Market
WAL,4/22/2019,After Market
CMRE,4/22/2019,After Market
ELS,4/22/2019,After Market
BRO,4/22/2019,After Market
FBK,4/22/2019,After Market
SFNC,4/22/2019,After Market
RRC,4/22/2019,After Market
RMBS,4/22/2019,After Market
LII,4/22/2019,Before Market
GWW,4/22/2019,Before Market
SIFY,4/22/2019,Before Market
NBTB,4/22/2019,After Market
WHR,4/22/2019,After Market
ADC,4/22/2019,After Market
HNI,4/22/2019,Before Market
LECO,4/22/2019,Before Market
KMB,4/22/2019,Before Market
ONB,4/22/2019,Before Market
STLD,4/22/2019,Before Market
EGP,4/22/2019,After Market
ZION,4/22/2019,After Market
HAL,4/22/2019,Before Market
HDB,4/20/2019,Before Market
PRK,4/19/2019,Before Market
EWBC,4/18/2019,Before Market
FFIN,4/18/2019,After Market
BX,4/18/2019,Before Market
CFG,4/18/2019,Before Market
BANF,4/18/2019,After Market
DHR,4/18/2019,Before Market
WABC,4/18/2019,Before Market
STBA,4/18/2019,Before Market
KEY,4/18/2019,Before Market
GBCI,4/18/2019,After Market
ISRG,4/18/2019,After Market
WBS,4/18/2019,Before Market
POOL,4/18/2019,Before Market
BBT,4/18/2019,Before Market
HOMB,4/18/2019,Before Market
OFG,4/18/2019,Before Market
UNP,4/18/2019,Before Market
HON,4/18/2019,Before Market
MAN,4/18/2019,Before Market
RCI,4/18/2019,Before Market
GTLS,4/18/2019,Before Market
SYF,4/18/2019,Before Market
DOV,4/18/2019,Before Market
EXPO,4/18/2019,After Market
PPG,4/18/2019,Before Market
BPOP,4/18/2019,Before Market
INDB,4/18/2019,After Market
SRCE,4/18/2019,After Market
GPC,4/18/2019,Before Market
AXP,4/18/2019,Before Market
SLB,4/18/2019,Before Market
ALLY,4/18/2019,Before Market
PM,4/18/2019,Before Market
SON,4/18/2019,Before Market
TSM,4/18/2019,Before Market
CHKP,4/18/2019,Before Market
TRV,4/18/2019,Before Market
SNA,4/18/2019,Before Market
RF,4/18/2019,Before Market
CCI,4/17/2019,After Market
CCK,4/17/2019,After Market
PEP,4/17/2019,Before Market
RLI,4/17/2019,After Market
BK,4/17/2019,Before Market
LVS,4/17/2019,After Market
CATY,4/17/2019,After Market
TXT,4/17/2019,Before Market
PLXS,4/17/2019,After Market
ASML,4/17/2019,Before Market
CHCO,4/17/2019,Before Market
NWBI,4/17/2019,Before Market
PNR,4/17/2019,Before Market
CTBI,4/17/2019,Before Market
ABT,4/17/2019,Before Market
OZK,4/17/2019,After Market
KMI,4/17/2019,After Market
CNS,4/17/2019,After Market
URI,4/17/2019,After Market
MS,4/17/2019,Before Market
USB,4/17/2019,Before Market
PFBC,4/17/2019,After Market
BLX,4/17/2019,Before Market
SLG,4/17/2019,After Market
SLM,4/17/2019,After Market
TCBI,4/17/2019,After Market
TEAM,4/17/2019,After Market
BMI,4/17/2019,Before Market
AA,4/17/2019,After Market
IBKR,4/16/2019,After Market
CSX,4/16/2019,After Market
HWC,4/16/2019,After Market
MRTN,4/16/2019,After Market
JNJ,4/16/2019,Before Market
BAC,4/16/2019,Before Market
PGR,4/16/2019,Before Market
NFLX,4/16/2019,After Market
PLD,4/16/2019,Before Market
UNH,4/16/2019,Before Market
IBM,4/16/2019,After Market
CMA,4/16/2019,Before Market
UAL,4/16/2019,After Market
FHN,4/16/2019,Before Market
FULT,4/16/2019,After Market
BLK,4/16/2019,Before Market
OMC,4/16/2019,Before Market
WSBC,4/16/2019,After Market
PNFP,4/15/2019,After Market
C,4/15/2019,Before Market
GS,4/15/2019,Before Market
JBHT,4/15/2019,After Market
SFBS,4/15/2019,After Market
SCHW,4/15/2019,Before Market
MTB,4/15/2019,Before Market
WTFC,4/15/2019,After Market
WAFD,4/15/2019,After Market
INFY,4/12/2019,Before Market
JPM,4/12/2019,Before Market
WFC,4/12/2019,Before Market
PNC,4/12/2019,Before Market
CAAP,4/11/2019,Before Market
CBSH,4/11/2019,Before Market
FAST,4/11/2019,Before Market
AGX,4/10/2019,After Market
MSM,4/10/2019,Before Market
DAL,4/10/2019,Before Market
LNN,4/9/2019,Before Market
WDFC,4/9/2019,After Market
LEVI,4/9/2019,After Market
PSMT,4/9/2019,After Market
KEN,4/8/2019,Before Market
GBX,4/5/2019,Before Market
SMPL,4/4/2019,Before Market
STZ,4/4/2019,Before Market
RPM,4/4/2019,Before Market
AYI,4/3/2019,Before Market
ASND,4/3/2019,After Market
SIG,4/3/2019,Before Market
GME,4/2/2019,After Market
LW,4/2/2019,Before Market
RIOT,4/2/2019,After Market
CALM,4/1/2019,Before Market
NVGS,4/1/2019,Before Market
KMX,3/29/2019,Before Market
ACN,3/28/2019,Before Market
PRGS,3/28/2019,After Market
KOD,3/28/2019,Before Market
RH,3/28/2019,After Market
CAPR,3/28/2019,After Market
LEU,3/28/2019,After Market
SAIC,3/28/2019,After Market
JEF,3/28/2019,Before Market
SBS,3/28/2019,Before Market
LEN,3/27/2019,Before Market
SA,3/27/2019,After Market
FIVE,3/27/2019,After Market
PVH,3/27/2019,After Market
FUL,3/27/2019,After Market
VALE,3/27/2019,After Market
LULU,3/27/2019,After Market
PAYX,3/27/2019,Before Market
MAGS,3/27/2019,Before Market
SMMT,3/27/2019,Before Market
UNF,3/27/2019,Before Market
SNX,3/27/2019,After Market
CCL,3/26/2019,Before Market
KBH,3/26/2019,After Market
CUK,3/26/2019,Before Market
MKC,3/26/2019,Before Market
OLLI,3/26/2019,After Market
FDS,3/26/2019,Before Market
WGO,3/25/2019,Before Market
JKS,3/22/2019,Before Market
CTAS,3/21/2019,After Market
REX,3/21/2019,Before Market
CMC,3/21/2019,Before Market
DRI,3/21/2019,Before Market
GIII,3/21/2019,Before Market
NKE,3/21/2019,After Market
CAG,3/21/2019,Before Market
CSIQ,3/21/2019,Before Market
GIS,3/20/2019,Before Market
MU,3/20/2019,After Market
WPM,3/20/2019,After Market
ESTA,3/20/2019,After Market
WOR,3/20/2019,After Market
WSM,3/20/2019,After Market
WEX,3/20/2019,After Market
FDX,3/19/2019,After Market
QFIN,3/19/2019,After Market
AUPH,3/19/2019,After Market
FNV,3/19/2019,After Market
AIR,3/19/2019,After Market
METC,3/19/2019,After Market
ESLT,3/19/2019,Before Market
TME,3/19/2019,After Market
SRRK,3/18/2019,After Market
HQY,3/18/2019,After Market
SLNO,3/18/2019,Before Market
STNE,3/18/2019,After Market
KRYS,3/18/2019,Before Market
GEN,3/18/2019,Before Market
CPRX,3/18/2019,After Market
BKE,3/15/2019,Before Market
AVDL,3/15/2019,Before Market
ADBE,3/14/2019,After Market
AVGO,3/14/2019,After Market
EYPT,3/14/2019,Before Market
HTHT,3/14/2019,After Market
PAR,3/14/2019,After Market
BLFS,3/14/2019,After Market
DG,3/14/2019,Before Market
RDNT,3/14/2019,Before Market
WSC,3/14/2019,After Market
INOD,3/14/2019,Before Market
AXSM,3/14/2019,Before Market
ULTA,3/14/2019,After Market
DOCU,3/14/2019,After Market
ORCL,3/14/2019,After Market
JBL,3/14/2019,After Market
CRNX,3/13/2019,After Market
MDB,3/13/2019,After Market
ADMA,3/13/2019,After Market
SMTC,3/13/2019,After Market
PDD,3/13/2019,Before Market
PUK,3/13/2019,Before Market
DQ,3/13/2019,Before Market
GDS,3/13/2019,After Market
VKTX,3/13/2019,After Market
SGRY,3/13/2019,Before Market
IIPR,3/13/2019,After Market
PTGX,3/12/2019,After Market
HROW,3/12/2019,After Market
AMPH,3/12/2019,After Market
LTM,3/12/2019,After Market
CEPU,3/12/2019,Before Market
NTRA,3/12/2019,After Market
COHU,3/12/2019,After Market
NOG,3/12/2019,Before Market
DNLI,3/12/2019,Before Market
DKS,3/12/2019,Before Market
GH,3/12/2019,After Market
UUUU,3/12/2019,Before Market
INSW,3/12/2019,Before Market
ZTO,3/12/2019,After Market
PAM,3/11/2019,Before Market
WMK,3/11/2019,After Market
UEC,3/11/2019,After Market
CASY,3/11/2019,After Market
MTN,3/8/2019,Before Market
BMA,3/8/2019,After Market
TGTX,3/8/2019,Before Market
RYTM,3/8/2019,Before Market
GLP,3/7/2019,Before Market
WLDN,3/7/2019,After Market
CNQ,3/7/2019,Before Market
SNDX,3/7/2019,After Market
KNSA,3/7/2019,Before Market
DXPE,3/7/2019,After Market
OKTA,3/7/2019,After Market
FLY,3/7/2019,Before Market
HRB,3/7/2019,Before Market
COST,3/7/2019,After Market
HCI,3/7/2019,After Market
IDT,3/7/2019,After Market
CLMT,3/7/2019,Before Market
KRP,3/7/2019,Before Market
GGAL,3/7/2019,Before Market
MRVL,3/7/2019,After Market
TGS,3/7/2019,After Market
UMH,3/7/2019,After Market
NRP,3/7/2019,Before Market
ATEC,3/7/2019,After Market
USPH,3/7/2019,Before Market
ZLAB,3/7/2019,Before Market
YPF,3/7/2019,After Market
KFY,3/7/2019,After Market
IMOS,3/7/2019,Before Market
BURL,3/7/2019,Before Market
CLDX,3/7/2019,After Market
TGLS,3/7/2019,Before Market
KR,3/7/2019,Before Market
FIZZ,3/7/2019,After Market
REZI,3/7/2019,Before Market
GSHD,3/7/2019,After Market
AEO,3/6/2019,After Market
DSGX,3/6/2019,After Market
MRNA,3/6/2019,Before Market
DCI,3/6/2019,Before Market
ZYME,3/6/2019,After Market
AMRC,3/6/2019,Before Market
REVG,3/6/2019,After Market
DLTR,3/6/2019,Before Market
BJ,3/6/2019,Before Market
ACMR,3/6/2019,After Market
CDNA,3/6/2019,After Market
ANF,3/6/2019,Before Market
ABM,3/6/2019,After Market
BF/B,3/6/2019,Before Market
BF/A,3/6/2019,Before Market
MYRG,3/6/2019,After Market
GWRE,3/6/2019,After Market
THO,3/6/2019,Before Market
XENE,3/6/2019,After Market
WHD,3/6/2019,After Market
UFPT,3/6/2019,Before Market
TPB,3/5/2019,Before Market
RCUS,3/5/2019,After Market
ROST,3/5/2019,After Market
AMBA,3/5/2019,After Market
URBN,3/5/2019,After Market
SN,3/5/2019,Before Market
PARR,3/5/2019,After Market
CIEN,3/5/2019,Before Market
GSL,3/5/2019,Before Market
KSS,3/5/2019,Before Market
AVAV,3/5/2019,After Market
SAIL,3/5/2019,After Market
UNFI,3/5/2019,After Market
TGT,3/5/2019,Before Market
COO,3/5/2019,After Market
DAVE,3/4/2019,After Market
CRM,3/4/2019,After Market
MGIC,3/4/2019,Before Market
STRL,3/4/2019,After Market
ADUS,3/4/2019,After Market
GRBK,3/4/2019,After Market
XRAY,3/1/2019,Before Market
IPAR,3/1/2019,After Market
STRA,3/1/2019,Before Market
WPP,3/1/2019,Before Market
WVE,3/1/2019,Before Market
ASTE,3/1/2019,Before Market
NWN,3/1/2019,Before Market
TGNA,3/1/2019,Before Market
MTZ,2/28/2019,After Market
BIO,2/28/2019,After Market
CM,2/28/2019,Before Market
GOLF,2/28/2019,Before Market
ANAB,2/28/2019,Before Market
TD,2/28/2019,Before Market
QURE,2/28/2019,Before Market
PSTG,2/28/2019,After Market
HRI,2/28/2019,Before Market
BATRA,2/28/2019,Before Market
CNP,2/28/2019,Before Market
BATRK,2/28/2019,Before Market
LAUR,2/28/2019,Before Market
AGO,2/28/2019,After Market
ACIW,2/28/2019,Before Market
NVCR,2/28/2019,Before Market
BCPC,2/28/2019,Before Market
DCO,2/28/2019,After Market
IRDM,2/28/2019,Before Market
BLX,2/28/2019,Before Market
CROX,2/28/2019,Before Market
CARG,2/28/2019,After Market
DEA,2/28/2019,Before Market
CRAI,2/28/2019,Before Market
BLDR,2/28/2019,After Market
TRS,2/28/2019,Before Market
AMRX,2/28/2019,Before Market
LTC,2/28/2019,After Market
BHVN,2/28/2019,After Market
PCG,2/28/2019,Before Market
EIX,2/28/2019,After Market
FWONK,2/28/2019,Before Market
ALG,2/28/2019,After Market
ADSK,2/28/2019,After Market
FOLD,2/28/2019,Before Market
APPF,2/28/2019,After Market
CRH,2/28/2019,Before Market
TDW,2/28/2019,After Market
FWONA,2/28/2019,Before Market
CWEN,2/28/2019,Before Market
NTNX,2/28/2019,After Market
ATRC,2/28/2019,After Market
GSAT,2/28/2019,After Market
KDP,2/28/2019,Before Market
STN,2/28/2019,Before Market
CWT,2/28/2019,Before Market
ALRM,2/28/2019,After Market
FRO,2/28/2019,Before Market
KTOS,2/28/2019,After Market
ARGX,2/28/2019,Before Market
LYV,2/28/2019,After Market
NRG,2/28/2019,Before Market
FSS,2/28/2019,Before Market
ICUI,2/28/2019,After Market
PRIM,2/28/2019,Before Market
DELL,2/28/2019,After Market
BUD,2/28/2019,Before Market
KWR,2/28/2019,After Market
RBA,2/28/2019,After Market
VAC,2/28/2019,Before Market
LKQ,2/28/2019,Before Market
STWD,2/28/2019,Before Market
EQH,2/28/2019,After Market
WDAY,2/28/2019,After Market
VSEC,2/28/2019,Before Market
VST,2/28/2019,Before Market
BTI,2/28/2019,Before Market
EXLS,2/28/2019,Before Market
DMLP,2/28/2019,Before Market
JD,2/28/2019,Before Market
AAON,2/28/2019,Before Market
RUN,2/28/2019,After Market
ESI,2/28/2019,After Market
ZS,2/28/2019,After Market
MAIN,2/28/2019,After Market
IBP,2/28/2019,Before Market
MAR,2/28/2019,After Market
UPWK,2/28/2019,After Market
PTCT,2/28/2019,After Market
CVNA,2/27/2019,After Market
AES,2/27/2019,Before Market
MDGL,2/27/2019,Before Market
LOW,2/27/2019,Before Market
TPC,2/27/2019,After Market
DAR,2/27/2019,After Market
GPOR,2/27/2019,After Market
EPRT,2/27/2019,After Market
GEF,2/27/2019,After Market
UTHR,2/27/2019,Before Market
SBGI,2/27/2019,Before Market
EYE,2/27/2019,Before Market
BKNG,2/27/2019,After Market
SHOO,2/27/2019,Before Market
LIVN,2/27/2019,Before Market
NTLA,2/27/2019,Before Market
PBR,2/27/2019,Before Market
CRC,2/27/2019,After Market
TAC,2/27/2019,Before Market
CPB,2/27/2019,Before Market
WING,2/27/2019,After Market
FMX,2/27/2019,After Market
DFIN,2/27/2019,Before Market
GKOS,2/27/2019,After Market
SQM,2/27/2019,Before Market
RIO,2/27/2019,Before Market
ITRI,2/27/2019,After Market
BOX,2/27/2019,After Market
IONS,2/27/2019,Before Market
CCU,2/27/2019,Before Market
MNST,2/27/2019,After Market
JOE,2/27/2019,After Market
PEG,2/27/2019,Before Market
UHS,2/27/2019,After Market
NNI,2/27/2019,After Market
EE,2/27/2019,Before Market
IBOC,2/27/2019,Before Market
DY,2/27/2019,Before Market
ESTC,2/27/2019,After Market
LXP,2/27/2019,Before Market
AMT,2/27/2019,Before Market
PRGO,2/27/2019,After Market
HGV,2/27/2019,After Market
ANIP,2/27/2019,Before Market
FG,2/27/2019,After Market
CWK,2/27/2019,After Market
BILI,2/27/2019,After Market
BBY,2/27/2019,Before Market
APA,2/27/2019,After Market
MIDD,2/27/2019,Before Market
FSK,2/27/2019,After Market
COLL,2/27/2019,After Market
HPQ,2/27/2019,After Market
FTAI,2/27/2019,After Market
FTDR,2/27/2019,Before Market
SWX,2/27/2019,After Market
ALEX,2/27/2019,After Market
TJX,2/27/2019,Before Market
LB,2/27/2019,After Market
ECPG,2/27/2019,After Market
ACA,2/27/2019,After Market
SRPT,2/27/2019,After Market
DOC,2/27/2019,Before Market
NOVT,2/27/2019,Before Market
GLNG,2/27/2019,Before Market
CHDN,2/27/2019,After Market
CLH,2/27/2019,Before Market
MTDR,2/26/2019,After Market
JAZZ,2/26/2019,After Market
AXGN,2/26/2019,After Market
CELC,2/26/2019,After Market
ATHM,2/26/2019,Before Market
HEI,2/26/2019,After Market
FRPT,2/26/2019,After Market
DVAX,2/26/2019,After Market
VICR,2/26/2019,After Market
SERV,2/26/2019,Before Market
RHP,2/26/2019,Before Market
IMAX,2/26/2019,After Market
SUPN,2/26/2019,After Market
TPH,2/26/2019,Before Market
LQDA,2/26/2019,Before Market
PSA,2/26/2019,After Market
TRI,2/26/2019,Before Market
VEEV,2/26/2019,After Market
SJM,2/26/2019,Before Market
KOF,2/26/2019,Before Market
PANW,2/26/2019,After Market
CPK,2/26/2019,After Market
BLD,2/26/2019,Before Market
MELI,2/26/2019,After Market
ENPH,2/26/2019,After Market
CQP,2/26/2019,Before Market
TBPH,2/26/2019,After Market
SDRL,2/26/2019,Before Market
SE,2/26/2019,After Market
APLS,2/26/2019,After Market
ORA,2/26/2019,After Market
SAFT,2/26/2019,After Market
MASI,2/26/2019,After Market
CSGP,2/26/2019,After Market
GTY,2/26/2019,After Market
ELF,2/26/2019,After Market
SRE,2/26/2019,Before Market
PEN,2/26/2019,After Market
PLNT,2/26/2019,After Market
CW,2/26/2019,After Market
AZO,2/26/2019,Before Market
NXST,2/26/2019,Before Market
MMSI,2/26/2019,After Market
COKE,2/26/2019,After Market
EC,2/26/2019,After Market
TOL,2/26/2019,After Market
BCC,2/26/2019,Before Market
WTW,2/26/2019,After Market
PZZA,2/26/2019,After Market
EOG,2/26/2019,After Market
VCEL,2/26/2019,Before Market
ACAD,2/26/2019,After Market
M,2/26/2019,Before Market
OUT,2/26/2019,After Market
FCN,2/26/2019,Before Market
XHR,2/26/2019,Before Market
HD,2/26/2019,Before Market
CYD,2/26/2019,Before Market
HURN,2/26/2019,After Market
LGIH,2/26/2019,Before Market
TNDM,2/26/2019,After Market
ICFI,2/26/2019,After Market
JBGS,2/26/2019,After Market
BNS,2/26/2019,Before Market
LNG,2/26/2019,Before Market
MGRC,2/26/2019,After Market
INSP,2/26/2019,After Market
BMO,2/26/2019,Before Market
AWI,2/25/2019,Before Market
OKE,2/25/2019,After Market
PODD,2/25/2019,After Market
CORT,2/25/2019,After Market
AWR,2/25/2019,After Market
APLE,2/25/2019,After Market
ETSY,2/25/2019,After Market
CRI,2/25/2019,Before Market
MGY,2/25/2019,After Market
AG,2/25/2019,Before Market
SHAK,2/25/2019,After Market
CRSP,2/25/2019,Before Market
PEB,2/25/2019,After Market
WAB,2/25/2019,Before Market
ALSN,2/25/2019,After Market
KBR,2/25/2019,After Market
BSM,2/25/2019,After Market
THC,2/25/2019,After Market
MEDP,2/25/2019,After Market
EPR,2/25/2019,After Market
NSA,2/25/2019,Before Market
RRC,2/25/2019,After Market
DORM,2/25/2019,Before Market
VEON,2/25/2019,Before Market
BWXT,2/25/2019,After Market
MOS,2/25/2019,After Market
VCYT,2/25/2019,After Market
ASR,2/25/2019,After Market
HNI,2/25/2019,After Market
TEX,2/24/2019,After Market
SBRA,2/24/2019,After Market
BRK/B,2/23/2019,Before Market
ITT,2/22/2019,Before Market
CNK,2/22/2019,Before Market
MGEE,2/22/2019,After Market
MGA,2/22/2019,Before Market
AN,2/22/2019,Before Market
WPC,2/22/2019,Before Market
TDS,2/22/2019,Before Market
PSO,2/22/2019,Before Market
B,2/22/2019,Before Market
W,2/22/2019,Before Market
RY,2/22/2019,Before Market
INSM,2/22/2019,Before Market
PNW,2/22/2019,Before Market
THRM,2/21/2019,Before Market
IDA,2/21/2019,Before Market
MORN,2/21/2019,After Market
TNK,2/21/2019,Before Market
TNC,2/21/2019,Before Market
HALO,2/21/2019,After Market
BIDU,2/21/2019,After Market
GLPG,2/21/2019,After Market
FIX,2/21/2019,After Market
OPRA,2/21/2019,Before Market
NHC,2/21/2019,Before Market
ERIE,2/21/2019,After Market
DBX,2/21/2019,After Market
PRA,2/21/2019,After Market
AGM,2/21/2019,Before Market
HTGC,2/21/2019,After Market
NCLH,2/21/2019,Before Market
CENX,2/21/2019,After Market
CSTM,2/21/2019,Before Market
CWST,2/21/2019,After Market
HCC,2/21/2019,After Market
SATS,2/21/2019,Before Market
GMED,2/21/2019,After Market
KNSL,2/21/2019,After Market
EXAS,2/21/2019,After Market
EGO,2/21/2019,After Market
INTU,2/21/2019,After Market
CRK,2/21/2019,Before Market
RS,2/21/2019,Before Market
ROCK,2/21/2019,Before Market
PLAB,2/21/2019,Before Market
PBA,2/21/2019,After Market
RGEN,2/21/2019,Before Market
KEYS,2/21/2019,After Market
FLR,2/21/2019,After Market
BG,2/21/2019,Before Market
TTD,2/21/2019,After Market
FND,2/21/2019,Before Market
AL,2/21/2019,After Market
OLED,2/21/2019,After Market
RELX,2/21/2019,Before Market
APPN,2/21/2019,After Market
HASI,2/21/2019,After Market
AMH,2/21/2019,After Market
VC,2/21/2019,Before Market
IDCC,2/21/2019,Before Market
ED,2/21/2019,After Market
EME,2/21/2019,Before Market
HPE,2/21/2019,After Market
STAA,2/21/2019,After Market
FSLR,2/21/2019,After Market
EVRG,2/21/2019,After Market
PWR,2/21/2019,Before Market
MATX,2/21/2019,After Market
TFX,2/21/2019,Before Market
KEP,2/21/2019,Before Market
Z,2/21/2019,After Market
HRL,2/21/2019,Before Market
CCOI,2/21/2019,Before Market
BRC,2/21/2019,Before Market
SCL,2/21/2019,Before Market
CUBE,2/21/2019,After Market
COLD,2/21/2019,After Market
ZG,2/21/2019,After Market
HL,2/21/2019,Before Market
BCS,2/21/2019,Before Market
BELFB,2/21/2019,Before Market
ROKU,2/21/2019,After Market
ATRO,2/21/2019,Before Market
DXCM,2/21/2019,After Market
OGE,2/21/2019,Before Market
SFM,2/21/2019,Before Market
ITGR,2/21/2019,Before Market
SSRM,2/21/2019,After Market
CIB,2/21/2019,After Market
BVN,2/21/2019,After Market
CZR,2/21/2019,After Market
SEM,2/21/2019,After Market
SBAC,2/21/2019,After Market
GIL,2/21/2019,Before Market
CYTK,2/21/2019,After Market
KHC,2/21/2019,After Market
BYD,2/21/2019,After Market
AAOI,2/21/2019,After Market
UCTT,2/21/2019,After Market
IRT,2/21/2019,Before Market
TTC,2/21/2019,Before Market
DPZ,2/21/2019,Before Market
ADC,2/21/2019,After Market
BMRN,2/21/2019,After Market
LNT,2/21/2019,After Market
NEM,2/21/2019,Before Market
NI,2/20/2019,Before Market
NE,2/20/2019,After Market
WIX,2/20/2019,Before Market
UAN,2/20/2019,After Market
NDSN,2/20/2019,After Market
TSLX,2/20/2019,After Market
MUX,2/20/2019,After Market
OC,2/20/2019,Before Market
EXR,2/20/2019,After Market
PI,2/20/2019,After Market
EFX,2/20/2019,After Market
A,2/20/2019,After Market
ICLR,2/20/2019,After Market
OR,2/20/2019,After Market
EFC,2/20/2019,After Market
EIG,2/20/2019,After Market
GLDD,2/20/2019,Before Market
LOPE,2/20/2019,After Market
VIV,2/20/2019,Before Market
FLS,2/20/2019,After Market
SEDG,2/20/2019,After Market
TRN,2/20/2019,After Market
GDDY,2/20/2019,After Market
CAR,2/20/2019,After Market
PAAS,2/20/2019,After Market
SM,2/20/2019,After Market
SO,2/20/2019,Before Market
CAI,2/20/2019,After Market
FMS,2/20/2019,Before Market
ALB,2/20/2019,After Market
TS,2/20/2019,After Market
GRMN,2/20/2019,Before Market
CDE,2/20/2019,After Market
VMI,2/20/2019,After Market
GTX,2/20/2019,Before Market
SNPS,2/20/2019,After Market
GVA,2/20/2019,Before Market
ES,2/20/2019,After Market
ROG,2/20/2019,After Market
CVS,2/20/2019,Before Market
SAM,2/20/2019,After Market
ADI,2/20/2019,Before Market
CVI,2/20/2019,After Market
SAH,2/20/2019,Before Market
CECO,2/20/2019,After Market
HSIC,2/20/2019,Before Market
LAMR,2/20/2019,Before Market
GEL,2/20/2019,Before Market
ET,2/20/2019,After Market
WK,2/20/2019,After Market
SUN,2/20/2019,After Market
TYL,2/20/2019,After Market
SUI,2/20/2019,After Market
O,2/20/2019,After Market
MMI,2/20/2019,After Market
BDC,2/20/2019,Before Market
EVTC,2/20/2019,After Market
CHE,2/20/2019,After Market
PEGA,2/20/2019,After Market
FTI,2/20/2019,After Market
NTES,2/20/2019,After Market
WWW,2/20/2019,Before Market
AXTI,2/20/2019,After Market
OGS,2/20/2019,After Market
DAKT,2/20/2019,Before Market
VIPS,2/20/2019,After Market
ATR,2/20/2019,After Market
IAG,2/20/2019,After Market
CAKE,2/20/2019,After Market
MCRI,2/20/2019,After Market
UFPI,2/20/2019,After Market
ETR,2/20/2019,Before Market
KALU,2/20/2019,After Market
MSA,2/20/2019,After Market
LASR,2/20/2019,After Market
CPRT,2/20/2019,After Market
TRGP,2/20/2019,Before Market
NHI,2/19/2019,Before Market
DAC,2/19/2019,After Market
LMAT,2/19/2019,After Market
AWK,2/19/2019,After Market
HST,2/19/2019,After Market
TXRH,2/19/2019,After Market
HSBC,2/19/2019,Before Market
ALLE,2/19/2019,Before Market
GPC,2/19/2019,Before Market
HBM,2/19/2019,After Market
WLK,2/19/2019,Before Market
SITE,2/19/2019,Before Market
DVN,2/19/2019,After Market
WMT,2/19/2019,Before Market
MDT,2/19/2019,Before Market
AI,2/19/2019,Before Market
TX,2/19/2019,After Market
TILE,2/19/2019,After Market
KRG,2/19/2019,After Market
CDNS,2/19/2019,After Market
RARE,2/19/2019,After Market
DK,2/19/2019,After Market
AU,2/19/2019,Before Market
BHP,2/19/2019,Before Market
FE,2/19/2019,After Market
FIVN,2/19/2019,After Market
TSEM,2/19/2019,Before Market
CXW,2/19/2019,After Market
IOSP,2/19/2019,After Market
DKL,2/19/2019,After Market
FDP,2/19/2019,Before Market
LZB,2/19/2019,After Market
NTB,2/19/2019,After Market
LNTH,2/19/2019,After Market
HLF,2/19/2019,After Market
AAP,2/19/2019,Before Market
LC,2/19/2019,After Market
VRSK,2/19/2019,After Market
EXPD,2/19/2019,Before Market
LDOS,2/19/2019,Before Market
FANG,2/19/2019,After Market
ECL,2/19/2019,Before Market
AROC,2/19/2019,After Market
FELE,2/19/2019,Before Market
NEO,2/19/2019,Before Market
USAC,2/19/2019,Before Market
OTTR,2/18/2019,After Market
SCI,2/18/2019,After Market
POR,2/15/2019,Before Market
DE,2/15/2019,Before Market
DAN,2/15/2019,Before Market
MCO,2/15/2019,Before Market
PEP,2/15/2019,Before Market
E,2/15/2019,Before Market
ENB,2/15/2019,Before Market
CHH,2/15/2019,Before Market
FTS,2/15/2019,Before Market
HE,2/15/2019,Before Market
SXT,2/15/2019,Before Market
GFI,2/15/2019,Before Market
AER,2/14/2019,Before Market
INVH,2/14/2019,After Market
AEM,2/14/2019,After Market
AEE,2/14/2019,Before Market
ZBRA,2/14/2019,Before Market
CME,2/14/2019,Before Market
INCY,2/14/2019,Before Market
EPAM,2/14/2019,Before Market
PPL,2/14/2019,Before Market
LECO,2/14/2019,Before Market
VICI,2/14/2019,After Market
NSIT,2/14/2019,Before Market
AGIO,2/14/2019,Before Market
NVDA,2/14/2019,After Market
DUK,2/14/2019,Before Market
AZN,2/14/2019,Before Market
CCEP,2/14/2019,Before Market
ALKS,2/14/2019,Before Market
XPO,2/14/2019,After Market
PATK,2/14/2019,Before Market
PBF,2/14/2019,Before Market
ANET,2/14/2019,After Market
TRU,2/14/2019,Before Market
STNG,2/14/2019,Before Market
TRP,2/14/2019,Before Market
SON,2/14/2019,Before Market
NICE,2/14/2019,Before Market
SAFE,2/14/2019,Before Market
CC,2/14/2019,After Market
TU,2/14/2019,Before Market
GOOS,2/14/2019,Before Market
MANU,2/14/2019,Before Market
BL,2/14/2019,After Market
VMC,2/14/2019,Before Market
DGX,2/14/2019,Before Market
SSNC,2/14/2019,After Market
GEO,2/14/2019,Before Market
FAF,2/14/2019,Before Market
WST,2/14/2019,Before Market
HII,2/14/2019,Before Market
WSO,2/14/2019,Before Market
STC,2/14/2019,Before Market
BAM,2/14/2019,Before Market
WM,2/14/2019,Before Market
CYBR,2/14/2019,Before Market
POOL,2/14/2019,Before Market
DNOW,2/14/2019,Before Market
CGNX,2/14/2019,After Market
R,2/14/2019,Before Market
GNRC,2/14/2019,Before Market
THS,2/14/2019,Before Market
WES,2/14/2019,After Market
BWA,2/14/2019,Before Market
PDFS,2/14/2019,After Market
ARR,2/14/2019,After Market
EQT,2/14/2019,Before Market
SPXC,2/14/2019,After Market
IQV,2/14/2019,Before Market
TNET,2/14/2019,After Market
YETI,2/14/2019,Before Market
TREX,2/14/2019,After Market
GLOB,2/14/2019,After Market
KO,2/14/2019,Before Market
IRM,2/14/2019,Before Market
GTLS,2/14/2019,Before Market
MTRN,2/14/2019,Before Market
AMAT,2/14/2019,After Market
ZTS,2/14/2019,Before Market
CBRE,2/13/2019,Before Market
GOLD,2/13/2019,Before Market
CAMT,2/13/2019,Before Market
GLPI,2/13/2019,Before Market
SKT,2/13/2019,After Market
PPC,2/13/2019,After Market
LPX,2/13/2019,Before Market
IFF,2/13/2019,After Market
ASGN,2/13/2019,After Market
CPA,2/13/2019,After Market
LAD,2/13/2019,Before Market
ANDE,2/13/2019,After Market
DBD,2/13/2019,Before Market
BKD,2/13/2019,After Market
SLF,2/13/2019,After Market
GPN,2/13/2019,Before Market
WMB,2/13/2019,After Market
MFC,2/13/2019,After Market
TMHC,2/13/2019,Before Market
CRL,2/13/2019,Before Market
MGM,2/13/2019,After Market
AB,2/13/2019,Before Market
DVA,2/13/2019,After Market
AIG,2/13/2019,After Market
NLY,2/13/2019,After Market
FNF,2/13/2019,After Market
EQIX,2/13/2019,After Market
AR,2/13/2019,After Market
AM,2/13/2019,After Market
RUSHA,2/13/2019,After Market
CBZ,2/13/2019,Before Market
CF,2/13/2019,After Market
KAI,2/13/2019,After Market
QDEL,2/13/2019,After Market
YELP,2/13/2019,After Market
CSCO,2/13/2019,After Market
AKR,2/13/2019,After Market
UE,2/13/2019,After Market
ARES,2/13/2019,After Market
FCPT,2/13/2019,After Market
CVE,2/13/2019,Before Market
STAG,2/13/2019,After Market
H,2/13/2019,After Market
FR,2/13/2019,After Market
FRT,2/13/2019,After Market
QTWO,2/13/2019,After Market
NPO,2/13/2019,After Market
WH,2/13/2019,Before Market
NVMI,2/13/2019,Before Market
NTAP,2/13/2019,After Market
DRD,2/13/2019,Before Market
HR,2/13/2019,After Market
WCN,2/13/2019,After Market
CIM,2/13/2019,Before Market
NGVT,2/13/2019,After Market
HLT,2/13/2019,Before Market
CIGI,2/13/2019,Before Market
TRUP,2/13/2019,After Market
FUN,2/13/2019,Before Market
CTRE,2/13/2019,After Market
KGC,2/13/2019,After Market
TECK,2/13/2019,Before Market
OII,2/13/2019,After Market
TEVA,2/13/2019,Before Market
CHEF,2/13/2019,After Market
REG,2/13/2019,After Market
DIOD,2/13/2019,After Market
ACGL,2/12/2019,After Market
IRTC,2/12/2019,After Market
TWLO,2/12/2019,After Market
FIS,2/12/2019,Before Market
CNO,2/12/2019,After Market
TRIP,2/12/2019,After Market
BXMT,2/12/2019,After Market
ARCC,2/12/2019,Before Market
OMC,2/12/2019,Before Market
WELL,2/12/2019,Before Market
NMRK,2/12/2019,Before Market
UDR,2/12/2019,After Market
MPWR,2/12/2019,After Market
SHOP,2/12/2019,Before Market
AIZ,2/12/2019,After Market
JLL,2/12/2019,Before Market
TAP,2/12/2019,Before Market
EXEL,2/12/2019,After Market
USFD,2/12/2019,Before Market
TR,2/12/2019,After Market
HMY,2/12/2019,Before Market
NNN,2/12/2019,Before Market
SPSC,2/12/2019,After Market
BFAM,2/12/2019,After Market
AMX,2/12/2019,Before Market
GILT,2/12/2019,Before Market
GTES,2/12/2019,After Market
MLM,2/12/2019,Before Market
QLYS,2/12/2019,After Market
HUBS,2/12/2019,After Market
RRR,2/12/2019,After Market
LSCC,2/12/2019,After Market
NMIH,2/12/2019,After Market
OXY,2/12/2019,After Market
WEC,2/12/2019,Before Market
IPGP,2/12/2019,Before Market
AKAM,2/12/2019,After Market
REXR,2/12/2019,After Market
AAT,2/12/2019,After Market
KT,2/12/2019,Before Market
CNA,2/11/2019,Before Market
QSR,2/11/2019,Before Market
VECO,2/11/2019,After Market
MCY,2/11/2019,Before Market
OMF,2/11/2019,After Market
FMC,2/11/2019,After Market
AIN,2/11/2019,After Market
BRKR,2/11/2019,After Market
RAMP,2/11/2019,After Market
KMPR,2/11/2019,Before Market
RNG,2/11/2019,After Market
SBLK,2/11/2019,After Market
VNO,2/11/2019,After Market
VRNS,2/11/2019,After Market
BRX,2/11/2019,After Market
L,2/11/2019,Before Market
MOH,2/11/2019,After Market
NSP,2/11/2019,Before Market
SCCO,2/11/2019,After Market
ROAD,2/11/2019,After Market
STE,2/11/2019,After Market
OHI,2/11/2019,After Market
OMAB,2/11/2019,After Market
AMKR,2/11/2019,After Market
BHF,2/11/2019,After Market
NWE,2/11/2019,After Market
LBRDA,2/8/2019,After Market
ESNT,2/8/2019,Before Market
LBRDK,2/8/2019,After Market
HAS,2/8/2019,Before Market
EXC,2/8/2019,Before Market
PSX,2/8/2019,Before Market
GRC,2/8/2019,Before Market
CCJ,2/8/2019,After Market
CAE,2/8/2019,Before Market
BBU,2/8/2019,Before Market
KB,2/8/2019,Before Market
BEP,2/8/2019,Before Market
RDN,2/8/2019,Before Market
VTR,2/8/2019,Before Market
CBOE,2/8/2019,Before Market
AVA,2/8/2019,Before Market
CLF,2/8/2019,Before Market
PFSI,2/7/2019,After Market
MT,2/7/2019,After Market
ARWR,2/7/2019,After Market
MTD,2/7/2019,After Market
ICE,2/7/2019,Before Market
PENN,2/7/2019,Before Market
BV,2/7/2019,Before Market
SPH,2/7/2019,Before Market
ODFL,2/7/2019,Before Market
PM,2/7/2019,Before Market
DTE,2/7/2019,Before Market
TWST,2/7/2019,After Market
BKH,2/7/2019,After Market
ATGE,2/7/2019,After Market
EHC,2/7/2019,After Market
POWI,2/7/2019,After Market
SNA,2/7/2019,Before Market
YUM,2/7/2019,Before Market
PAG,2/7/2019,Before Market
QRVO,2/7/2019,After Market
LGND,2/7/2019,After Market
NWS,2/7/2019,After Market
PRI,2/7/2019,After Market
FISV,2/7/2019,After Market
SNY,2/7/2019,Before Market
ALNY,2/7/2019,After Market
SNN,2/7/2019,Before Market
SYNA,2/7/2019,After Market
CSL,2/7/2019,After Market
TPR,2/7/2019,Before Market
MHK,2/7/2019,After Market
MMS,2/7/2019,Before Market
CAH,2/7/2019,Before Market
CBL,2/7/2019,After Market
PBH,2/7/2019,Before Market
CCS,2/7/2019,After Market
CX,2/7/2019,Before Market
WMS,2/7/2019,Before Market
TDC,2/7/2019,After Market
UVV,2/7/2019,After Market
CNXN,2/7/2019,After Market
CDW,2/7/2019,Before Market
DX,2/7/2019,Before Market
G,2/7/2019,After Market
BR,2/7/2019,Before Market
MPLX,2/7/2019,Before Market
ESE,2/7/2019,After Market
DXC,2/7/2019,After Market
BCE,2/7/2019,Before Market
WTS,2/7/2019,After Market
IMKTA,2/7/2019,Before Market
HUBG,2/7/2019,After Market
COLM,2/7/2019,After Market
AXON,2/7/2019,After Market
SEE,2/7/2019,Before Market
FTV,2/7/2019,After Market
ARW,2/7/2019,Before Market
MPC,2/7/2019,Before Market
RSG,2/7/2019,After Market
PJT,2/7/2019,Before Market
LCII,2/7/2019,Before Market
PRLB,2/7/2019,Before Market
VSAT,2/7/2019,After Market
TKR,2/7/2019,Before Market
SPGI,2/7/2019,Before Market
OCSL,2/7/2019,Before Market
ADNT,2/7/2019,Before Market
PMT,2/7/2019,After Market
VRSN,2/7/2019,After Market
EXPE,2/7/2019,After Market
TSN,2/7/2019,Before Market
EEFT,2/7/2019,After Market
IAC,2/7/2019,After Market
KN,2/7/2019,After Market
SPB,2/7/2019,Before Market
NWSA,2/7/2019,After Market
OMCL,2/7/2019,After Market
MD,2/7/2019,Before Market
MAT,2/7/2019,After Market
MSI,2/7/2019,After Market
BHE,2/7/2019,After Market
ATEN,2/7/2019,After Market
MAS,2/7/2019,Before Market
VIRT,2/7/2019,Before Market
TMUS,2/7/2019,Before Market
MAC,2/7/2019,Before Market
LH,2/7/2019,Before Market
INVA,2/6/2019,After Market
BIP,2/6/2019,Before Market
RDWR,2/6/2019,Before Market
CMI,2/6/2019,Before Market
CMG,2/6/2019,After Market
MTCH,2/6/2019,After Market
NYT,2/6/2019,Before Market
PCTY,2/6/2019,After Market
CINF,2/6/2019,After Market
SONO,2/6/2019,After Market
COR,2/6/2019,After Market
RYN,2/6/2019,After Market
PRU,2/6/2019,After Market
EGP,2/6/2019,After Market
MET,2/6/2019,After Market
ACLS,2/6/2019,After Market
HUM,2/6/2019,Before Market
TRMB,2/6/2019,After Market
SPOT,2/6/2019,Before Market
ST,2/6/2019,Before Market
ORLY,2/6/2019,After Market
FOXA,2/6/2019,Before Market
CG,2/6/2019,Before Market
GBDC,2/6/2019,After Market
TRNO,2/6/2019,After Market
GSK,2/6/2019,Before Market
CSGS,2/6/2019,After Market
FTNT,2/6/2019,After Market
NXPI,2/6/2019,After Market
CCK,2/6/2019,After Market
FOX,2/6/2019,Before Market
WD,2/6/2019,Before Market
TWO,2/6/2019,After Market
VCTR,2/6/2019,Before Market
WERN,2/6/2019,After Market
NOV,2/6/2019,After Market
DHT,2/6/2019,After Market
CUZ,2/6/2019,After Market
BSX,2/6/2019,Before Market
EQNR,2/6/2019,Before Market
TM,2/6/2019,Before Market
BAP,2/6/2019,Before Market
PFGC,2/6/2019,Before Market
ENSG,2/6/2019,After Market
TTWO,2/6/2019,Before Market
BTU,2/6/2019,Before Market
FSV,2/6/2019,Before Market
GM,2/6/2019,Before Market
BLKB,2/6/2019,After Market
ING,2/6/2019,Before Market
VVV,2/6/2019,After Market
IRMD,2/6/2019,Before Market
BCO,2/6/2019,Before Market
NTR,2/6/2019,After Market
ENS,2/6/2019,After Market
FORM,2/6/2019,After Market
NJR,2/6/2019,Before Market
UHAL,2/6/2019,After Market
ABG,2/6/2019,Before Market
CENT,2/6/2019,After Market
RGLD,2/6/2019,After Market
TTMI,2/6/2019,After Market
LLY,2/6/2019,Before Market
PAHC,2/6/2019,After Market
BLBD,2/6/2019,After Market
ATKR,2/6/2019,Before Market
REGN,2/6/2019,Before Market
PLUS,2/6/2019,After Market
ELAN,2/6/2019,Before Market
LNC,2/6/2019,After Market
CPRI,2/6/2019,Before Market
ICHR,2/6/2019,After Market
SR,2/6/2019,Before Market
HWKN,2/6/2019,After Market
MC,2/6/2019,After Market
NEU,2/6/2019,After Market
CTSH,2/6/2019,Before Market
TDG,2/5/2019,Before Market
JHG,2/5/2019,Before Market
TECH,2/5/2019,Before Market
CALX,2/5/2019,After Market
UGI,2/5/2019,After Market
OI,2/5/2019,After Market
SWKS,2/5/2019,After Market
CNC,2/5/2019,Before Market
SBH,2/5/2019,Before Market
DIS,2/5/2019,After Market
VIAV,2/5/2019,After Market
EMR,2/5/2019,Before Market
LITE,2/5/2019,Before Market
MDU,2/5/2019,After Market
ENR,2/5/2019,Before Market
MANH,2/5/2019,After Market
GPI,2/5/2019,Before Market
LAZ,2/5/2019,Before Market
PAA,2/5/2019,After Market
SKY,2/5/2019,After Market
MXL,2/5/2019,After Market
BMI,2/5/2019,Before Market
NBIX,2/5/2019,After Market
SU,2/5/2019,After Market
BE,2/5/2019,After Market
INGR,2/5/2019,Before Market
MHO,2/5/2019,Before Market
HAE,2/5/2019,Before Market
CTS,2/5/2019,Before Market
ASH,2/5/2019,After Market
CB,2/5/2019,After Market
BP,2/5/2019,Before Market
BOOT,2/5/2019,After Market
ARMK,2/5/2019,Before Market
AME,2/5/2019,Before Market
BDX,2/5/2019,Before Market
RL,2/5/2019,Before Market
TENB,2/5/2019,After Market
ALL,2/5/2019,After Market
ACM,2/5/2019,Before Market
LBRT,2/5/2019,After Market
ENTG,2/5/2019,Before Market
MKL,2/5/2019,After Market
MCHP,2/5/2019,After Market
HIW,2/5/2019,After Market
MTSI,2/5/2019,After Market
DOX,2/5/2019,After Market
AMSC,2/5/2019,After Market
ATO,2/5/2019,After Market
VNOM,2/5/2019,After Market
MLI,2/5/2019,Before Market
CRVL,2/5/2019,Before Market
HLNE,2/5/2019,Before Market
LII,2/5/2019,Before Market
HUBB,2/5/2019,Before Market
EL,2/5/2019,Before Market
DLR,2/5/2019,After Market
CHD,2/5/2019,Before Market
EA,2/5/2019,After Market
IESC,2/5/2019,After Market
PAGP,2/5/2019,After Market
PAYC,2/5/2019,After Market
IT,2/5/2019,Before Market
UNM,2/5/2019,After Market
UTI,2/5/2019,After Market
POWL,2/5/2019,After Market
ARLO,2/5/2019,After Market
HMN,2/5/2019,After Market
JKHY,2/5/2019,After Market
VSH,2/5/2019,Before Market
HCSG,2/5/2019,After Market
VOYA,2/5/2019,After Market
ADM,2/5/2019,Before Market
VRTX,2/5/2019,After Market
AGCO,2/5/2019,Before Market
SYY,2/4/2019,Before Market
OLN,2/4/2019,After Market
CBT,2/4/2019,After Market
LPG,2/4/2019,Before Market
MUFG,2/4/2019,Before Market
CLX,2/4/2019,Before Market
JHX,2/4/2019,Before Market
CIVI,2/4/2019,Before Market
KMT,2/4/2019,After Market
PCH,2/4/2019,After Market
GOOG,2/4/2019,After Market
BSAC,2/4/2019,Before Market
LEG,2/4/2019,After Market
KRC,2/4/2019,After Market
AMG,2/4/2019,Before Market
APAM,2/4/2019,After Market
SSD,2/4/2019,After Market
SAIA,2/4/2019,Before Market
HIG,2/4/2019,After Market
CSWC,2/4/2019,After Market
GILD,2/4/2019,After Market
AEIS,2/4/2019,After Market
QGEN,2/4/2019,After Market
CVCO,2/4/2019,After Market
RBC,2/4/2019,After Market
MWA,2/4/2019,After Market
ARE,2/4/2019,After Market
RYAAY,2/4/2019,Before Market
STX,2/4/2019,After Market
FN,2/4/2019,After Market
GOOGL,2/4/2019,After Market
AVB,2/4/2019,After Market
NSSC,2/4/2019,Before Market
ITW,2/1/2019,Before Market
KKR,2/1/2019,Before Market
ON,2/1/2019,After Market
RDY,2/1/2019,Before Market
XOM,2/1/2019,Before Market
SPG,2/1/2019,Before Market
SF,2/1/2019,Before Market
CI,2/1/2019,Before Market
DB,2/1/2019,Before Market
JCI,2/1/2019,Before Market
CVX,2/1/2019,Before Market
LYB,2/1/2019,Before Market
PFS,2/1/2019,Before Market
AON,2/1/2019,Before Market
D,2/1/2019,Before Market
IMO,2/1/2019,Before Market
WY,2/1/2019,Before Market
ROP,2/1/2019,Before Market
BBVA,2/1/2019,Before Market
IDXX,2/1/2019,Before Market
BAH,2/1/2019,Before Market
NVO,2/1/2019,Before Market
MRK,2/1/2019,Before Market
ZBH,2/1/2019,Before Market
HMC,2/1/2019,Before Market
HON,2/1/2019,Before Market
MTX,1/31/2019,After Market
CMS,1/31/2019,Before Market
MO,1/31/2019,Before Market
MUR,1/31/2019,Before Market
AFL,1/31/2019,After Market
SKM,1/31/2019,Before Market
FCFS,1/31/2019,Before Market
CNX,1/31/2019,Before Market
SKYW,1/31/2019,After Market
COP,1/31/2019,Before Market
TPL,1/31/2019,After Market
SNDR,1/31/2019,Before Market
CPT,1/31/2019,After Market
HSY,1/31/2019,Before Market
DECK,1/31/2019,After Market
PH,1/31/2019,Before Market
MCK,1/31/2019,After Market
BC,1/31/2019,Before Market
MSCI,1/31/2019,Before Market
GFF,1/31/2019,Before Market
AJG,1/31/2019,After Market
CRS,1/31/2019,Before Market
NMM,1/31/2019,Before Market
BX,1/31/2019,Before Market
NOC,1/31/2019,Before Market
VLO,1/31/2019,Before Market
XEL,1/31/2019,Before Market
EMN,1/31/2019,After Market
SIGI,1/31/2019,After Market
OTEX,1/31/2019,After Market
TSCO,1/31/2019,Before Market
BAX,1/31/2019,Before Market
RACE,1/31/2019,Before Market
POST,1/31/2019,After Market
STBA,1/31/2019,Before Market
EW,1/31/2019,After Market
KEX,1/31/2019,Before Market
YUMC,1/31/2019,After Market
APO,1/31/2019,Before Market
WCC,1/31/2019,Before Market
USLM,1/31/2019,After Market
GE,1/31/2019,Before Market
APTV,1/31/2019,Before Market
UL,1/31/2019,Before Market
CFR,1/31/2019,Before Market
ENVA,1/31/2019,After Market
DGII,1/31/2019,After Market
SIFY,1/31/2019,Before Market
SMFG,1/31/2019,Before Market
NFG,1/31/2019,After Market
KLIC,1/31/2019,After Market
XYL,1/31/2019,Before Market
EPD,1/31/2019,Before Market
IP,1/31/2019,Before Market
CLBK,1/31/2019,After Market
FRME,1/31/2019,Before Market
CHTR,1/31/2019,Before Market
PKX,1/31/2019,Before Market
S,1/31/2019,Before Market
AMZN,1/31/2019,After Market
EXPO,1/31/2019,After Market
NVT,1/31/2019,Before Market
MOD,1/31/2019,After Market
UPS,1/31/2019,Before Market
KIM,1/31/2019,Before Market
DEO,1/31/2019,Before Market
CLS,1/31/2019,After Market
MA,1/31/2019,Before Market
MAN,1/31/2019,Before Market
ETN,1/31/2019,Before Market
LPLA,1/31/2019,After Market
SHW,1/31/2019,Before Market
TTEK,1/30/2019,After Market
MCD,1/30/2019,Before Market
TSLA,1/30/2019,After Market
AVY,1/30/2019,Before Market
MTH,1/30/2019,After Market
FICO,1/30/2019,After Market
BABA,1/30/2019,Before Market
BOKF,1/30/2019,Before Market
AFG,1/30/2019,After Market
FLEX,1/30/2019,After Market
EVR,1/30/2019,Before Market
SIRI,1/30/2019,Before Market
ARCB,1/30/2019,After Market
PB,1/30/2019,Before Market
IBN,1/30/2019,Before Market
ALLY,1/30/2019,Before Market
EZPW,1/30/2019,After Market
TFSL,1/30/2019,After Market
AXS,1/30/2019,After Market
IVZ,1/30/2019,Before Market
MKTX,1/30/2019,Before Market
OSK,1/30/2019,Before Market
ADP,1/30/2019,Before Market
DLB,1/30/2019,After Market
FIBK,1/30/2019,After Market
NDAQ,1/30/2019,Before Market
CHKP,1/30/2019,Before Market
V,1/30/2019,After Market
MEOH,1/30/2019,After Market
BA,1/30/2019,Before Market
GIB,1/30/2019,Before Market
BEN,1/30/2019,Before Market
HOLX,1/30/2019,After Market
SLAB,1/30/2019,Before Market
TROW,1/30/2019,Before Market
PYPL,1/30/2019,After Market
MDLZ,1/30/2019,After Market
NOW,1/30/2019,After Market
WYNN,1/30/2019,After Market
SAN,1/30/2019,Before Market
AMP,1/30/2019,After Market
SEIC,1/30/2019,After Market
CMPR,1/30/2019,After Market
CACC,1/30/2019,After Market
HESM,1/30/2019,Before Market
THG,1/30/2019,After Market
CACI,1/30/2019,After Market
T,1/30/2019,Before Market
GD,1/30/2019,Before Market
MSFT,1/30/2019,After Market
MUSA,1/30/2019,After Market
MBIN,1/30/2019,After Market
CRUS,1/30/2019,After Market
LSTR,1/30/2019,After Market
SMG,1/30/2019,Before Market
NTCT,1/30/2019,Before Market
IR,1/30/2019,Before Market
GNTX,1/30/2019,Before Market
CHT,1/30/2019,Before Market
LFUS,1/30/2019,Before Market
QCOM,1/30/2019,After Market
ASX,1/30/2019,Before Market
AXTA,1/30/2019,Before Market
MAA,1/30/2019,After Market
NVS,1/30/2019,Before Market
SXI,1/30/2019,After Market
FCNCA,1/30/2019,Before Market
ESS,1/30/2019,After Market
THR,1/30/2019,Before Market
RCL,1/30/2019,Before Market
ALGT,1/30/2019,After Market
TMO,1/30/2019,Before Market
GLW,1/29/2019,Before Market
MKSI,1/29/2019,After Market
ILMN,1/29/2019,After Market
EAT,1/29/2019,Before Market
BUSE,1/29/2019,After Market
UBSI,1/29/2019,Before Market
CNI,1/29/2019,After Market
COHR,1/29/2019,After Market
ROK,1/29/2019,Before Market
IEX,1/29/2019,After Market
RHI,1/29/2019,After Market
CVLT,1/29/2019,Before Market
GPK,1/29/2019,Before Market
HCA,1/29/2019,Before Market
KNX,1/29/2019,Before Market
TCBK,1/29/2019,After Market
AMAL,1/29/2019,After Market
HP,1/29/2019,After Market
HI,1/29/2019,After Market
BIIB,1/29/2019,Before Market
EXP,1/29/2019,Before Market
MSTR,1/29/2019,After Market
EXTR,1/29/2019,Before Market
AMD,1/29/2019,After Market
ALV,1/29/2019,Before Market
EBAY,1/29/2019,After Market
UMBF,1/29/2019,After Market
VZ,1/29/2019,Before Market
SAP,1/29/2019,Before Market
WRB,1/29/2019,After Market
DHR,1/29/2019,Before Market
PFE,1/29/2019,Before Market
PFG,1/29/2019,After Market
RNR,1/29/2019,After Market
AX,1/29/2019,After Market
CHRW,1/29/2019,After Market
PHM,1/29/2019,Before Market
MMM,1/29/2019,Before Market
PHG,1/29/2019,Before Market
AAPL,1/29/2019,After Market
AOS,1/29/2019,Before Market
AMGN,1/29/2019,After Market
FCF,1/29/2019,After Market
FBP,1/29/2019,Before Market
PII,1/29/2019,Before Market
MRCY,1/29/2019,After Market
PKG,1/29/2019,After Market
EQR,1/29/2019,After Market
PCAR,1/29/2019,Before Market
KLAC,1/29/2019,After Market
SLGN,1/29/2019,After Market
NUE,1/29/2019,Before Market
SIMO,1/29/2019,After Market
HOG,1/29/2019,Before Market
DOV,1/29/2019,Before Market
BXP,1/29/2019,After Market
SYK,1/29/2019,After Market
LMT,1/29/2019,Before Market
PNR,1/29/2019,Before Market
ALGN,1/29/2019,After Market
HLI,1/29/2019,After Market
CASH,1/28/2019,After Market
RGA,1/28/2019,After Market
JJSF,1/28/2019,After Market
PRK,1/28/2019,After Market
WSBC,1/28/2019,After Market
BOH,1/28/2019,Before Market
CAT,1/28/2019,Before Market
CE,1/28/2019,After Market
WWD,1/28/2019,After Market
CR,1/28/2019,After Market
SANM,1/28/2019,After Market
BRO,1/28/2019,After Market
SSB,1/28/2019,After Market
ELS,1/28/2019,After Market
CADE,1/28/2019,Before Market
RMBS,1/28/2019,After Market
GGG,1/28/2019,After Market
GABC,1/28/2019,After Market
ARLP,1/28/2019,Before Market
WHR,1/28/2019,After Market
NBTB,1/28/2019,After Market
ABCB,1/25/2019,Before Market
ABBV,1/25/2019,Before Market
DHI,1/25/2019,Before Market
RBCAA,1/25/2019,Before Market
APD,1/25/2019,Before Market
CL,1/25/2019,Before Market
CCB,1/25/2019,After Market
LEA,1/25/2019,Before Market
MOG/A,1/25/2019,Before Market
LKFN,1/25/2019,Before Market
NEE,1/25/2019,Before Market
TMP,1/25/2019,Before Market
AEP,1/24/2019,Before Market
CNOB,1/24/2019,Before Market
OSIS,1/24/2019,After Market
FHB,1/24/2019,After Market
INTC,1/24/2019,After Market
SRCE,1/24/2019,After Market
NBHC,1/24/2019,After Market
HBAN,1/24/2019,Before Market
AVT,1/24/2019,After Market
MMYT,1/24/2019,Before Market
HTH,1/24/2019,After Market
BMY,1/24/2019,Before Market
DCOM,1/24/2019,After Market
AGYS,1/24/2019,After Market
LUV,1/24/2019,Before Market
QCRH,1/24/2019,After Market
FFIN,1/24/2019,After Market
MRTN,1/24/2019,After Market
AIT,1/24/2019,Before Market
BY,1/24/2019,After Market
OCFC,1/24/2019,After Market
SYBT,1/24/2019,Before Market
EWBC,1/24/2019,Before Market
ALK,1/24/2019,After Market
ORI,1/24/2019,Before Market
TBBK,1/24/2019,After Market
RMD,1/24/2019,After Market
MKC,1/24/2019,Before Market
TXT,1/24/2019,Before Market
STM,1/24/2019,Before Market
BANC,1/24/2019,Before Market
WAL,1/24/2019,After Market
TOWN,1/24/2019,Before Market
SBUX,1/24/2019,After Market
GWW,1/24/2019,Before Market
WBS,1/24/2019,Before Market
ISRG,1/24/2019,After Market
GBCI,1/24/2019,After Market
DLX,1/24/2019,Before Market
COLB,1/24/2019,Before Market
CUBI,1/24/2019,After Market
NSC,1/24/2019,After Market
UNP,1/24/2019,Before Market
CHCO,1/24/2019,Before Market
FCX,1/24/2019,Before Market
RCI,1/24/2019,Before Market
ASB,1/24/2019,After Market
AAL,1/24/2019,Before Market
SBCF,1/24/2019,After Market
WDC,1/24/2019,After Market
FFBC,1/23/2019,After Market
URI,1/23/2019,After Market
LRCX,1/23/2019,After Market
KMB,1/23/2019,Before Market
CNS,1/23/2019,After Market
BPOP,1/23/2019,Before Market
FFIV,1/23/2019,After Market
BKU,1/23/2019,Before Market
SLM,1/23/2019,After Market
SLG,1/23/2019,After Market
TEL,1/23/2019,Before Market
CMCSA,1/23/2019,Before Market
TCBI,1/23/2019,After Market
PG,1/23/2019,Before Market
TRMK,1/23/2019,After Market
CMRE,1/23/2019,After Market
CBU,1/23/2019,Before Market
LVS,1/23/2019,After Market
CVBF,1/23/2019,After Market
RLI,1/23/2019,After Market
OSBC,1/23/2019,After Market
TDY,1/23/2019,Before Market
HXL,1/23/2019,After Market
CCI,1/23/2019,After Market
CP,1/23/2019,After Market
ROL,1/23/2019,Before Market
ASML,1/23/2019,Before Market
TER,1/23/2019,After Market
F,1/23/2019,After Market
BANR,1/23/2019,After Market
TXN,1/23/2019,After Market
PGR,1/23/2019,Before Market
WAT,1/23/2019,Before Market
NTRS,1/23/2019,Before Market
CATY,1/23/2019,After Market
APH,1/23/2019,Before Market
FBNC,1/23/2019,After Market
ABT,1/23/2019,Before Market
SYF,1/23/2019,Before Market
RJF,1/23/2019,After Market
LOB,1/23/2019,After Market
PTC,1/23/2019,After Market
UBS,1/22/2019,Before Market
HAL,1/22/2019,Before Market
STLD,1/22/2019,Before Market
COF,1/22/2019,After Market
EDU,1/22/2019,Before Market
ZION,1/22/2019,After Market
ONB,1/22/2019,Before Market
WTFC,1/22/2019,After Market
FITB,1/22/2019,Before Market
LRN,1/22/2019,After Market
TRV,1/22/2019,Before Market
FNB,1/22/2019,Before Market
NAVI,1/22/2019,After Market
JNJ,1/22/2019,Before Market
RNST,1/22/2019,After Market
HDB,1/22/2019,Before Market
PEBO,1/22/2019,Before Market
IBKR,1/22/2019,After Market
WSFS,1/22/2019,After Market
SFNC,1/22/2019,After Market
FBK,1/22/2019,After Market
NWBI,1/22/2019,Before Market
SWK,1/22/2019,Before Market
OFG,1/22/2019,Before Market
PLD,1/22/2019,Before Market
CNMD,1/22/2019,After Market
ATI,1/22/2019,Before Market
GATX,1/22/2019,Before Market
IBM,1/22/2019,After Market
SFBS,1/22/2019,After Market
LOGI,1/21/2019,After Market
EFSC,1/21/2019,After Market
FHN,1/18/2019,Before Market
SLB,1/18/2019,Before Market
RF,1/18/2019,Before Market
VFC,1/18/2019,Before Market
STT,1/18/2019,Before Market
CFG,1/18/2019,Before Market
MTG,1/17/2019,Before Market
INDB,1/17/2019,After Market
MS,1/17/2019,Before Market
MTB,1/17/2019,Before Market
PPG,1/17/2019,Before Market
AXP,1/17/2019,After Market
CBSH,1/17/2019,Before Market
PFBC,1/17/2019,After Market
TSM,1/17/2019,Before Market
FAST,1/17/2019,Before Market
PRGS,1/17/2019,After Market
WABC,1/17/2019,After Market
BANF,1/17/2019,After Market
NFLX,1/17/2019,After Market
KEY,1/17/2019,Before Market
BBT,1/17/2019,Before Market
JBHT,1/17/2019,After Market
HOMB,1/17/2019,Before Market
TEAM,1/17/2019,After Market
OZK,1/17/2019,After Market
USB,1/16/2019,Before Market
SCHW,1/16/2019,Before Market
CMA,1/16/2019,Before Market
KMI,1/16/2019,After Market
BLK,1/16/2019,Before Market
AA,1/16/2019,After Market
CSX,1/16/2019,After Market
BK,1/16/2019,Before Market
HWC,1/16/2019,After Market
PLXS,1/16/2019,After Market
BAC,1/16/2019,Before Market
GS,1/16/2019,Before Market
FUL,1/16/2019,After Market
CTBI,1/16/2019,Before Market
PNC,1/16/2019,Before Market
UAL,1/15/2019,After Market
FULT,1/15/2019,After Market
DAL,1/15/2019,Before Market
PNFP,1/15/2019,After Market
JPM,1/15/2019,Before Market
UNH,1/15/2019,Before Market
WFC,1/15/2019,Before Market
WAFD,1/14/2019,After Market
C,1/14/2019,Before Market
INFY,1/11/2019,Before Market
SNX,1/10/2019,After Market
JEF,1/10/2019,After Market
GBX,1/9/2019,Before Market
PSMT,1/9/2019,After Market
LEN,1/9/2019,Before Market
KBH,1/9/2019,After Market
MSM,1/9/2019,Before Market
WDFC,1/9/2019,After Market
AYI,1/9/2019,Before Market
STZ,1/9/2019,Before Market
AZZ,1/8/2019,Before Market
LNN,1/8/2019,Before Market
CMC,1/7/2019,Before Market
CALM,1/4/2019,Before Market
LW,1/4/2019,Before Market
RPM,1/4/2019,Before Market
UNF,1/3/2019,Before Market
SMPL,1/3/2019,Before Market
KMX,12/21/2018,Before Market
CTAS,12/20/2018,After Market
CAG,12/20/2018,Before Market
NKE,12/20/2018,After Market
CUK,12/20/2018,Before Market
CCL,12/20/2018,Before Market
ACN,12/20/2018,Before Market
GIS,12/19/2018,Before Market
TWST,12/19/2018,After Market
WGO,12/19/2018,Before Market
REVG,12/19/2018,After Market
PAYX,12/19/2018,Before Market
DRI,12/18/2018,Before Market
JBL,12/18/2018,After Market
FDS,12/18/2018,Before Market
AIR,12/18/2018,After Market
WOR,12/18/2018,Before Market
MU,12/18/2018,After Market
FDX,12/18/2018,After Market
ABM,12/18/2018,After Market
HEI,12/17/2018,After Market
ORCL,12/17/2018,After Market
ADBE,12/13/2018,After Market
CIEN,12/13/2018,Before Market
CIVI,12/13/2018,After Market
COST,12/13/2018,After Market
NDSN,12/12/2018,After Market
PLAB,12/12/2018,Before Market
SMMT,12/11/2018,Before Market
POWL,12/11/2018,After Market
AEO,12/11/2018,After Market
ARWR,12/11/2018,After Market
ROAD,12/10/2018,After Market
CASY,12/10/2018,After Market
IESC,12/7/2018,Before Market
MTN,12/7/2018,Before Market
UEC,12/7/2018,After Market
IMKTA,12/7/2018,Before Market
UNFI,12/6/2018,After Market
KR,12/6/2018,Before Market
SIG,12/6/2018,Before Market
COO,12/6/2018,After Market
BLBD,12/6/2018,After Market
THO,12/6/2018,Before Market
AGX,12/6/2018,Before Market
TTC,12/6/2018,Before Market
HRB,12/6/2018,Before Market
GIII,12/6/2018,Before Market
AVGO,12/6/2018,After Market
SAIC,12/6/2018,After Market
DOCU,12/6/2018,After Market
FIZZ,12/6/2018,After Market
ULTA,12/6/2018,After Market
LULU,12/6/2018,After Market
KFY,12/6/2018,Before Market
GEF,12/5/2018,After Market
OKTA,12/5/2018,After Market
BF/A,12/5/2018,Before Market
FIVE,12/5/2018,After Market
BF/B,12/5/2018,Before Market
SNPS,12/5/2018,After Market
TOL,12/4/2018,Before Market
GWRE,12/4/2018,After Market
MDB,12/4/2018,After Market
BMO,12/4/2018,Before Market
HQY,12/4/2018,After Market
ZS,12/4/2018,After Market
ESTC,12/4/2018,After Market
DG,12/4/2018,Before Market
IDT,12/4/2018,After Market
OLLI,12/4/2018,After Market
DCI,12/4/2018,Before Market
MRVL,12/4/2018,After Market
HPE,12/4/2018,After Market
AZO,12/4/2018,Before Market
RH,12/3/2018,After Market
SHLD,11/30/2018,After Market
WDAY,11/29/2018,After Market
YETI,11/29/2018,Before Market
HPQ,11/29/2018,After Market
UTI,11/29/2018,After Market
GME,11/29/2018,After Market
AVAV,11/29/2018,After Market
CM,11/29/2018,Before Market
TD,11/29/2018,Before Market
AMBA,11/29/2018,After Market
PVH,11/29/2018,After Market
PANW,11/29/2018,After Market
ANF,11/29/2018,Before Market
DLTR,11/29/2018,Before Market
ZLAB,11/29/2018,Before Market
ATKR,11/28/2018,Before Market
OCSL,11/28/2018,After Market
SJM,11/28/2018,Before Market
BURL,11/28/2018,Before Market
REX,11/28/2018,Before Market
RY,11/28/2018,Before Market
DSGX,11/28/2018,After Market
VEEV,11/28/2018,After Market
SMTC,11/28/2018,After Market
BOX,11/28/2018,After Market
GBDC,11/28/2018,After Market
ASND,11/28/2018,After Market
DKS,11/28/2018,Before Market
KEN,11/28/2018,Before Market
LZB,11/28/2018,After Market
CENT,11/27/2018,After Market
BNS,11/27/2018,Before Market
BMA,11/27/2018,After Market
BV,11/27/2018,After Market
CRM,11/27/2018,After Market
SDRL,11/27/2018,Before Market
GGAL,11/27/2018,After Market
NTNX,11/27/2018,After Market
BKE,11/26/2018,After Market
JKS,11/26/2018,Before Market
STNE,11/26/2018,After Market
CAAP,11/26/2018,After Market
DE,11/21/2018,Before Market
SQM,11/21/2018,After Market
DAKT,11/21/2018,Before Market
TJX,11/20/2018,Before Market
HRL,11/20/2018,Before Market
NJR,11/20/2018,Before Market
ESLT,11/20/2018,Before Market
LOW,11/20/2018,Before Market
MDT,11/20/2018,Before Market
ROST,11/20/2018,Before Market
CPRT,11/20/2018,After Market
LTM,11/20/2018,After Market
BJ,11/20/2018,After Market
SE,11/20/2018,After Market
PDD,11/20/2018,Before Market
KSS,11/20/2018,Before Market
MMS,11/20/2018,Before Market
SBLK,11/20/2018,After Market
BILI,11/20/2018,After Market
ADSK,11/20/2018,After Market
KEYS,11/20/2018,After Market
DY,11/20/2018,Before Market
BBY,11/20/2018,Before Market
CPB,11/20/2018,Before Market
TGT,11/20/2018,Before Market
ADI,11/20/2018,Before Market
KLIC,11/19/2018,After Market
JD,11/19/2018,Before Market
LB,11/19/2018,After Market
PSTG,11/19/2018,After Market
SPB,11/19/2018,Before Market
URBN,11/19/2018,After Market
RIOT,11/19/2018,After Market
A,11/19/2018,After Market
INTU,11/19/2018,After Market
GH,11/19/2018,After Market
KOD,11/16/2018,Before Market
FOR,11/16/2018,After Market
FRO,11/16/2018,Before Market
DGII,11/15/2018,After Market
GLOB,11/15/2018,After Market
TNK,11/15/2018,Before Market
BRC,11/15/2018,Before Market
AMAT,11/15/2018,After Market
SPH,11/15/2018,Before Market
SR,11/15/2018,Before Market
HTHT,11/15/2018,After Market
NVDA,11/15/2018,After Market
WMT,11/15/2018,Before Market
SONO,11/15/2018,After Market
ENR,11/15/2018,Before Market
HP,11/15/2018,After Market
WSM,11/15/2018,After Market
ESE,11/15/2018,After Market
MANU,11/15/2018,Before Market
CSIQ,11/15/2018,Before Market
MAGS,11/15/2018,Before Market
POST,11/15/2018,After Market
VIPS,11/14/2018,After Market
ZTO,11/14/2018,After Market
ACA,11/14/2018,After Market
DAC,11/14/2018,After Market
CPA,11/14/2018,After Market
SLNO,11/14/2018,After Market
GOOS,11/14/2018,Before Market
SA,11/14/2018,After Market
WPM,11/14/2018,After Market
EZPW,11/14/2018,After Market
BHVN,11/14/2018,Before Market
GFF,11/14/2018,After Market
SMFG,11/14/2018,Before Market
NTAP,11/14/2018,After Market
CSCO,11/14/2018,After Market
M,11/14/2018,Before Market
NTES,11/14/2018,After Market
AAP,11/13/2018,Before Market
REZI,11/13/2018,After Market
CELC,11/13/2018,After Market
MUFG,11/13/2018,Before Market
VOD,11/13/2018,Before Market
WIX,11/13/2018,After Market
TSN,11/13/2018,Before Market
DAVE,11/13/2018,After Market
CRNX,11/13/2018,After Market
CAE,11/13/2018,Before Market
EYE,11/13/2018,Before Market
CAPR,11/13/2018,After Market
APLS,11/13/2018,Before Market
ESTA,11/13/2018,Before Market
MGY,11/13/2018,Before Market
NMM,11/13/2018,Before Market
DQ,11/13/2018,Before Market
MGIC,11/13/2018,Before Market
HI,11/13/2018,After Market
CWK,11/13/2018,After Market
ARMK,11/13/2018,Before Market
GDS,11/13/2018,Before Market
KEP,11/13/2018,Before Market
HD,11/13/2018,Before Market
MTSI,11/13/2018,After Market
ATHM,11/12/2018,Before Market
PAM,11/12/2018,After Market
UGI,11/12/2018,After Market
NVGS,11/12/2018,After Market
CEPU,11/12/2018,After Market
GILT,11/12/2018,Before Market
ACM,11/12/2018,Before Market
EQH,11/12/2018,After Market
RYTM,11/9/2018,Before Market
YPF,11/9/2018,After Market
ADNT,11/9/2018,Before Market
NHC,11/9/2018,Before Market
ESNT,11/9/2018,Before Market
TGTX,11/9/2018,Before Market
CLMT,11/9/2018,Before Market
RDNT,11/9/2018,Before Market
NRP,11/9/2018,Before Market
WVE,11/9/2018,Before Market
AXSM,11/9/2018,Before Market
STWD,11/9/2018,Before Market
ATEC,11/8/2018,After Market
PDFS,11/8/2018,After Market
LNG,11/8/2018,Before Market
PNW,11/8/2018,Before Market
BATRA,11/8/2018,Before Market
OPRA,11/8/2018,Before Market
BATRK,11/8/2018,Before Market
TGNA,11/8/2018,Before Market
TRGP,11/8/2018,Before Market
SRRK,11/8/2018,After Market
LAUR,11/8/2018,Before Market
IMOS,11/8/2018,Before Market
MTD,11/8/2018,After Market
GLP,11/8/2018,Before Market
GMED,11/8/2018,After Market
ACIW,11/8/2018,Before Market
HRI,11/8/2018,Before Market
CROX,11/8/2018,Before Market
XRAY,11/8/2018,After Market
AMPH,11/8/2018,After Market
CNP,11/8/2018,Before Market
LGND,11/8/2018,Before Market
ADMA,11/8/2018,After Market
CPK,11/8/2018,After Market
DBX,11/8/2018,After Market
AGM,11/8/2018,Before Market
AGO,11/8/2018,After Market
RCUS,11/8/2018,After Market
ANAB,11/8/2018,After Market
SATS,11/8/2018,Before Market
AZN,11/8/2018,Before Market
SWKS,11/8/2018,After Market
NICE,11/8/2018,Before Market
AUPH,11/8/2018,After Market
UVV,11/8/2018,After Market
DHI,11/8/2018,Before Market
CRK,11/8/2018,Before Market
WMS,11/8/2018,Before Market
NCLH,11/8/2018,Before Market
MGA,11/8/2018,Before Market
FLY,11/8/2018,Before Market
CQP,11/8/2018,Before Market
TTD,11/8/2018,After Market
FWONA,11/8/2018,Before Market
CDNA,11/8/2018,After Market
AL,11/8/2018,After Market
LOPE,11/8/2018,After Market
YELP,11/8/2018,After Market
TU,11/8/2018,Before Market
KRP,11/8/2018,Before Market
JJSF,11/8/2018,After Market
SBH,11/8/2018,Before Market
DIS,11/8/2018,After Market
NOG,11/8/2018,After Market
LAMR,11/8/2018,Before Market
CVCO,11/8/2018,After Market
DNLI,11/8/2018,After Market
NNI,11/8/2018,After Market
FWONK,11/8/2018,Before Market
STRA,11/8/2018,Before Market
NTRA,11/8/2018,After Market
BLFS,11/8/2018,After Market
NGG,11/8/2018,Before Market
SYNA,11/8/2018,After Market
COLL,11/8/2018,After Market
STN,11/8/2018,Before Market
COLD,11/8/2018,After Market
HII,11/8/2018,Before Market
JCI,11/8/2018,Before Market
SBS,11/8/2018,Before Market
WSC,11/8/2018,After Market
BAM,11/8/2018,Before Market
CYD,11/8/2018,Before Market
NXST,11/8/2018,Before Market
NRG,11/8/2018,Before Market
PRGO,11/8/2018,Before Market
CAH,11/8/2018,Before Market
CHH,11/8/2018,Before Market
DOX,11/8/2018,After Market
HL,11/8/2018,Before Market
VEON,11/8/2018,Before Market
OGE,11/8/2018,Before Market
SSRM,11/8/2018,After Market
RBA,11/8/2018,After Market
TRUP,11/8/2018,After Market
INOD,11/8/2018,Before Market
ICUI,11/8/2018,After Market
FOX,11/7/2018,Before Market
WWW,11/7/2018,Before Market
PFGC,11/7/2018,Before Market
TGLS,11/7/2018,Before Market
RUN,11/7/2018,After Market
IAC,11/7/2018,After Market
AVA,11/7/2018,Before Market
UPWK,11/7/2018,After Market
VIRT,11/7/2018,Before Market
IIPR,11/7/2018,After Market
INSW,11/7/2018,Before Market
QCOM,11/7/2018,After Market
CLDX,11/7/2018,After Market
AAOI,11/7/2018,After Market
ECPG,11/7/2018,After Market
RDWR,11/7/2018,Before Market
SMG,11/7/2018,Before Market
TPC,11/7/2018,After Market
TPB,11/7/2018,Before Market
MUR,11/7/2018,After Market
TRIP,11/7/2018,After Market
CVNA,11/7/2018,After Market
JHX,11/7/2018,Before Market
SLF,11/7/2018,After Market
EFC,11/7/2018,After Market
SBGI,11/7/2018,Before Market
PAR,11/7/2018,After Market
TTEK,11/7/2018,After Market
MFC,11/7/2018,After Market
DFIN,11/7/2018,Before Market
PRU,11/7/2018,After Market
AG,11/7/2018,Before Market
NSIT,11/7/2018,Before Market
GKOS,11/7/2018,After Market
NWSA,11/7/2018,After Market
CRL,11/7/2018,Before Market
HUM,11/7/2018,Before Market
DVA,11/7/2018,After Market
FLS,11/7/2018,After Market
ROK,11/7/2018,Before Market
SO,11/7/2018,Before Market
MCHP,11/7/2018,After Market
NWS,11/7/2018,After Market
MNST,11/7/2018,After Market
ACMR,11/7/2018,After Market
CRSP,11/7/2018,After Market
LEU,11/7/2018,After Market
ALB,11/7/2018,After Market
CARG,11/7/2018,After Market
TTWO,11/7/2018,After Market
AMRX,11/7/2018,Before Market
ALNY,11/7/2018,Before Market
AXON,11/7/2018,After Market
EVRG,11/7/2018,After Market
HOLX,11/7/2018,After Market
ALRM,11/7/2018,After Market
SRE,11/7/2018,Before Market
CCU,11/7/2018,Before Market
ET,11/7/2018,After Market
CSGS,11/7/2018,After Market
WYNN,11/7/2018,After Market
SAIL,11/7/2018,After Market
WWD,11/7/2018,After Market
UHAL,11/7/2018,After Market
GEO,11/7/2018,Before Market
GEN,11/7/2018,After Market
KDP,11/7/2018,After Market
FOXA,11/7/2018,Before Market
FG,11/7/2018,After Market
BAP,11/7/2018,Before Market
PEGA,11/7/2018,After Market
WK,11/7/2018,After Market
COKE,11/7/2018,After Market
VKTX,11/7/2018,After Market
SGRY,11/7/2018,Before Market
SUN,11/7/2018,After Market
GIB,11/7/2018,Before Market
TGS,11/7/2018,Before Market
ENS,11/7/2018,After Market
IBOC,11/7/2018,Before Market
METC,11/7/2018,After Market
MMI,11/7/2018,After Market
CPRX,11/7/2018,After Market
RRR,11/7/2018,After Market
ATO,11/7/2018,After Market
ROKU,11/7/2018,After Market
HE,11/7/2018,Before Market
JBGS,11/7/2018,After Market
CYBR,11/7/2018,After Market
HUBS,11/7/2018,After Market
VAC,11/7/2018,Before Market
PLUS,11/7/2018,After Market
CPRI,11/7/2018,Before Market
CIB,11/7/2018,After Market
MIDD,11/7/2018,Before Market
KGC,11/7/2018,After Market
NOVT,11/6/2018,Before Market
LLY,11/6/2018,Before Market
DIOD,11/6/2018,After Market
REGN,11/6/2018,Before Market
LGIH,11/6/2018,Before Market
BWXT,11/6/2018,After Market
LC,11/6/2018,After Market
BR,11/6/2018,Before Market
XENE,11/6/2018,After Market
UCTT,11/6/2018,After Market
IAG,11/6/2018,After Market
HALO,11/6/2018,After Market
ADM,11/6/2018,Before Market
MTCH,11/6/2018,After Market
NWN,11/6/2018,Before Market
USAC,11/6/2018,Before Market
LNT,11/6/2018,After Market
ELAN,11/6/2018,Before Market
AES,11/6/2018,Before Market
INSP,11/6/2018,After Market
ICHR,11/6/2018,After Market
EXPD,11/6/2018,Before Market
ZBRA,11/6/2018,Before Market
TSLX,11/6/2018,After Market
FANG,11/6/2018,After Market
QURE,11/6/2018,Before Market
OR,11/6/2018,After Market
NHI,11/6/2018,Before Market
TWLO,11/6/2018,After Market
DAR,11/6/2018,After Market
BCPC,11/6/2018,Before Market
PAHC,11/6/2018,After Market
ETSY,11/6/2018,After Market
LPX,11/6/2018,Before Market
SERV,11/6/2018,Before Market
PRA,11/6/2018,After Market
BLD,11/6/2018,Before Market
HAE,11/6/2018,Before Market
PTGX,11/6/2018,After Market
JKHY,11/6/2018,After Market
GOLD,11/6/2018,Before Market
RHP,11/6/2018,Before Market
JAZZ,11/6/2018,After Market
MDGL,11/6/2018,Before Market
SUPN,11/6/2018,After Market
GDDY,11/6/2018,After Market
TRI,11/6/2018,Before Market
COHR,11/6/2018,After Market
PAAS,11/6/2018,After Market
RL,11/6/2018,Before Market
PAA,11/6/2018,After Market
PRI,11/6/2018,After Market
WLK,11/6/2018,Before Market
PARR,11/6/2018,After Market
MGEE,11/6/2018,Before Market
PBR,11/6/2018,Before Market
JLL,11/6/2018,Before Market
ZYME,11/6/2018,After Market
DVN,11/6/2018,After Market
AIZ,11/6/2018,After Market
USFD,11/6/2018,Before Market
AMSC,11/6/2018,After Market
TDG,11/6/2018,Before Market
HCI,11/6/2018,After Market
TBPH,11/6/2018,After Market
EMR,11/6/2018,Before Market
CSWC,11/6/2018,After Market
PLNT,11/6/2018,After Market
TM,11/6/2018,Before Market
QDEL,11/6/2018,After Market
CWEN,11/6/2018,Before Market
ORA,11/6/2018,Before Market
ENPH,11/6/2018,After Market
GLDD,11/6/2018,Before Market
DXC,11/6/2018,After Market
ANIP,11/6/2018,Before Market
DK,11/6/2018,After Market
GTX,11/6/2018,Before Market
CCS,11/6/2018,After Market
APD,11/6/2018,Before Market
KTOS,11/6/2018,After Market
FIVN,11/6/2018,After Market
CVS,11/6/2018,Before Market
VCTR,11/6/2018,After Market
TWO,11/6/2018,After Market
HLNE,11/6/2018,Before Market
IONS,11/6/2018,Before Market
LXP,11/6/2018,Before Market
PRIM,11/6/2018,Before Market
G,11/6/2018,After Market
QTWO,11/6/2018,After Market
MLM,11/6/2018,Before Market
BDX,11/6/2018,Before Market
DXCM,11/6/2018,After Market
PAGP,11/6/2018,After Market
BCC,11/6/2018,Before Market
DKL,11/6/2018,After Market
FSS,11/6/2018,Before Market
VCEL,11/6/2018,Before Market
Z,11/6/2018,After Market
STE,11/6/2018,Before Market
ASH,11/6/2018,After Market
HSIC,11/6/2018,Before Market
ZG,11/6/2018,After Market
SWX,11/6/2018,After Market
IOSP,11/6/2018,After Market
PZZA,11/6/2018,After Market
ACAD,11/6/2018,After Market
GLNG,11/5/2018,Before Market
OHI,11/5/2018,Before Market
GSHD,11/5/2018,After Market
SBAC,11/5/2018,After Market
VVV,11/5/2018,After Market
LASR,11/5/2018,After Market
PTCT,11/5/2018,After Market
FTDR,11/5/2018,After Market
GRBK,11/5/2018,After Market
CTRE,11/5/2018,After Market
CALX,11/5/2018,After Market
MWA,11/5/2018,After Market
MAR,11/5/2018,After Market
BHF,11/5/2018,After Market
DVAX,11/5/2018,After Market
FRPT,11/5/2018,After Market
FN,11/5/2018,After Market
EPRT,11/5/2018,Before Market
CNA,11/5/2018,Before Market
AWR,11/5/2018,After Market
BKNG,11/5/2018,After Market
INVH,11/5/2018,Before Market
IFF,11/5/2018,After Market
SKY,11/5/2018,After Market
BKH,11/5/2018,After Market
BKD,11/5/2018,After Market
SNDX,11/5/2018,After Market
NBIX,11/5/2018,After Market
CBT,11/5/2018,After Market
DCO,11/5/2018,After Market
NSSC,11/5/2018,Before Market
DEA,11/5/2018,Before Market
KMPR,11/5/2018,Before Market
ANDE,11/5/2018,After Market
APLE,11/5/2018,After Market
OTTR,11/5/2018,After Market
FMC,11/5/2018,After Market
LTC,11/5/2018,After Market
BE,11/5/2018,Before Market
CAR,11/5/2018,After Market
PCG,11/5/2018,Before Market
DXPE,11/5/2018,Before Market
AVDL,11/5/2018,Before Market
SYY,11/5/2018,Before Market
FNV,11/5/2018,After Market
MATX,11/5/2018,After Market
RARE,11/5/2018,After Market
RNG,11/5/2018,After Market
ELF,11/5/2018,After Market
PEN,11/5/2018,After Market
FOLD,11/5/2018,Before Market
COHU,11/5/2018,After Market
STRL,11/5/2018,After Market
ITRI,11/5/2018,After Market
IPAR,11/5/2018,After Market
L,11/5/2018,Before Market
RACE,11/5/2018,Before Market
BSM,11/5/2018,After Market
ATRO,11/5/2018,After Market
ADUS,11/5/2018,After Market
KMT,11/5/2018,After Market
CXW,11/5/2018,After Market
THC,11/5/2018,After Market
OUT,11/5/2018,After Market
UUUU,11/5/2018,Before Market
KRYS,11/5/2018,Before Market
XHR,11/5/2018,Before Market
OXY,11/5/2018,After Market
RBC,11/5/2018,Before Market
NTR,11/5/2018,After Market
MOS,11/5/2018,After Market
SBRA,11/5/2018,After Market
BRK/B,11/3/2018,Before Market
VST,11/2/2018,Before Market
KT,11/2/2018,Before Market
DOC,11/2/2018,Before Market
ITT,11/2/2018,Before Market
ABBV,11/2/2018,Before Market
MOG/A,11/2/2018,Before Market
BIP,11/2/2018,Before Market
CBOE,11/2/2018,Before Market
CNK,11/2/2018,Before Market
STX,11/2/2018,Before Market
XOM,11/2/2018,Before Market
WMK,11/2/2018,After Market
DUK,11/2/2018,Before Market
WPC,11/2/2018,Before Market
TDS,11/2/2018,Before Market
CCJ,11/2/2018,Before Market
CVX,11/2/2018,Before Market
IMO,11/2/2018,Before Market
ENB,11/2/2018,Before Market
WTS,11/2/2018,After Market
BBU,11/2/2018,Before Market
EXTR,11/2/2018,Before Market
FTS,11/2/2018,Before Market
BABA,11/2/2018,Before Market
SBUX,11/1/2018,After Market
MAIN,11/1/2018,After Market
GIL,11/1/2018,Before Market
USPH,11/1/2018,Before Market
PMT,11/1/2018,After Market
ITGR,11/1/2018,Before Market
AAPL,11/1/2018,After Market
LNC,11/1/2018,After Market
NVO,11/1/2018,Before Market
ICFI,11/1/2018,After Market
ATR,11/1/2018,After Market
TEVA,11/1/2018,Before Market
IRT,11/1/2018,Before Market
ALEX,11/1/2018,After Market
LCII,11/1/2018,Before Market
GPOR,11/1/2018,After Market
MD,11/1/2018,Before Market
EPAM,11/1/2018,Before Market
GLPI,11/1/2018,Before Market
IBP,11/1/2018,Before Market
MSI,11/1/2018,After Market
CORT,11/1/2018,After Market
UFPT,11/1/2018,Before Market
ZTS,11/1/2018,Before Market
MTZ,11/1/2018,After Market
AAON,11/1/2018,Before Market
JHG,11/1/2018,Before Market
IDA,11/1/2018,Before Market
NI,11/1/2018,Before Market
MTX,11/1/2018,After Market
BIO,11/1/2018,After Market
CNMD,11/1/2018,After Market
CHEF,11/1/2018,After Market
WLDN,11/1/2018,After Market
VECO,11/1/2018,Before Market
SKT,11/1/2018,After Market
KNSL,11/1/2018,After Market
PPL,11/1/2018,Before Market
KNSA,11/1/2018,Before Market
NYT,11/1/2018,Before Market
CNQ,11/1/2018,Before Market
VICI,11/1/2018,After Market
MELI,11/1/2018,After Market
HST,11/1/2018,After Market
CBRE,11/1/2018,Before Market
GOLF,11/1/2018,Before Market
LBRDA,11/1/2018,After Market
PFSI,11/1/2018,After Market
LBRDK,11/1/2018,After Market
PODD,11/1/2018,After Market
EXC,11/1/2018,Before Market
SNDR,11/1/2018,Before Market
PENN,11/1/2018,Before Market
INGR,11/1/2018,Before Market
PBH,11/1/2018,Before Market
EQIX,11/1/2018,After Market
MSCI,11/1/2018,Before Market
OLED,11/1/2018,After Market
MET,11/1/2018,After Market
OSK,11/1/2018,Before Market
ROCK,11/1/2018,Before Market
FICO,11/1/2018,After Market
ARCB,11/1/2018,After Market
HTGC,11/1/2018,After Market
CRC,11/1/2018,After Market
RGEN,11/1/2018,Before Market
PBA,11/1/2018,After Market
AGIO,11/1/2018,Before Market
SEDG,11/1/2018,After Market
CWST,11/1/2018,After Market
SNN,11/1/2018,Before Market
TRMB,11/1/2018,After Market
FLR,11/1/2018,After Market
TRP,11/1/2018,Before Market
BL,11/1/2018,After Market
SPOT,11/1/2018,Before Market
IDCC,11/1/2018,Before Market
SN,11/1/2018,Before Market
FND,11/1/2018,Before Market
SM,11/1/2018,After Market
PCTY,11/1/2018,After Market
TDC,11/1/2018,After Market
CI,11/1/2018,Before Market
ARES,11/1/2018,Before Market
TRNO,11/1/2018,After Market
CC,11/1/2018,After Market
ACLS,11/1/2018,After Market
BLDR,11/1/2018,After Market
EXEL,11/1/2018,After Market
ANET,11/1/2018,After Market
CRAI,11/1/2018,Before Market
SHAK,11/1/2018,After Market
ATGE,11/1/2018,After Market
BRKR,11/1/2018,After Market
VIAV,11/1/2018,After Market
CRUS,11/1/2018,After Market
PWR,11/1/2018,Before Market
AMH,11/1/2018,After Market
LITE,11/1/2018,Before Market
AME,11/1/2018,Before Market
GTES,11/1/2018,After Market
GSAT,11/1/2018,After Market
MPLX,11/1/2018,Before Market
NNN,11/1/2018,Before Market
PEB,11/1/2018,After Market
ES,11/1/2018,After Market
ROG,11/1/2018,After Market
EE,11/1/2018,Before Market
TEX,11/1/2018,After Market
ED,11/1/2018,After Market
APPN,11/1/2018,After Market
DHT,11/1/2018,After Market
HASI,11/1/2018,After Market
STAG,11/1/2018,After Market
FTNT,11/1/2018,After Market
GNRC,11/1/2018,Before Market
D,11/1/2018,Before Market
GEL,11/1/2018,Before Market
FTAI,11/1/2018,After Market
VSAT,11/1/2018,Before Market
CWT,11/1/2018,Before Market
BELFB,11/1/2018,Before Market
TFX,11/1/2018,Before Market
IDXX,11/1/2018,Before Market
LYV,11/1/2018,After Market
CNXN,11/1/2018,After Market
BCE,11/1/2018,Before Market
WTW,11/1/2018,After Market
BFAM,11/1/2018,After Market
WCC,11/1/2018,Before Market
ATRC,11/1/2018,After Market
PH,11/1/2018,Before Market
NTCT,11/1/2018,Before Market
W,11/1/2018,Before Market
EOG,11/1/2018,After Market
ING,11/1/2018,Before Market
CECO,11/1/2018,After Market
NSP,11/1/2018,Before Market
SEM,11/1/2018,After Market
SEE,11/1/2018,Before Market
CHD,11/1/2018,Before Market
HR,11/1/2018,After Market
UMH,11/1/2018,After Market
NSA,11/1/2018,After Market
DMLP,11/1/2018,Before Market
CYTK,11/1/2018,After Market
EXLS,11/1/2018,Before Market
KWR,11/1/2018,After Market
THS,11/1/2018,Before Market
SFM,11/1/2018,Before Market
KHC,11/1/2018,After Market
ARW,11/1/2018,Before Market
NFG,11/1/2018,After Market
NVMI,11/1/2018,Before Market
TNDM,11/1/2018,After Market
DNOW,11/1/2018,Before Market
IT,11/1/2018,Before Market
MPC,11/1/2018,Before Market
CZR,11/1/2018,After Market
CCOI,11/1/2018,Before Market
SPXC,11/1/2018,After Market
OTEX,10/31/2018,After Market
AROC,10/31/2018,After Market
CMPR,10/31/2018,After Market
CHDN,10/31/2018,After Market
WEX,10/31/2018,Before Market
RDN,10/31/2018,Before Market
MAA,10/31/2018,After Market
MAC,10/31/2018,After Market
FORM,10/31/2018,After Market
CACI,10/31/2018,After Market
LPG,10/31/2018,Before Market
CLH,10/31/2018,Before Market
WHD,10/31/2018,After Market
ETR,10/31/2018,Before Market
AWK,10/31/2018,After Market
NE,10/31/2018,After Market
AEE,10/31/2018,Before Market
EL,10/31/2018,Before Market
QRVO,10/31/2018,After Market
MT,10/31/2018,Before Market
ICE,10/31/2018,Before Market
LQDA,10/31/2018,Before Market
CNO,10/31/2018,After Market
LIVN,10/31/2018,Before Market
RGLD,10/31/2018,After Market
NTLA,10/31/2018,Before Market
PPC,10/31/2018,After Market
XPO,10/31/2018,After Market
CAMT,10/31/2018,Before Market
MTDR,10/31/2018,After Market
INVA,10/31/2018,After Market
OMF,10/31/2018,After Market
TPL,10/31/2018,After Market
DBD,10/31/2018,Before Market
MDU,10/31/2018,After Market
UTHR,10/31/2018,Before Market
RYN,10/31/2018,After Market
HCC,10/31/2018,After Market
WMB,10/31/2018,After Market
YUM,10/31/2018,Before Market
TMHC,10/31/2018,Before Market
HBM,10/31/2018,After Market
SITE,10/31/2018,Before Market
TAP,10/31/2018,Before Market
SNY,10/31/2018,Before Market
PBF,10/31/2018,Before Market
ARCC,10/31/2018,Before Market
STNG,10/31/2018,Before Market
AIG,10/31/2018,After Market
TAC,10/31/2018,Before Market
NLY,10/31/2018,After Market
BG,10/31/2018,Before Market
NXPI,10/31/2018,After Market
SU,10/31/2018,After Market
AR,10/31/2018,After Market
CLX,10/31/2018,Before Market
TEL,10/31/2018,Before Market
AM,10/31/2018,After Market
CG,10/31/2018,Before Market
ALG,10/31/2018,After Market
SAFT,10/31/2018,After Market
FISV,10/31/2018,After Market
CF,10/31/2018,After Market
CBZ,10/31/2018,Before Market
TS,10/31/2018,After Market
GSK,10/31/2018,Before Market
KRG,10/31/2018,After Market
CDE,10/31/2018,After Market
ENSG,10/31/2018,After Market
JOE,10/31/2018,After Market
UE,10/31/2018,After Market
ALL,10/31/2018,After Market
BSAC,10/31/2018,Before Market
HESM,10/31/2018,Before Market
WD,10/31/2018,Before Market
ADP,10/31/2018,Before Market
SSNC,10/31/2018,After Market
SAIA,10/31/2018,Before Market
MASI,10/31/2018,After Market
CDW,10/31/2018,Before Market
SAN,10/31/2018,Before Market
EC,10/31/2018,After Market
GRMN,10/31/2018,Before Market
CVE,10/31/2018,Before Market
STAA,10/31/2018,After Market
DX,10/31/2018,Before Market
HGV,10/31/2018,After Market
THR,10/31/2018,Before Market
FRT,10/31/2018,After Market
BAX,10/31/2018,Before Market
NPO,10/31/2018,After Market
APO,10/31/2018,Before Market
THG,10/31/2018,After Market
S,10/31/2018,Before Market
GM,10/31/2018,Before Market
TYL,10/31/2018,After Market
APA,10/31/2018,After Market
O,10/31/2018,After Market
HWKN,10/31/2018,After Market
CHT,10/31/2018,Before Market
LFUS,10/31/2018,Before Market
MOH,10/31/2018,After Market
BDC,10/31/2018,Before Market
AXTI,10/31/2018,After Market
EPD,10/31/2018,Before Market
BEP,10/31/2018,Before Market
CIM,10/31/2018,Before Market
WEC,10/31/2018,Before Market
APTV,10/31/2018,Before Market
AIT,10/31/2018,Before Market
MYRG,10/31/2018,After Market
MUSA,10/31/2018,After Market
VSEC,10/30/2018,After Market
ASX,10/30/2018,Before Market
TTMI,10/30/2018,After Market
REXR,10/30/2018,After Market
AAT,10/30/2018,After Market
HMN,10/30/2018,After Market
AGCO,10/30/2018,Before Market
VSH,10/30/2018,Before Market
SIMO,10/30/2018,After Market
CTSH,10/30/2018,Before Market
ATEN,10/30/2018,After Market
VRSK,10/30/2018,After Market
KO,10/30/2018,Before Market
VOYA,10/30/2018,After Market
LNTH,10/30/2018,After Market
BXP,10/30/2018,After Market
CIGI,10/30/2018,Before Market
ACGL,10/30/2018,After Market
MA,10/30/2018,Before Market
IRTC,10/30/2018,After Market
ECL,10/30/2018,Before Market
MAS,10/30/2018,Before Market
BHE,10/30/2018,After Market
MRCY,10/30/2018,After Market
NEO,10/30/2018,Before Market
TMUS,10/30/2018,After Market
ETN,10/30/2018,Before Market
AWI,10/30/2018,Before Market
AER,10/30/2018,Before Market
MGRC,10/30/2018,After Market
CAKE,10/30/2018,After Market
CVLT,10/30/2018,Before Market
OKE,10/30/2018,After Market
INSM,10/30/2018,Before Market
CMI,10/30/2018,Before Market
MUX,10/30/2018,After Market
OI,10/30/2018,After Market
CNX,10/30/2018,Before Market
SKYW,10/30/2018,After Market
AFG,10/30/2018,After Market
FIS,10/30/2018,Before Market
SKM,10/30/2018,Before Market
EXP,10/30/2018,Before Market
EXAS,10/30/2018,After Market
EXR,10/30/2018,After Market
INCY,10/30/2018,Before Market
BIDU,10/30/2018,After Market
WELL,10/30/2018,Before Market
HCA,10/30/2018,Before Market
GPN,10/30/2018,Before Market
PSA,10/30/2018,After Market
SHOO,10/30/2018,Before Market
AMRC,10/30/2018,Before Market
MGM,10/30/2018,After Market
CASH,10/30/2018,After Market
VIV,10/30/2018,Before Market
TECH,10/30/2018,Before Market
AIN,10/30/2018,After Market
TRS,10/30/2018,Before Market
MXL,10/30/2018,After Market
ST,10/30/2018,Before Market
EIX,10/30/2018,After Market
EBAY,10/30/2018,After Market
SF,10/30/2018,After Market
CAI,10/30/2018,After Market
AN,10/30/2018,Before Market
FMS,10/30/2018,Before Market
TX,10/30/2018,After Market
EAT,10/30/2018,Before Market
BP,10/30/2018,Before Market
KBR,10/30/2018,Before Market
VMC,10/30/2018,Before Market
TENB,10/30/2018,After Market
EA,10/30/2018,After Market
PEG,10/30/2018,Before Market
CW,10/30/2018,After Market
WH,10/30/2018,Before Market
WAB,10/30/2018,Before Market
LYB,10/30/2018,Before Market
CRVL,10/30/2018,Before Market
MKL,10/30/2018,After Market
AMT,10/30/2018,Before Market
RNR,10/30/2018,After Market
PFE,10/30/2018,Before Market
AOS,10/30/2018,Before Market
MBIN,10/30/2018,After Market
H,10/30/2018,After Market
EVTC,10/30/2018,After Market
AMGN,10/30/2018,After Market
NMIH,10/30/2018,After Market
IRMD,10/30/2018,Before Market
YUMC,10/30/2018,After Market
HURN,10/30/2018,After Market
APAM,10/30/2018,After Market
PAYC,10/30/2018,After Market
QLYS,10/30/2018,After Market
USLM,10/30/2018,After Market
BTU,10/30/2018,Before Market
LBRT,10/30/2018,After Market
GE,10/30/2018,Before Market
TPR,10/30/2018,Before Market
IPGP,10/30/2018,Before Market
HMC,10/30/2018,Before Market
XYL,10/30/2018,Before Market
WES,10/30/2018,After Market
FDP,10/30/2018,Before Market
MSM,10/30/2018,Before Market
BBVA,10/30/2018,Before Market
CHRW,10/30/2018,After Market
FUN,10/30/2018,Before Market
HLF,10/30/2018,After Market
PJT,10/30/2018,Before Market
MOD,10/30/2018,After Market
TKR,10/29/2018,After Market
TNET,10/29/2018,After Market
OGS,10/29/2018,After Market
AMKR,10/29/2018,After Market
GABC,10/29/2018,After Market
TREX,10/29/2018,After Market
ESS,10/29/2018,Before Market
AXGN,10/29/2018,After Market
AVB,10/29/2018,After Market
KLAC,10/29/2018,After Market
HSBC,10/29/2018,Before Market
OLN,10/29/2018,After Market
DAN,10/29/2018,Before Market
MCY,10/29/2018,Before Market
PI,10/29/2018,After Market
RAMP,10/29/2018,Before Market
TXRH,10/29/2018,After Market
SXI,10/29/2018,Before Market
EHC,10/29/2018,After Market
UDR,10/29/2018,After Market
TCBK,10/29/2018,After Market
WING,10/29/2018,After Market
TFSL,10/29/2018,After Market
PCH,10/29/2018,Before Market
MDLZ,10/29/2018,After Market
KAI,10/29/2018,After Market
QCRH,10/29/2018,After Market
GSL,10/29/2018,After Market
CBL,10/29/2018,After Market
AMAL,10/29/2018,After Market
BAH,10/29/2018,Before Market
AMG,10/29/2018,Before Market
VNO,10/29/2018,After Market
CACC,10/29/2018,After Market
SSD,10/29/2018,After Market
APPF,10/29/2018,After Market
QGEN,10/29/2018,After Market
MEDP,10/29/2018,After Market
VNOM,10/29/2018,After Market
VRNS,10/29/2018,After Market
BRX,10/29/2018,After Market
WCN,10/29/2018,After Market
TSEM,10/29/2018,Before Market
FCPT,10/29/2018,After Market
SANM,10/29/2018,After Market
ALSN,10/29/2018,After Market
SCI,10/29/2018,After Market
RMBS,10/29/2018,After Market
AKAM,10/29/2018,After Market
CHE,10/29/2018,After Market
EPR,10/29/2018,After Market
ARLP,10/29/2018,Before Market
BLKB,10/29/2018,After Market
CGNX,10/29/2018,After Market
ARE,10/29/2018,After Market
VCYT,10/29/2018,After Market
AEIS,10/29/2018,After Market
ON,10/28/2018,Before Market
RDY,10/26/2018,Before Market
FELE,10/26/2018,Before Market
ZBH,10/26/2018,Before Market
VTR,10/26/2018,Before Market
CHTR,10/26/2018,Before Market
POR,10/26/2018,Before Market
IBN,10/26/2018,Before Market
MCO,10/26/2018,Before Market
PSX,10/26/2018,Before Market
GBX,10/26/2018,Before Market
GRC,10/26/2018,Before Market
FMX,10/26/2018,Before Market
CL,10/26/2018,Before Market
DCOM,10/26/2018,Before Market
ALV,10/26/2018,Before Market
GVA,10/26/2018,Before Market
ROP,10/26/2018,Before Market
PFS,10/26/2018,Before Market
AON,10/26/2018,Before Market
E,10/26/2018,Before Market
B,10/26/2018,Before Market
WY,10/26/2018,Before Market
R,10/26/2018,Before Market
KB,10/25/2018,Before Market
IRM,10/25/2018,Before Market
RCL,10/25/2018,Before Market
OMCL,10/25/2018,After Market
RMD,10/25/2018,After Market
FLEX,10/25/2018,After Market
SPGI,10/25/2018,Before Market
BMRN,10/25/2018,After Market
MTRN,10/25/2018,Before Market
AAL,10/25/2018,Before Market
CMC,10/25/2018,Before Market
LPLA,10/25/2018,After Market
VRSN,10/25/2018,After Market
BYD,10/25/2018,After Market
MRK,10/25/2018,Before Market
NVT,10/25/2018,Before Market
CLBK,10/25/2018,After Market
PRLB,10/25/2018,Before Market
KIM,10/25/2018,Before Market
JEF,10/25/2018,After Market
SYK,10/25/2018,After Market
MCK,10/25/2018,Before Market
FCFS,10/25/2018,Before Market
SBCF,10/25/2018,After Market
REG,10/25/2018,After Market
MMYT,10/25/2018,Before Market
MAT,10/25/2018,After Market
LECO,10/25/2018,Before Market
SHW,10/25/2018,Before Market
THRM,10/25/2018,Before Market
NEM,10/25/2018,Before Market
INTC,10/25/2018,After Market
ERIE,10/25/2018,After Market
AEP,10/25/2018,Before Market
CMS,10/25/2018,Before Market
EXPE,10/25/2018,After Market
GOOGL,10/25/2018,After Market
CMG,10/25/2018,After Market
FHB,10/25/2018,After Market
LDOS,10/25/2018,Before Market
KKR,10/25/2018,Before Market
MO,10/25/2018,Before Market
CME,10/25/2018,Before Market
POWI,10/25/2018,After Market
ALLE,10/25/2018,Before Market
UBS,10/25/2018,Before Market
NVCR,10/25/2018,Before Market
AGYS,10/25/2018,After Market
NMRK,10/25/2018,Before Market
UBSI,10/25/2018,Before Market
CMCSA,10/25/2018,Before Market
FIX,10/25/2018,After Market
IRDM,10/25/2018,Before Market
RGA,10/25/2018,After Market
MPWR,10/25/2018,After Market
WDC,10/25/2018,After Market
COR,10/25/2018,Before Market
DECK,10/25/2018,After Market
COP,10/25/2018,Before Market
CNOB,10/25/2018,Before Market
GPI,10/25/2018,Before Market
PAG,10/25/2018,Before Market
BOOT,10/25/2018,After Market
BLX,10/25/2018,Before Market
KOF,10/25/2018,Before Market
GOOG,10/25/2018,After Market
SHOP,10/25/2018,Before Market
HTH,10/25/2018,After Market
LAZ,10/25/2018,Before Market
EGO,10/25/2018,After Market
CPT,10/25/2018,After Market
MSTR,10/25/2018,After Market
HSY,10/25/2018,Before Market
CRI,10/25/2018,Before Market
ODFL,10/25/2018,Before Market
CINF,10/25/2018,After Market
RS,10/25/2018,Before Market
BMY,10/25/2018,Before Market
CENX,10/25/2018,After Market
ALLY,10/25/2018,Before Market
CSTM,10/25/2018,Before Market
OSIS,10/25/2018,After Market
IMAX,10/25/2018,Before Market
SPG,10/25/2018,Before Market
BC,10/25/2018,Before Market
MHK,10/25/2018,After Market
LUV,10/25/2018,Before Market
SAFE,10/25/2018,Before Market
AJG,10/25/2018,After Market
ALK,10/25/2018,Before Market
ORI,10/25/2018,Before Market
VLO,10/25/2018,Before Market
CTS,10/25/2018,Before Market
PATK,10/25/2018,Before Market
LEG,10/25/2018,After Market
LEA,10/25/2018,Before Market
BY,10/25/2018,After Market
VC,10/25/2018,Before Market
FSLR,10/25/2018,After Market
TROW,10/25/2018,Before Market
EQNR,10/25/2018,Before Market
BANC,10/25/2018,Before Market
CX,10/25/2018,Before Market
UHS,10/25/2018,After Market
GILD,10/25/2018,After Market
XEL,10/25/2018,Before Market
PSMT,10/25/2018,After Market
TBBK,10/25/2018,After Market
ARGX,10/25/2018,Before Market
SPSC,10/25/2018,After Market
EMN,10/25/2018,After Market
SIGI,10/25/2018,After Market
TSCO,10/25/2018,Before Market
NOV,10/25/2018,After Market
EME,10/25/2018,Before Market
OCFC,10/25/2018,After Market
SAM,10/25/2018,After Market
PFG,10/25/2018,After Market
AVT,10/25/2018,After Market
SAH,10/25/2018,Before Market
CUBE,10/25/2018,After Market
BEN,10/25/2018,Before Market
ENVA,10/25/2018,After Market
FAF,10/25/2018,Before Market
CUBI,10/25/2018,After Market
WST,10/25/2018,Before Market
WSO,10/25/2018,Before Market
COLB,10/25/2018,Before Market
HIG,10/25/2018,After Market
FE,10/25/2018,After Market
LSCC,10/25/2018,After Market
STC,10/25/2018,Before Market
TOWN,10/25/2018,Before Market
DORM,10/25/2018,After Market
WM,10/25/2018,Before Market
FBP,10/25/2018,Before Market
KEX,10/25/2018,After Market
MMSI,10/25/2018,After Market
ENTG,10/25/2018,Before Market
CFR,10/25/2018,Before Market
DLX,10/25/2018,Before Market
FCN,10/25/2018,Before Market
DLR,10/25/2018,After Market
FTV,10/25/2018,After Market
AMZN,10/25/2018,After Market
BUD,10/25/2018,Before Market
ARLO,10/25/2018,After Market
AXTA,10/25/2018,Before Market
LKFN,10/25/2018,Before Market
BWA,10/25/2018,Before Market
UNP,10/25/2018,Before Market
EQT,10/25/2018,Before Market
HLI,10/25/2018,After Market
IP,10/25/2018,Before Market
SWK,10/25/2018,Before Market
LKQ,10/25/2018,Before Market
HUBG,10/25/2018,After Market
BVN,10/25/2018,After Market
RSG,10/25/2018,After Market
COLM,10/25/2018,After Market
SLGN,10/24/2018,Before Market
ALGN,10/24/2018,After Market
ALGT,10/24/2018,After Market
TECK,10/24/2018,Before Market
FCNCA,10/24/2018,Before Market
LH,10/24/2018,Before Market
OII,10/24/2018,After Market
UPS,10/24/2018,Before Market
SMPL,10/24/2018,Before Market
SRPT,10/24/2018,After Market
NGVT,10/24/2018,After Market
FRME,10/24/2018,Before Market
MSFT,10/24/2018,After Market
KN,10/24/2018,After Market
VRTX,10/24/2018,After Market
TMO,10/24/2018,Before Market
GLPG,10/24/2018,After Market
WHR,10/24/2018,After Market
CLS,10/24/2018,After Market
LOB,10/24/2018,After Market
BPOP,10/24/2018,Before Market
NEU,10/24/2018,After Market
MSA,10/24/2018,After Market
BOKF,10/24/2018,Before Market
TSLA,10/24/2018,After Market
UAN,10/24/2018,After Market
AEM,10/24/2018,After Market
MTH,10/24/2018,After Market
QSR,10/24/2018,Before Market
MCRI,10/24/2018,After Market
TNC,10/24/2018,Before Market
ITW,10/24/2018,Before Market
PTC,10/24/2018,After Market
MKTX,10/24/2018,Before Market
OC,10/24/2018,Before Market
AFL,10/24/2018,After Market
RJF,10/24/2018,After Market
EVR,10/24/2018,Before Market
LAD,10/24/2018,Before Market
DTE,10/24/2018,Before Market
EFX,10/24/2018,After Market
SIRI,10/24/2018,Before Market
BKU,10/24/2018,Before Market
PB,10/24/2018,Before Market
MORN,10/24/2018,After Market
AXS,10/24/2018,After Market
TPH,10/24/2018,Before Market
CHKP,10/24/2018,Before Market
MEOH,10/24/2018,After Market
ORLY,10/24/2018,After Market
KNX,10/24/2018,Before Market
EIG,10/24/2018,After Market
ASGN,10/24/2018,After Market
WSBC,10/24/2018,After Market
AB,10/24/2018,Before Market
TRN,10/24/2018,After Market
ICLR,10/24/2018,After Market
CVBF,10/24/2018,After Market
MHO,10/24/2018,Before Market
BA,10/24/2018,Before Market
OSBC,10/24/2018,After Market
FNF,10/24/2018,After Market
FIBK,10/24/2018,After Market
NDAQ,10/24/2018,Before Market
TILE,10/24/2018,After Market
AKR,10/24/2018,After Market
LVS,10/24/2018,After Market
FFIV,10/24/2018,After Market
KRC,10/24/2018,After Market
SYBT,10/24/2018,Before Market
CUZ,10/24/2018,After Market
GTY,10/24/2018,After Market
SLAB,10/24/2018,Before Market
NOC,10/24/2018,Before Market
AMD,10/24/2018,After Market
DB,10/24/2018,Before Market
TDY,10/24/2018,Before Market
BANR,10/24/2018,After Market
V,10/24/2018,After Market
CMRE,10/24/2018,After Market
ROL,10/24/2018,Before Market
VALE,10/24/2018,After Market
CVI,10/24/2018,After Market
NOW,10/24/2018,After Market
DLB,10/24/2018,After Market
BSX,10/24/2018,Before Market
FR,10/24/2018,After Market
F,10/24/2018,After Market
STM,10/24/2018,Before Market
LSTR,10/24/2018,After Market
APH,10/24/2018,Before Market
FSV,10/24/2018,Before Market
SUI,10/24/2018,After Market
GD,10/24/2018,Before Market
SCL,10/24/2018,Before Market
T,10/24/2018,Before Market
CRS,10/24/2018,Before Market
OMAB,10/24/2018,After Market
PLXS,10/24/2018,After Market
NSC,10/24/2018,Before Market
GGG,10/24/2018,After Market
SCCO,10/24/2018,Before Market
BCS,10/24/2018,Before Market
AX,10/24/2018,After Market
FTI,10/24/2018,After Market
BCO,10/24/2018,Before Market
ARR,10/24/2018,After Market
PKG,10/24/2018,After Market
HLT,10/24/2018,Before Market
UNM,10/24/2018,After Market
IR,10/24/2018,Before Market
FCX,10/24/2018,Before Market
GATX,10/23/2018,Before Market
ABG,10/23/2018,Before Market
PKX,10/23/2018,Before Market
HOG,10/23/2018,Before Market
NEE,10/23/2018,Before Market
LMT,10/23/2018,Before Market
ATI,10/23/2018,Before Market
PNR,10/23/2018,Before Market
BUSE,10/23/2018,After Market
BXMT,10/23/2018,After Market
NWE,10/23/2018,After Market
CNC,10/23/2018,Before Market
MCD,10/23/2018,Before Market
AVY,10/23/2018,Before Market
GLW,10/23/2018,Before Market
ASTE,10/23/2018,Before Market
COF,10/23/2018,After Market
ALKS,10/23/2018,Before Market
CNI,10/23/2018,After Market
ILMN,10/23/2018,After Market
MKSI,10/23/2018,After Market
RHI,10/23/2018,After Market
IEX,10/23/2018,After Market
GPK,10/23/2018,Before Market
RUSHA,10/23/2018,After Market
NAVI,10/23/2018,After Market
AI,10/23/2018,After Market
NBHC,10/23/2018,After Market
RF,10/23/2018,Before Market
TRU,10/23/2018,Before Market
MANH,10/23/2018,After Market
HBAN,10/23/2018,Before Market
TRMK,10/23/2018,After Market
CSL,10/23/2018,After Market
CAT,10/23/2018,Before Market
FNB,10/23/2018,Before Market
PEBO,10/23/2018,Before Market
CCB,10/23/2018,After Market
FITB,10/23/2018,Before Market
TR,10/23/2018,After Market
CB,10/23/2018,After Market
BIIB,10/23/2018,Before Market
VMI,10/23/2018,After Market
DGX,10/23/2018,Before Market
UMBF,10/23/2018,After Market
VZ,10/23/2018,Before Market
CSGP,10/23/2018,After Market
EDU,10/23/2018,Before Market
TER,10/23/2018,After Market
WRB,10/23/2018,After Market
AMP,10/23/2018,After Market
HIW,10/23/2018,After Market
SEIC,10/23/2018,After Market
TXN,10/23/2018,After Market
WAT,10/23/2018,Before Market
MLI,10/23/2018,Before Market
EW,10/23/2018,After Market
LRN,10/23/2018,After Market
MMM,10/23/2018,Before Market
PHM,10/23/2018,Before Market
PCAR,10/23/2018,Before Market
FCF,10/23/2018,After Market
RRC,10/23/2018,After Market
NTB,10/23/2018,After Market
EQR,10/23/2018,After Market
HUBB,10/23/2018,Before Market
FBNC,10/23/2018,After Market
ASR,10/22/2018,After Market
LOGI,10/22/2018,After Market
IQV,10/22/2018,Before Market
NBTB,10/22/2018,After Market
NWBI,10/22/2018,Before Market
CHCO,10/22/2018,Before Market
HNI,10/22/2018,After Market
MC,10/22/2018,After Market
ADC,10/22/2018,After Market
KMB,10/22/2018,Before Market
HAS,10/22/2018,Before Market
HAL,10/22/2018,Before Market
SLM,10/22/2018,After Market
ZION,10/22/2018,After Market
PRK,10/22/2018,After Market
ONB,10/22/2018,Before Market
EFSC,10/22/2018,After Market
CDNS,10/22/2018,After Market
BOH,10/22/2018,Before Market
CBU,10/22/2018,Before Market
RNST,10/22/2018,After Market
ELS,10/22/2018,After Market
CADE,10/22/2018,Before Market
SIFY,10/22/2018,Before Market
HXL,10/22/2018,After Market
CR,10/22/2018,After Market
BRO,10/22/2018,After Market
WSFS,10/22/2018,After Market
SSB,10/22/2018,After Market
PHG,10/22/2018,Before Market
RYAAY,10/22/2018,Before Market
SFNC,10/22/2018,After Market
PII,10/22/2018,Before Market
FBK,10/22/2018,After Market
LII,10/22/2018,Before Market
HDB,10/20/2018,Before Market
SYF,10/19/2018,Before Market
RCI,10/19/2018,Before Market
SXT,10/19/2018,Before Market
GNTX,10/19/2018,Before Market
TMP,10/19/2018,Before Market
ABCB,10/19/2018,Before Market
VFC,10/19/2018,Before Market
MAN,10/19/2018,Before Market
CLF,10/19/2018,Before Market
HON,10/19/2018,Before Market
RBCAA,10/19/2018,Before Market
SLB,10/19/2018,Before Market
BANF,10/19/2018,Before Market
CFG,10/19/2018,Before Market
STT,10/19/2018,Before Market
PG,10/19/2018,Before Market
OFG,10/19/2018,Before Market
GTLS,10/18/2018,Before Market
NUE,10/18/2018,Before Market
ASB,10/18/2018,After Market
WDFC,10/18/2018,After Market
NVS,10/18/2018,Before Market
DOV,10/18/2018,Before Market
OZK,10/18/2018,After Market
EXPO,10/18/2018,After Market
EEFT,10/18/2018,After Market
IVZ,10/18/2018,Before Market
PPG,10/18/2018,Before Market
PM,10/18/2018,Before Market
SRCE,10/18/2018,After Market
INDB,10/18/2018,After Market
FFBC,10/18/2018,After Market
AXP,10/18/2018,After Market
SNA,10/18/2018,Before Market
TEAM,10/18/2018,After Market
GPC,10/18/2018,Before Market
EGP,10/18/2018,After Market
TSM,10/18/2018,Before Market
TRV,10/18/2018,Before Market
BK,10/18/2018,Before Market
PYPL,10/18/2018,After Market
EWBC,10/18/2018,Before Market
SON,10/18/2018,Before Market
CE,10/18/2018,After Market
BX,10/18/2018,Before Market
CP,10/18/2018,After Market
FFIN,10/18/2018,After Market
WERN,10/18/2018,After Market
SAP,10/18/2018,Before Market
WABC,10/18/2018,Before Market
DHR,10/18/2018,Before Market
TXT,10/18/2018,Before Market
STBA,10/18/2018,Before Market
WAL,10/18/2018,After Market
KEY,10/18/2018,Before Market
BBT,10/18/2018,Before Market
WBS,10/18/2018,Before Market
LNN,10/18/2018,Before Market
HOMB,10/18/2018,Before Market
POOL,10/18/2018,Before Market
ISRG,10/18/2018,After Market
GBCI,10/18/2018,After Market
CTBI,10/17/2018,Before Market
KALU,10/17/2018,After Market
ABT,10/17/2018,Before Market
SFBS,10/17/2018,After Market
USB,10/17/2018,Before Market
MTG,10/17/2018,Before Market
MTB,10/17/2018,Before Market
URI,10/17/2018,After Market
KMI,10/17/2018,After Market
CNS,10/17/2018,After Market
PFBC,10/17/2018,After Market
STLD,10/17/2018,After Market
SLG,10/17/2018,After Market
WTFC,10/17/2018,After Market
AA,10/17/2018,After Market
TCBI,10/17/2018,After Market
BMI,10/17/2018,Before Market
RLI,10/17/2018,After Market
CCK,10/17/2018,After Market
NTRS,10/17/2018,Before Market
CATY,10/17/2018,After Market
CCI,10/17/2018,After Market
UNF,10/17/2018,Before Market
ASML,10/17/2018,Before Market
WGO,10/17/2018,Before Market
PLD,10/16/2018,Before Market
CMA,10/16/2018,Before Market
UFPI,10/16/2018,After Market
DPZ,10/16/2018,Before Market
IBM,10/16/2018,After Market
UAL,10/16/2018,After Market
HCSG,10/16/2018,After Market
FHN,10/16/2018,Before Market
MS,10/16/2018,Before Market
VICR,10/16/2018,After Market
FULT,10/16/2018,After Market
OMC,10/16/2018,Before Market
BLK,10/16/2018,Before Market
INFY,10/16/2018,Before Market
IBKR,10/16/2018,After Market
LRCX,10/16/2018,After Market
JNJ,10/16/2018,Before Market
HWC,10/16/2018,After Market
CSX,10/16/2018,After Market
NFLX,10/16/2018,After Market
MRTN,10/16/2018,After Market
PNFP,10/16/2018,After Market
AMX,10/16/2018,After Market
PGR,10/16/2018,Before Market
WAFD,10/16/2018,After Market
GS,10/16/2018,Before Market
GWW,10/16/2018,Before Market
UNH,10/16/2018,Before Market
JBHT,10/15/2018,After Market
SCHW,10/15/2018,Before Market
UEC,10/15/2018,Before Market
BAC,10/15/2018,Before Market
WFC,10/12/2018,Before Market
PNC,10/12/2018,Before Market
JPM,10/12/2018,Before Market
C,10/12/2018,Before Market
CBSH,10/11/2018,Before Market
DAL,10/11/2018,Before Market
FAST,10/10/2018,Before Market
IDT,10/9/2018,After Market
AZZ,10/9/2018,Before Market
COST,10/4/2018,After Market
LMAT,10/4/2018,After Market
STZ,10/4/2018,Before Market
AYI,10/3/2018,Before Market
RPM,10/3/2018,Before Market
SNX,10/3/2018,After Market
LEN,10/3/2018,Before Market
PAYX,10/2/2018,Before Market
LW,10/2/2018,Before Market
PEP,10/2/2018,Before Market
CALM,10/1/2018,Before Market
MTN,9/28/2018,Before Market
CUK,9/27/2018,Before Market
CCL,9/27/2018,Before Market
MKC,9/27/2018,Before Market
PRGS,9/27/2018,After Market
ACN,9/27/2018,Before Market
CAG,9/27/2018,Before Market
SDRL,9/27/2018,After Market
WOR,9/26/2018,Before Market
KMX,9/26/2018,Before Market
FUL,9/26/2018,After Market
MANU,9/25/2018,Before Market
CTAS,9/25/2018,After Market
KBH,9/25/2018,After Market
JBL,9/25/2018,Before Market
FDS,9/25/2018,Before Market
NKE,9/25/2018,After Market
AIR,9/25/2018,After Market
DAC,9/24/2018,After Market
AMAL,9/24/2018,Before Market
MU,9/20/2018,After Market
SMMT,9/20/2018,Before Market
UNFI,9/20/2018,After Market
DRI,9/20/2018,Before Market
THO,9/20/2018,Before Market
CPRT,9/19/2018,Before Market
AZO,9/18/2018,Before Market
GIS,9/18/2018,Before Market
ORCL,9/17/2018,After Market
FDX,9/17/2018,After Market
KR,9/13/2018,Before Market
SHLD,9/13/2018,After Market
BRC,9/13/2018,Before Market
ADBE,9/13/2018,After Market
PI,9/12/2018,After Market
EYPT,9/12/2018,Before Market
CASY,9/10/2018,After Market
SONO,9/10/2018,After Market
SAIC,9/10/2018,Before Market
ABM,9/6/2018,After Market
PANW,9/6/2018,After Market
GME,9/6/2018,After Market
DCI,9/6/2018,Before Market
KFY,9/6/2018,After Market
FIZZ,9/6/2018,Before Market
PAY,9/6/2018,After Market
OKTA,9/6/2018,After Market
GIII,9/6/2018,Before Market
AVGO,9/6/2018,After Market
FIVE,9/6/2018,After Market
MRVL,9/6/2018,After Market
DRD,9/5/2018,Before Market
DSGX,9/5/2018,After Market
AGX,9/5/2018,After Market
MDB,9/5/2018,After Market
GWRE,9/5/2018,After Market
CWK,9/5/2018,After Market
TENB,9/5/2018,After Market
ZS,9/5/2018,After Market
AVAV,9/5/2018,After Market
OLLI,9/5/2018,After Market
REVG,9/5/2018,After Market
DOCU,9/5/2018,After Market
WPP,9/4/2018,Before Market
HQY,9/4/2018,After Market
RH,9/4/2018,After Market
NSSC,9/4/2018,Before Market
WDAY,9/4/2018,After Market
CPB,8/30/2018,Before Market
BURL,8/30/2018,Before Market
SIG,8/30/2018,Before Market
CRNX,8/30/2018,After Market
NTNX,8/30/2018,After Market
ZLAB,8/30/2018,Before Market
COO,8/30/2018,After Market
ATEN,8/30/2018,After Market
AMBA,8/30/2018,After Market
PDD,8/30/2018,After Market
TD,8/30/2018,Before Market
DLTR,8/30/2018,Before Market
ANF,8/30/2018,Before Market
DG,8/30/2018,Before Market
KEN,8/30/2018,Before Market
LULU,8/30/2018,After Market
ULTA,8/30/2018,After Market
CIEN,8/30/2018,Before Market
AEO,8/29/2018,Before Market
BF/B,8/29/2018,Before Market
BF/A,8/29/2018,Before Market
CRM,8/29/2018,After Market
SMTC,8/29/2018,After Market
PVH,8/29/2018,After Market
DY,8/29/2018,Before Market
ASND,8/29/2018,After Market
GEF,8/29/2018,After Market
DKS,8/29/2018,Before Market
HPE,8/28/2018,After Market
REX,8/28/2018,Before Market
BMO,8/28/2018,Before Market
BNS,8/28/2018,Before Market
BJ,8/28/2018,Before Market
BOX,8/28/2018,After Market
HRB,8/28/2018,After Market
BBY,8/28/2018,Before Market
SXI,8/28/2018,Before Market
HEI,8/27/2018,After Market
BILI,8/27/2018,After Market
PAHC,8/27/2018,After Market
BKE,8/24/2018,Before Market
INTU,8/23/2018,After Market
GLNG,8/23/2018,Before Market
GLOB,8/23/2018,After Market
OPRA,8/23/2018,After Market
HPQ,8/23/2018,After Market
HRL,8/23/2018,Before Market
VEEV,8/23/2018,After Market
ROST,8/23/2018,After Market
FLY,8/23/2018,Before Market
BABA,8/23/2018,Before Market
TTC,8/23/2018,Before Market
CM,8/23/2018,Before Market
ADSK,8/23/2018,After Market
OSIS,8/23/2018,After Market
CRH,8/23/2018,Before Market
SNPS,8/22/2018,After Market
LB,8/22/2018,After Market
ADI,8/22/2018,Before Market
LOW,8/22/2018,Before Market
RY,8/22/2018,Before Market
HTHT,8/22/2018,After Market
BMA,8/22/2018,After Market
SQM,8/22/2018,After Market
PLAB,8/22/2018,Before Market
TGT,8/22/2018,Before Market
WSM,8/22/2018,After Market
FRO,8/22/2018,Before Market
HMY,8/21/2018,Before Market
LZB,8/21/2018,After Market
PSTG,8/21/2018,After Market
DAKT,8/21/2018,Before Market
TOL,8/21/2018,Before Market
SE,8/21/2018,After Market
URBN,8/21/2018,After Market
CCB,8/21/2018,Before Market
CAAP,8/21/2018,After Market
JKHY,8/21/2018,After Market
KSS,8/21/2018,Before Market
SJM,8/21/2018,Before Market
KEYS,8/21/2018,After Market
MDT,8/21/2018,Before Market
TJX,8/21/2018,Before Market
BHP,8/20/2018,Before Market
LTM,8/20/2018,After Market
EL,8/20/2018,Before Market
NDSN,8/20/2018,After Market
FN,8/20/2018,After Market
AU,8/20/2018,Before Market
DE,8/17/2018,Before Market
ESLT,8/16/2018,Before Market
NVDA,8/16/2018,After Market
GFI,8/16/2018,Before Market
WMT,8/16/2018,Before Market
GGAL,8/16/2018,After Market
AMAT,8/16/2018,After Market
JD,8/16/2018,Before Market
ATGE,8/16/2018,After Market
CSCO,8/15/2018,After Market
NTAP,8/15/2018,After Market
PFGC,8/15/2018,Before Market
CACI,8/15/2018,After Market
M,8/15/2018,Before Market
MAGS,8/15/2018,Before Market
RIOT,8/14/2018,After Market
VIAV,8/14/2018,After Market
TPR,8/14/2018,Before Market
EYE,8/14/2018,Before Market
MGY,8/14/2018,Before Market
SLNO,8/14/2018,After Market
BHVN,8/14/2018,After Market
ESTA,8/14/2018,Before Market
WPM,8/14/2018,After Market
MMYT,8/14/2018,Before Market
GDS,8/14/2018,Before Market
EC,8/14/2018,Before Market
CSIQ,8/14/2018,Before Market
A,8/14/2018,After Market
HD,8/14/2018,Before Market
CAE,8/14/2018,Before Market
AAP,8/14/2018,Before Market
EAT,8/14/2018,Before Market
VIPS,8/13/2018,After Market
DAVE,8/13/2018,After Market
AG,8/13/2018,Before Market
JKS,8/13/2018,Before Market
CEPU,8/13/2018,After Market
PAM,8/13/2018,Before Market
KEP,8/13/2018,Before Market
SYY,8/13/2018,Before Market
EQH,8/13/2018,After Market
IIPR,8/10/2018,After Market
ADMA,8/10/2018,Before Market
AIT,8/10/2018,Before Market
CYD,8/10/2018,Before Market
MCHP,8/9/2018,After Market
LNG,8/9/2018,Before Market
SKY,8/9/2018,After Market
RUN,8/9/2018,After Market
SYNA,8/9/2018,After Market
LAUR,8/9/2018,Before Market
TRGP,8/9/2018,Before Market
IMKTA,8/9/2018,After Market
IMOS,8/9/2018,Before Market
GLP,8/9/2018,Before Market
CORT,8/9/2018,After Market
CELC,8/9/2018,After Market
INVH,8/9/2018,After Market
CPK,8/9/2018,Before Market
BKNG,8/9/2018,Before Market
GOLD,8/9/2018,Before Market
AGM,8/9/2018,Before Market
VSAT,8/9/2018,After Market
DBX,8/9/2018,After Market
ROAD,8/9/2018,After Market
NCLH,8/9/2018,Before Market
NHC,8/9/2018,Before Market
NICE,8/9/2018,Before Market
AL,8/9/2018,After Market
SA,8/9/2018,After Market
CAPR,8/9/2018,After Market
AUPH,8/9/2018,After Market
OLED,8/9/2018,After Market
CQP,8/9/2018,Before Market
AMRX,8/9/2018,Before Market
SPH,8/9/2018,Before Market
KRP,8/9/2018,Before Market
CDNA,8/9/2018,After Market
TTD,8/9/2018,After Market
PLNT,8/9/2018,After Market
BAM,8/9/2018,Before Market
BLFS,8/9/2018,Before Market
CLMT,8/9/2018,Before Market
JHX,8/9/2018,After Market
NOG,8/9/2018,Before Market
PRGO,8/9/2018,Before Market
DNLI,8/9/2018,After Market
RDNT,8/9/2018,Before Market
LPG,8/9/2018,Before Market
NRP,8/9/2018,Before Market
VKTX,8/9/2018,After Market
NWSA,8/9/2018,After Market
ICUI,8/9/2018,After Market
SBS,8/9/2018,Before Market
MMS,8/9/2018,Before Market
SGRY,8/9/2018,Before Market
COLD,8/9/2018,After Market
JBGS,8/9/2018,After Market
SSRM,8/9/2018,After Market
INOD,8/9/2018,Before Market
GOOS,8/9/2018,Before Market
OGE,8/9/2018,Before Market
RBA,8/9/2018,After Market
WMS,8/9/2018,Before Market
WVE,8/9/2018,Before Market
NWS,8/9/2018,After Market
PCTY,8/9/2018,After Market
HL,8/9/2018,Before Market
ZTO,8/8/2018,After Market
NEU,8/8/2018,After Market
LASR,8/8/2018,After Market
AVT,8/8/2018,After Market
NVO,8/8/2018,Before Market
RYTM,8/8/2018,After Market
NOVT,8/8/2018,Before Market
FANG,8/8/2018,After Market
IAG,8/8/2018,After Market
PUK,8/8/2018,Before Market
IAC,8/8/2018,After Market
ATO,8/8/2018,After Market
LITE,8/8/2018,Before Market
SRPT,8/8/2018,After Market
TGLS,8/8/2018,Before Market
EPRT,8/8/2018,After Market
EXTR,8/8/2018,Before Market
CNK,8/8/2018,Before Market
SRRK,8/8/2018,After Market
CLDX,8/8/2018,After Market
ENS,8/8/2018,After Market
STE,8/8/2018,Before Market
BATRK,8/8/2018,Before Market
ECPG,8/8/2018,After Market
INSW,8/8/2018,Before Market
BATRA,8/8/2018,Before Market
ATHM,8/8/2018,Before Market
QURE,8/8/2018,Before Market
FOXA,8/8/2018,After Market
UHAL,8/8/2018,After Market
MELI,8/8/2018,After Market
CVNA,8/8/2018,After Market
CPA,8/8/2018,After Market
SLF,8/8/2018,After Market
SBGI,8/8/2018,Before Market
MUR,8/8/2018,After Market
LBRDK,8/8/2018,After Market
NYT,8/8/2018,Before Market
TPB,8/8/2018,Before Market
AMPH,8/8/2018,After Market
HRI,8/8/2018,Before Market
DAR,8/8/2018,After Market
LBRDA,8/8/2018,After Market
EQIX,8/8/2018,After Market
CRK,8/8/2018,Before Market
CRL,8/8/2018,Before Market
JLL,8/8/2018,Before Market
CPRI,8/8/2018,Before Market
LTC,8/8/2018,After Market
PAR,8/8/2018,After Market
MGA,8/8/2018,Before Market
PLUS,8/8/2018,After Market
FLS,8/8/2018,After Market
PAAS,8/8/2018,After Market
OCSL,8/8/2018,Before Market
BLBD,8/8/2018,After Market
MFC,8/8/2018,After Market
TRI,8/8/2018,Before Market
FOX,8/8/2018,After Market
LEU,8/8/2018,After Market
MNST,8/8/2018,After Market
FWONK,8/8/2018,Before Market
FWONA,8/8/2018,Before Market
FOR,8/8/2018,After Market
LOPE,8/8/2018,After Market
FNV,8/8/2018,After Market
SO,8/8/2018,Before Market
BV,8/8/2018,After Market
YELP,8/8/2018,After Market
GVA,8/8/2018,Before Market
BAP,8/8/2018,Before Market
MGIC,8/8/2018,Before Market
RGLD,8/8/2018,After Market
CVS,8/8/2018,Before Market
NTRA,8/8/2018,After Market
LXP,8/8/2018,Before Market
EVRG,8/8/2018,After Market
SAIL,8/8/2018,After Market
ELF,8/8/2018,After Market
CCU,8/8/2018,Before Market
LAMR,8/8/2018,Before Market
PEGA,8/8/2018,After Market
SUN,8/8/2018,After Market
VNOM,8/8/2018,After Market
CXW,8/8/2018,After Market
NXST,8/8/2018,Before Market
COKE,8/8/2018,After Market
COLL,8/8/2018,After Market
OUT,8/8/2018,After Market
ACAD,8/8/2018,After Market
SKY,8/8/2018,Before Market
MIDD,8/8/2018,Before Market
TGS,8/8/2018,After Market
FG,8/8/2018,After Market
STN,8/8/2018,Before Market
GEL,8/8/2018,Before Market
KDP,8/8/2018,Before Market
NTES,8/8/2018,After Market
WWW,8/8/2018,Before Market
ROKU,8/8/2018,After Market
AXSM,8/8/2018,Before Market
OXY,8/8/2018,After Market
GBDC,8/8/2018,After Market
STWD,8/8/2018,Before Market
CHH,8/8/2018,Before Market
SBRA,8/8/2018,After Market
ESE,8/7/2018,After Market
YPF,8/7/2018,After Market
LGIH,8/7/2018,Before Market
XENE,8/7/2018,After Market
DIOD,8/7/2018,After Market
PTCT,8/7/2018,After Market
LC,8/7/2018,After Market
ACM,8/7/2018,Before Market
DXC,8/7/2018,After Market
GSHD,8/7/2018,After Market
ARMK,8/7/2018,Before Market
AXON,8/7/2018,After Market
LPX,8/7/2018,Before Market
USAC,8/7/2018,Before Market
LRN,8/7/2018,After Market
BIO,8/7/2018,After Market
EXPD,8/7/2018,Before Market
INSP,8/7/2018,After Market
TGNA,8/7/2018,Before Market
ICHR,8/7/2018,After Market
AAOI,8/7/2018,After Market
AES,8/7/2018,Before Market
HLNE,8/7/2018,Before Market
HALO,8/7/2018,After Market
ANAB,8/7/2018,Before Market
MDGL,8/7/2018,Before Market
MTCH,8/7/2018,After Market
ZBRA,8/7/2018,Before Market
NWN,8/7/2018,Before Market
CALX,8/7/2018,After Market
POWL,8/7/2018,After Market
UTI,8/7/2018,After Market
PRA,8/7/2018,After Market
HST,8/7/2018,After Market
BLD,8/7/2018,Before Market
PRI,8/7/2018,After Market
PTGX,8/7/2018,After Market
RHP,8/7/2018,Before Market
JAZZ,8/7/2018,After Market
XRAY,8/7/2018,Before Market
IFF,8/7/2018,After Market
SNDX,8/7/2018,After Market
SATS,8/7/2018,Before Market
PPL,8/7/2018,Before Market
CROX,8/7/2018,Before Market
SUPN,8/7/2018,After Market
TPC,8/7/2018,After Market
NHI,8/7/2018,Before Market
ANDE,8/7/2018,After Market
PARR,8/7/2018,After Market
DEA,8/7/2018,Before Market
NJR,8/7/2018,Before Market
MGEE,8/7/2018,After Market
BR,8/7/2018,Before Market
AIZ,8/7/2018,After Market
ATKR,8/7/2018,Before Market
MXL,8/7/2018,After Market
TRS,8/7/2018,Before Market
AMRC,8/7/2018,Before Market
PAA,8/7/2018,After Market
QDEL,8/7/2018,After Market
CRSP,8/7/2018,After Market
TGTX,8/7/2018,After Market
NNI,8/7/2018,After Market
ARWR,8/7/2018,After Market
AVDL,8/7/2018,Before Market
DXPE,8/7/2018,After Market
CARG,8/7/2018,After Market
BLDR,8/7/2018,After Market
ORA,8/7/2018,After Market
ALB,8/7/2018,After Market
IONS,8/7/2018,Before Market
CAR,8/7/2018,After Market
ACMR,8/7/2018,Before Market
SN,8/7/2018,Before Market
BE,8/7/2018,Before Market
WK,8/7/2018,After Market
VCTR,8/7/2018,Before Market
TWO,8/7/2018,After Market
SBLK,8/7/2018,After Market
IPAR,8/7/2018,After Market
FOLD,8/7/2018,Before Market
TDG,8/7/2018,Before Market
DQ,8/7/2018,Before Market
EMR,8/7/2018,Before Market
DHT,8/7/2018,After Market
IBOC,8/7/2018,Before Market
ALRM,8/7/2018,After Market
PEN,8/7/2018,After Market
DK,8/7/2018,After Market
GILT,8/7/2018,Before Market
ANIP,8/7/2018,Before Market
PAGP,8/7/2018,After Market
CIVI,8/7/2018,After Market
QTWO,8/7/2018,After Market
FSS,8/7/2018,Before Market
DIS,8/7/2018,After Market
DKL,8/7/2018,After Market
MMI,8/7/2018,After Market
HAE,8/7/2018,Before Market
TECH,8/7/2018,Before Market
PRIM,8/7/2018,Before Market
GEN,8/7/2018,After Market
G,8/7/2018,After Market
VSH,8/7/2018,Before Market
CYBR,8/7/2018,After Market
BOOT,8/7/2018,After Market
IOSP,8/7/2018,After Market
PZZA,8/7/2018,After Market
SWX,8/7/2018,After Market
CPRX,8/7/2018,After Market
UVV,8/7/2018,After Market
UMH,8/7/2018,After Market
BWXT,8/6/2018,After Market
VST,8/6/2018,Before Market
CVCO,8/6/2018,After Market
DVAX,8/6/2018,After Market
AWR,8/6/2018,After Market
KMT,8/6/2018,After Market
TWLO,8/6/2018,After Market
FRPT,8/6/2018,After Market
MAR,8/6/2018,After Market
BHF,8/6/2018,After Market
ETSY,8/6/2018,After Market
LGND,8/6/2018,After Market
KNSA,8/6/2018,Before Market
BKD,8/6/2018,After Market
EFC,8/6/2018,After Market
MWA,8/6/2018,After Market
BKH,8/6/2018,After Market
CAH,8/6/2018,Before Market
HSBC,8/6/2018,Before Market
RCUS,8/6/2018,After Market
KNSL,8/6/2018,After Market
APLE,8/6/2018,After Market
OTTR,8/6/2018,After Market
TSN,8/6/2018,Before Market
AIN,8/6/2018,After Market
DCO,8/6/2018,After Market
CBT,8/6/2018,After Market
NVGS,8/6/2018,After Market
FIVN,8/6/2018,After Market
ITRI,8/6/2018,After Market
METC,8/6/2018,After Market
KRYS,8/6/2018,Before Market
HSIC,8/6/2018,Before Market
SRE,8/6/2018,Before Market
RNG,8/6/2018,After Market
ADUS,8/6/2018,After Market
THC,8/6/2018,After Market
Z,8/6/2018,After Market
BCC,8/6/2018,Before Market
WTW,8/6/2018,After Market
BSM,8/6/2018,After Market
VCEL,8/6/2018,After Market
RBC,8/6/2018,After Market
GRBK,8/6/2018,After Market
MOS,8/6/2018,After Market
DMLP,8/6/2018,Before Market
NSA,8/6/2018,After Market
CSWC,8/6/2018,After Market
ZG,8/6/2018,After Market
BRK/B,8/4/2018,Before Market
KT,8/3/2018,Before Market
CBOE,8/3/2018,Before Market
TM,8/3/2018,Before Market
OHI,8/3/2018,After Market
CNP,8/3/2018,Before Market
AEE,8/3/2018,Before Market
PNW,8/3/2018,Before Market
ITT,8/3/2018,Before Market
ESNT,8/3/2018,Before Market
IESC,8/3/2018,Before Market
BCPC,8/3/2018,Before Market
PBR,8/3/2018,Before Market
WMK,8/3/2018,After Market
TAC,8/3/2018,Before Market
TU,8/3/2018,Before Market
WPC,8/3/2018,Before Market
ENB,8/3/2018,Before Market
LYB,8/3/2018,Before Market
TDS,8/3/2018,Before Market
ATRO,8/3/2018,Before Market
HE,8/3/2018,Before Market
UUUU,8/3/2018,After Market
BBU,8/3/2018,Before Market
KHC,8/3/2018,Before Market
BEP,8/3/2018,Before Market
ZTS,8/2/2018,Before Market
ATEC,8/2/2018,After Market
LNT,8/2/2018,After Market
PMT,8/2/2018,After Market
CTSH,8/2/2018,Before Market
REGN,8/2/2018,Before Market
TTWO,8/2/2018,After Market
USPH,8/2/2018,Before Market
ICFI,8/2/2018,After Market
ITGR,8/2/2018,Before Market
PDFS,8/2/2018,After Market
DOC,8/2/2018,Before Market
RCL,8/2/2018,Before Market
INSM,8/2/2018,Before Market
IRT,8/2/2018,Before Market
TEVA,8/2/2018,Before Market
BMRN,8/2/2018,After Market
GIL,8/2/2018,Before Market
AROC,8/2/2018,Before Market
MAIN,8/2/2018,After Market
NFG,8/2/2018,After Market
MTZ,8/2/2018,After Market
IDA,8/2/2018,Before Market
PH,8/2/2018,Before Market
CNQ,8/2/2018,Before Market
UFPT,8/2/2018,Before Market
BIP,8/2/2018,Before Market
MTX,8/2/2018,After Market
AAON,8/2/2018,Before Market
NE,8/2/2018,After Market
VECO,8/2/2018,Before Market
ICE,8/2/2018,Before Market
TNK,8/2/2018,Before Market
POST,8/2/2018,After Market
WLDN,8/2/2018,After Market
IBP,8/2/2018,Before Market
REG,8/2/2018,After Market
EPAM,8/2/2018,Before Market
MSI,8/2/2018,After Market
MD,8/2/2018,Before Market
GLPG,8/2/2018,After Market
WLK,8/2/2018,Before Market
CPT,8/2/2018,After Market
PFSI,8/2/2018,After Market
GOLF,8/2/2018,Before Market
EXC,8/2/2018,Before Market
VICI,8/2/2018,After Market
PODD,8/2/2018,After Market
CBRE,8/2/2018,Before Market
ACIW,8/2/2018,Before Market
OR,8/2/2018,After Market
CWST,8/2/2018,After Market
CNX,8/2/2018,Before Market
SNDR,8/2/2018,Before Market
CRS,8/2/2018,Before Market
NMRK,8/2/2018,Before Market
RMD,8/2/2018,After Market
GKOS,8/2/2018,After Market
MSCI,8/2/2018,Before Market
DFIN,8/2/2018,Before Market
HTGC,8/2/2018,After Market
AGIO,8/2/2018,Before Market
CRC,8/2/2018,After Market
PBF,8/2/2018,Before Market
MGM,8/2/2018,Before Market
TRP,8/2/2018,Before Market
HCI,8/2/2018,After Market
FLR,8/2/2018,After Market
BRKR,8/2/2018,After Market
PBA,8/2/2018,After Market
ALNY,8/2/2018,Before Market
ANET,8/2/2018,After Market
AIG,8/2/2018,After Market
INGR,8/2/2018,Before Market
SEDG,8/2/2018,After Market
OTEX,8/2/2018,After Market
GPN,8/2/2018,Before Market
GDDY,8/2/2018,After Market
YUM,8/2/2018,Before Market
RGEN,8/2/2018,Before Market
DUK,8/2/2018,Before Market
TRNO,8/2/2018,After Market
TDC,8/2/2018,After Market
SR,8/2/2018,Before Market
CRAI,8/2/2018,Before Market
ACLS,8/2/2018,After Market
CI,8/2/2018,Before Market
WING,8/2/2018,After Market
CC,8/2/2018,After Market
CBZ,8/2/2018,Before Market
BL,8/2/2018,After Market
HASI,8/2/2018,After Market
RARE,8/2/2018,After Market
FND,8/2/2018,Before Market
SHAK,8/2/2018,After Market
IDCC,8/2/2018,Before Market
MUFG,8/2/2018,Before Market
ARGX,8/2/2018,Before Market
SSNC,8/2/2018,After Market
KTOS,8/2/2018,After Market
EE,8/2/2018,Before Market
APPN,8/2/2018,After Market
CDW,8/2/2018,Before Market
COHU,8/2/2018,After Market
ED,8/2/2018,After Market
PWR,8/2/2018,Before Market
DX,8/2/2018,Before Market
TDY,8/2/2018,Before Market
ENSG,8/2/2018,After Market
CCS,8/2/2018,After Market
AMH,8/2/2018,After Market
STRL,8/2/2018,After Market
GSAT,8/2/2018,After Market
THS,8/2/2018,Before Market
BCS,8/2/2018,Before Market
WCC,8/2/2018,Before Market
BCE,8/2/2018,Before Market
BFAM,8/2/2018,After Market
BELFB,8/2/2018,Before Market
SBH,8/2/2018,Before Market
APO,8/2/2018,Before Market
CNXN,8/2/2018,After Market
NRG,8/2/2018,Before Market
FTAI,8/2/2018,After Market
W,8/2/2018,Before Market
EOG,8/2/2018,After Market
ING,8/2/2018,Before Market
TFX,8/2/2018,Before Market
HII,8/2/2018,Before Market
GEO,8/2/2018,Before Market
WEX,8/2/2018,Before Market
SFM,8/2/2018,Before Market
HMN,8/2/2018,After Market
EXLS,8/2/2018,Before Market
VEON,8/2/2018,Before Market
VAC,8/2/2018,Before Market
CCOI,8/2/2018,Before Market
DNOW,8/2/2018,Before Market
ARW,8/2/2018,Before Market
CLX,8/2/2018,Before Market
ALEX,8/2/2018,After Market
SEM,8/2/2018,After Market
SPXC,8/2/2018,After Market
LCII,8/2/2018,Before Market
CHD,8/2/2018,Before Market
HR,8/2/2018,After Market
PBH,8/2/2018,Before Market
BDX,8/2/2018,Before Market
XHR,8/2/2018,Before Market
SEE,8/2/2018,Before Market
TRUP,8/2/2018,After Market
MAA,8/1/2018,After Market
MAC,8/1/2018,After Market
CLH,8/1/2018,Before Market
WHD,8/1/2018,After Market
ETR,8/1/2018,Before Market
LNC,8/1/2018,After Market
FORM,8/1/2018,After Market
TTMI,8/1/2018,After Market
GIB,8/1/2018,Before Market
CHEF,8/1/2018,After Market
ESS,8/1/2018,After Market
CHDN,8/1/2018,After Market
VOYA,8/1/2018,After Market
TSLA,8/1/2018,After Market
KLIC,8/1/2018,After Market
AWK,8/1/2018,After Market
CNO,8/1/2018,After Market
CRUS,8/1/2018,After Market
PPC,8/1/2018,After Market
CNMD,8/1/2018,After Market
TMUS,8/1/2018,After Market
QSR,8/1/2018,Before Market
NI,8/1/2018,Before Market
MT,8/1/2018,Before Market
VVV,8/1/2018,After Market
TSLX,8/1/2018,After Market
AVA,8/1/2018,Before Market
GPOR,8/1/2018,After Market
RDWR,8/1/2018,Before Market
IRTC,8/1/2018,After Market
AXGN,8/1/2018,After Market
GLPI,8/1/2018,Before Market
THR,8/1/2018,Before Market
MET,8/1/2018,After Market
XPO,8/1/2018,After Market
EXAS,8/1/2018,After Market
LIVN,8/1/2018,Before Market
NTLA,8/1/2018,Before Market
AGO,8/1/2018,After Market
TRIP,8/1/2018,After Market
MOD,8/1/2018,After Market
MTDR,8/1/2018,After Market
RYN,8/1/2018,After Market
S,8/1/2018,Before Market
UTHR,8/1/2018,Before Market
DBD,8/1/2018,Before Market
CENX,8/1/2018,After Market
AFG,8/1/2018,After Market
GMED,8/1/2018,After Market
HWKN,8/1/2018,After Market
AM,8/1/2018,After Market
AR,8/1/2018,After Market
AN,8/1/2018,Before Market
SITE,8/1/2018,Before Market
HUM,8/1/2018,Before Market
TAP,8/1/2018,Before Market
FMC,8/1/2018,After Market
NSIT,8/1/2018,Before Market
TMHC,8/1/2018,Before Market
ARCC,8/1/2018,Before Market
TRMB,8/1/2018,After Market
DVA,8/1/2018,After Market
CMPR,8/1/2018,After Market
PRU,8/1/2018,After Market
TBPH,8/1/2018,Before Market
PSA,8/1/2018,After Market
HCC,8/1/2018,After Market
ZYME,8/1/2018,After Market
WMB,8/1/2018,After Market
CENT,8/1/2018,After Market
UE,8/1/2018,After Market
ALL,8/1/2018,After Market
ARES,8/1/2018,Before Market
SAFT,8/1/2018,After Market
NNN,8/1/2018,Before Market
PEG,8/1/2018,Before Market
JOE,8/1/2018,After Market
TS,8/1/2018,After Market
ALG,8/1/2018,After Market
EXEL,8/1/2018,After Market
GLDD,8/1/2018,Before Market
CF,8/1/2018,After Market
CG,8/1/2018,Before Market
FTNT,8/1/2018,After Market
GRMN,8/1/2018,Before Market
CBL,8/1/2018,After Market
TTEK,8/1/2018,After Market
NMM,8/1/2018,Before Market
KRG,8/1/2018,After Market
CSGS,8/1/2018,After Market
SM,8/1/2018,After Market
NLY,8/1/2018,After Market
BG,8/1/2018,Before Market
UGI,8/1/2018,After Market
NPO,8/1/2018,After Market
SIGI,8/1/2018,After Market
WH,8/1/2018,Before Market
STRA,8/1/2018,Before Market
MASI,8/1/2018,After Market
EZPW,8/1/2018,After Market
WD,8/1/2018,Before Market
QRVO,8/1/2018,After Market
HGV,8/1/2018,After Market
CECO,8/1/2018,After Market
STAA,8/1/2018,After Market
GTES,8/1/2018,After Market
SAIA,8/1/2018,Before Market
WYNN,8/1/2018,After Market
NMIH,8/1/2018,After Market
YUMC,8/1/2018,After Market
DXCM,8/1/2018,After Market
ENR,8/1/2018,Before Market
IDXX,8/1/2018,Before Market
AGYS,8/1/2018,After Market
EPD,8/1/2018,Before Market
LBRT,8/1/2018,After Market
WTS,8/1/2018,After Market
RACE,8/1/2018,Before Market
ATRC,8/1/2018,After Market
RIO,8/1/2018,Before Market
THG,8/1/2018,After Market
O,8/1/2018,After Market
MYRG,8/1/2018,After Market
MUSA,8/1/2018,After Market
HUBG,8/1/2018,After Market
APA,8/1/2018,After Market
FRT,8/1/2018,After Market
GFF,8/1/2018,After Market
D,8/1/2018,Before Market
GNRC,8/1/2018,Before Market
IT,8/1/2018,Before Market
HI,8/1/2018,After Market
NTR,8/1/2018,After Market
CIM,8/1/2018,Before Market
HUBS,8/1/2018,After Market
NVMI,8/1/2018,Before Market
ADP,8/1/2018,Before Market
KGC,8/1/2018,After Market
HLF,8/1/2018,After Market
NSP,8/1/2018,Before Market
LFUS,8/1/2018,Before Market
CZR,8/1/2018,Before Market
CIB,8/1/2018,After Market
CTRE,8/1/2018,After Market
FUN,8/1/2018,Before Market
LNTH,8/1/2018,After Market
BDC,8/1/2018,Before Market
ETN,7/31/2018,Before Market
AGCO,7/31/2018,Before Market
SIMO,7/31/2018,After Market
VRSK,7/31/2018,After Market
ASH,7/31/2018,After Market
REXR,7/31/2018,After Market
DOX,7/31/2018,After Market
BXP,7/31/2018,After Market
CAKE,7/31/2018,After Market
TKR,7/31/2018,Before Market
AWI,7/31/2018,Before Market
JHG,7/31/2018,After Market
PG,7/31/2018,Before Market
AAPL,7/31/2018,After Market
MGRC,7/31/2018,After Market
CRVL,7/31/2018,Before Market
OKE,7/31/2018,After Market
BIDU,7/31/2018,After Market
INCY,7/31/2018,Before Market
CMI,7/31/2018,Before Market
CLS,7/31/2018,After Market
ECL,7/31/2018,Before Market
MAS,7/31/2018,Before Market
ADM,7/31/2018,Before Market
MTSI,7/31/2018,After Market
ACGL,7/31/2018,After Market
HBM,7/31/2018,After Market
CAMT,7/31/2018,Before Market
EXR,7/31/2018,After Market
TPL,7/31/2018,After Market
MDU,7/31/2018,After Market
FIS,7/31/2018,Before Market
IRDM,7/31/2018,Before Market
OLN,7/31/2018,After Market
SKT,7/31/2018,After Market
MUX,7/31/2018,After Market
FMS,7/31/2018,Before Market
APLS,7/31/2018,After Market
CAI,7/31/2018,After Market
HMC,7/31/2018,Before Market
SNY,7/31/2018,Before Market
ARCB,7/31/2018,After Market
SHOP,7/31/2018,Before Market
DVN,7/31/2018,After Market
SHOO,7/31/2018,Before Market
SMG,7/31/2018,After Market
STNG,7/31/2018,Before Market
NBIX,7/31/2018,After Market
FISV,7/31/2018,After Market
ENPH,7/31/2018,After Market
TX,7/31/2018,After Market
BP,7/31/2018,Before Market
MRCY,7/31/2018,After Market
CACC,7/31/2018,After Market
OSK,7/31/2018,Before Market
ES,7/31/2018,After Market
TEX,7/31/2018,After Market
ROG,7/31/2018,After Market
PFE,7/31/2018,Before Market
MATX,7/31/2018,After Market
MKL,7/31/2018,After Market
COHR,7/31/2018,After Market
AMT,7/31/2018,Before Market
VMC,7/31/2018,Before Market
STAG,7/31/2018,After Market
AME,7/31/2018,Before Market
QLYS,7/31/2018,After Market
HURN,7/31/2018,After Market
XYL,7/31/2018,Before Market
PAYC,7/31/2018,After Market
IRMD,7/31/2018,Before Market
DORM,7/31/2018,Before Market
APAM,7/31/2018,After Market
QGEN,7/31/2018,After Market
APTV,7/31/2018,Before Market
FE,7/31/2018,After Market
H,7/31/2018,After Market
EVTC,7/31/2018,After Market
WES,7/31/2018,After Market
AAT,7/31/2018,After Market
CHRW,7/31/2018,After Market
WEC,7/31/2018,Before Market
FDP,7/31/2018,Before Market
AKAM,7/31/2018,After Market
IPGP,7/31/2018,Before Market
HOLX,7/31/2018,After Market
CIGI,7/31/2018,Before Market
CHTR,7/31/2018,Before Market
PJT,7/31/2018,Before Market
JCI,7/31/2018,Before Market
RL,7/31/2018,Before Market
FTS,7/31/2018,Before Market
AMSC,7/31/2018,After Market
RRR,7/31/2018,After Market
MOH,7/31/2018,After Market
TREX,7/30/2018,After Market
SANM,7/30/2018,After Market
TNET,7/30/2018,After Market
SBAC,7/30/2018,After Market
GABC,7/30/2018,After Market
AMKR,7/30/2018,After Market
BAH,7/30/2018,Before Market
SMFG,7/30/2018,Before Market
CNA,7/30/2018,Before Market
AER,7/30/2018,Before Market
AVB,7/30/2018,After Market
ILMN,7/30/2018,After Market
OMF,7/30/2018,After Market
TXRH,7/30/2018,After Market
MCY,7/30/2018,Before Market
KMPR,7/30/2018,Before Market
SF,7/30/2018,After Market
UDR,7/30/2018,After Market
LOGI,7/30/2018,After Market
USFD,7/30/2018,Before Market
KLAC,7/30/2018,After Market
GSL,7/30/2018,Before Market
KAI,7/30/2018,After Market
APPF,7/30/2018,After Market
CAT,7/30/2018,Before Market
PCH,7/30/2018,After Market
SPG,7/30/2018,Before Market
BRX,7/30/2018,After Market
SSB,7/30/2018,After Market
SSD,7/30/2018,After Market
VNO,7/30/2018,After Market
STX,7/30/2018,Before Market
JJSF,7/30/2018,After Market
TFSL,7/30/2018,After Market
AMG,7/30/2018,Before Market
KWR,7/30/2018,After Market
RRC,7/30/2018,After Market
VRNS,7/30/2018,After Market
ALSN,7/30/2018,After Market
SCI,7/30/2018,After Market
MEDP,7/30/2018,After Market
L,7/30/2018,Before Market
AEIS,7/30/2018,After Market
RMBS,7/30/2018,After Market
EXP,7/30/2018,Before Market
MBIN,7/30/2018,After Market
TNDM,7/30/2018,After Market
ARLP,7/30/2018,Before Market
OGS,7/30/2018,After Market
UNM,7/30/2018,After Market
BLKB,7/30/2018,After Market
CGNX,7/30/2018,After Market
CHT,7/30/2018,Before Market
WWD,7/30/2018,After Market
ARE,7/30/2018,After Market
EPR,7/30/2018,After Market
ON,7/29/2018,After Market
ZBH,7/27/2018,Before Market
MRK,7/27/2018,Before Market
IRM,7/27/2018,Before Market
SYF,7/27/2018,Before Market
VTR,7/27/2018,Before Market
ASX,7/27/2018,Before Market
MCO,7/27/2018,Before Market
VIRT,7/27/2018,Before Market
POR,7/27/2018,Before Market
ABBV,7/27/2018,Before Market
ABCB,7/27/2018,Before Market
MOG/A,7/27/2018,Before Market
TPH,7/27/2018,Before Market
XOM,7/27/2018,Before Market
WELL,7/27/2018,Before Market
SKM,7/27/2018,Before Market
GRC,7/27/2018,Before Market
FMX,7/27/2018,Before Market
PSX,7/27/2018,Before Market
CL,7/27/2018,Before Market
ALV,7/27/2018,Before Market
IBN,7/27/2018,Before Market
PFS,7/27/2018,Before Market
CVX,7/27/2018,Before Market
KBR,7/27/2018,Before Market
SAH,7/27/2018,Before Market
WY,7/27/2018,Before Market
IMO,7/27/2018,Before Market
E,7/27/2018,Before Market
AON,7/27/2018,Before Market
B,7/27/2018,Before Market
BBVA,7/27/2018,Before Market
BEN,7/27/2018,Before Market
PSO,7/27/2018,Before Market
LPLA,7/26/2018,After Market
NEM,7/26/2018,Before Market
RDN,7/26/2018,Before Market
MTRN,7/26/2018,Before Market
VRSN,7/26/2018,After Market
TECK,7/26/2018,Before Market
ATR,7/26/2018,After Market
BYD,7/26/2018,After Market
FCNCA,7/26/2018,Before Market
SPGI,7/26/2018,Before Market
LDOS,7/26/2018,Before Market
JEF,7/26/2018,After Market
SBCF,7/26/2018,After Market
KIM,7/26/2018,Before Market
UCTT,7/26/2018,After Market
OMCL,7/26/2018,After Market
ERIE,7/26/2018,After Market
LMAT,7/26/2018,After Market
INTC,7/26/2018,After Market
RGA,7/26/2018,After Market
THRM,7/26/2018,Before Market
EXPE,7/26/2018,After Market
CMS,7/26/2018,Before Market
DGII,7/26/2018,After Market
MCD,7/26/2018,Before Market
KKR,7/26/2018,Before Market
MO,7/26/2018,Before Market
CME,7/26/2018,Before Market
PENN,7/26/2018,Before Market
UBSI,7/26/2018,Before Market
FHB,7/26/2018,After Market
SBUX,7/26/2018,After Market
CNOB,7/26/2018,Before Market
MTD,7/26/2018,After Market
CMG,7/26/2018,After Market
FCFS,7/26/2018,Before Market
EA,7/26/2018,After Market
MA,7/26/2018,Before Market
HSY,7/26/2018,Before Market
EGO,7/26/2018,After Market
ALKS,7/26/2018,Before Market
NTCT,7/26/2018,Before Market
SKYW,7/26/2018,After Market
INVA,7/26/2018,After Market
IVZ,7/26/2018,Before Market
CMCSA,7/26/2018,Before Market
POWI,7/26/2018,After Market
COR,7/26/2018,Before Market
COP,7/26/2018,Before Market
AFL,7/26/2018,After Market
FIX,7/26/2018,After Market
BTI,7/26/2018,Before Market
NVCR,7/26/2018,Before Market
ALLE,7/26/2018,Before Market
ROCK,7/26/2018,Before Market
MSTR,7/26/2018,After Market
AJG,7/26/2018,After Market
EIX,7/26/2018,After Market
ALLY,7/26/2018,Before Market
CINF,7/26/2018,After Market
BMY,7/26/2018,Before Market
AB,7/26/2018,Before Market
ODFL,7/26/2018,Before Market
CRI,7/26/2018,Before Market
RS,7/26/2018,Before Market
SPOT,7/26/2018,Before Market
HLI,7/26/2018,After Market
DCOM,7/26/2018,After Market
ADNT,7/26/2018,Before Market
SNN,7/26/2018,Before Market
PAG,7/26/2018,Before Market
KOF,7/26/2018,Before Market
HTH,7/26/2018,After Market
LAZ,7/26/2018,Before Market
AZN,7/26/2018,Before Market
TCBK,7/26/2018,After Market
GPI,7/26/2018,Before Market
FLEX,7/26/2018,After Market
FICO,7/26/2018,After Market
VLO,7/26/2018,Before Market
RDY,7/26/2018,Before Market
ALK,7/26/2018,Before Market
ORI,7/26/2018,Before Market
SPB,7/26/2018,Before Market
CASH,7/26/2018,After Market
CX,7/26/2018,Before Market
LEG,7/26/2018,After Market
DEO,7/26/2018,Before Market
SAFE,7/26/2018,Before Market
CTS,7/26/2018,Before Market
PATK,7/26/2018,Before Market
OCFC,7/26/2018,After Market
LEA,7/26/2018,Before Market
BY,7/26/2018,After Market
LUV,7/26/2018,Before Market
PCG,7/26/2018,Before Market
NXPI,7/26/2018,Before Market
BC,7/26/2018,Before Market
EW,7/26/2018,After Market
TBBK,7/26/2018,After Market
DHI,7/26/2018,Before Market
ROP,7/26/2018,Before Market
SPSC,7/26/2018,After Market
MCK,7/26/2018,Before Market
LYV,7/26/2018,After Market
BANC,7/26/2018,Before Market
MLM,7/26/2018,Before Market
NOV,7/26/2018,After Market
EME,7/26/2018,Before Market
BSAC,7/26/2018,Before Market
XEL,7/26/2018,Before Market
EMN,7/26/2018,After Market
FSLR,7/26/2018,After Market
VC,7/26/2018,Before Market
CVE,7/26/2018,Before Market
SAM,7/26/2018,After Market
PFG,7/26/2018,After Market
ENTG,7/26/2018,Before Market
WDC,7/26/2018,After Market
MPLX,7/26/2018,Before Market
EQNR,7/26/2018,Before Market
TSCO,7/26/2018,Before Market
TEAM,7/26/2018,After Market
TSEM,7/26/2018,Before Market
BUD,7/26/2018,Before Market
DECK,7/26/2018,After Market
TOWN,7/26/2018,Before Market
ENVA,7/26/2018,After Market
COLM,7/26/2018,After Market
CFR,7/26/2018,Before Market
TYL,7/26/2018,After Market
RELX,7/26/2018,Before Market
PHM,7/26/2018,Before Market
BAX,7/26/2018,Before Market
APD,7/26/2018,Before Market
CWT,7/26/2018,Before Market
HIG,7/26/2018,After Market
LSCC,7/26/2018,After Market
FAF,7/26/2018,Before Market
AMGN,7/26/2018,After Market
COLB,7/26/2018,Before Market
CUBE,7/26/2018,After Market
WST,7/26/2018,Before Market
AAL,7/26/2018,Before Market
AMZN,7/26/2018,After Market
CYTK,7/26/2018,After Market
EQT,7/26/2018,Before Market
MPC,7/26/2018,Before Market
IP,7/26/2018,Before Market
BWA,7/26/2018,Before Market
VSEC,7/26/2018,After Market
LRCX,7/26/2018,After Market
PRLB,7/26/2018,Before Market
DLX,7/26/2018,Before Market
LKQ,7/26/2018,Before Market
RSG,7/26/2018,After Market
CLBK,7/26/2018,Before Market
FTV,7/26/2018,After Market
FCN,7/26/2018,Before Market
DLR,7/26/2018,After Market
LH,7/25/2018,Before Market
MSA,7/25/2018,After Market
UPS,7/25/2018,Before Market
NGVT,7/25/2018,After Market
OII,7/25/2018,After Market
NEE,7/25/2018,Before Market
VRTX,7/25/2018,After Market
KO,7/25/2018,Before Market
ALGN,7/25/2018,After Market
ALGT,7/25/2018,After Market
EVR,7/25/2018,Before Market
BOKF,7/25/2018,Before Market
SIFY,7/25/2018,Before Market
GLW,7/25/2018,Before Market
AEP,7/25/2018,Before Market
AEM,7/25/2018,After Market
UAN,7/25/2018,After Market
WIX,7/25/2018,Before Market
TNC,7/25/2018,Before Market
MTH,7/25/2018,After Market
TMO,7/25/2018,Before Market
LOB,7/25/2018,After Market
MAT,7/25/2018,After Market
PNR,7/25/2018,Before Market
KNX,7/25/2018,After Market
SIRI,7/25/2018,Before Market
MPWR,7/25/2018,After Market
PB,7/25/2018,Before Market
MORN,7/25/2018,After Market
LAD,7/25/2018,Before Market
EFX,7/25/2018,After Market
DTE,7/25/2018,Before Market
IMAX,7/25/2018,After Market
HBAN,7/25/2018,Before Market
ICLR,7/25/2018,After Market
AXS,7/25/2018,After Market
OC,7/25/2018,Before Market
DAN,7/25/2018,Before Market
MKTX,7/25/2018,Before Market
ORLY,7/25/2018,After Market
VIV,7/25/2018,Before Market
EIG,7/25/2018,After Market
ASGN,7/25/2018,After Market
TRN,7/25/2018,After Market
CHKP,7/25/2018,Before Market
HCA,7/25/2018,Before Market
QCOM,7/25/2018,After Market
RJF,7/25/2018,After Market
EHC,7/25/2018,After Market
MEOH,7/25/2018,After Market
PEB,7/25/2018,After Market
UHS,7/25/2018,After Market
MDLZ,7/25/2018,After Market
CCJ,7/25/2018,After Market
CW,7/25/2018,After Market
GSK,7/25/2018,Before Market
NDAQ,7/25/2018,Before Market
FIBK,7/25/2018,After Market
KRC,7/25/2018,After Market
SLAB,7/25/2018,Before Market
TROW,7/25/2018,Before Market
LVS,7/25/2018,After Market
SYBT,7/25/2018,Before Market
MHK,7/25/2018,After Market
TILE,7/25/2018,After Market
PYPL,7/25/2018,After Market
MHO,7/25/2018,Before Market
BA,7/25/2018,Before Market
SU,7/25/2018,After Market
OSBC,7/25/2018,After Market
WM,7/25/2018,Before Market
VALE,7/25/2018,After Market
HESM,7/25/2018,Before Market
CVI,7/25/2018,After Market
NOW,7/25/2018,After Market
ROL,7/25/2018,Before Market
FFIV,7/25/2018,After Market
CDE,7/25/2018,After Market
CUZ,7/25/2018,After Market
ROK,7/25/2018,Before Market
SAN,7/25/2018,Before Market
DB,7/25/2018,Before Market
GILD,7/25/2018,After Market
TEL,7/25/2018,Before Market
GTY,7/25/2018,After Market
NOC,7/25/2018,Before Market
BANR,7/25/2018,After Market
AMD,7/25/2018,After Market
USLM,7/25/2018,After Market
FTI,7/25/2018,After Market
BCO,7/25/2018,Before Market
FBP,7/25/2018,Before Market
PII,7/25/2018,Before Market
GM,7/25/2018,Before Market
APH,7/25/2018,Before Market
FSV,7/25/2018,Before Market
SUI,7/25/2018,After Market
FCPT,7/25/2018,After Market
KEX,7/25/2018,After Market
CUBI,7/25/2018,After Market
BSX,7/25/2018,Before Market
AOS,7/25/2018,Before Market
GD,7/25/2018,Before Market
SCL,7/25/2018,Before Market
R,7/25/2018,Before Market
WSO,7/25/2018,Before Market
STM,7/25/2018,Before Market
V,7/25/2018,After Market
LSTR,7/25/2018,After Market
F,7/25/2018,After Market
FR,7/25/2018,After Market
LKFN,7/25/2018,Before Market
AXTA,7/25/2018,After Market
HP,7/25/2018,After Market
IR,7/25/2018,Before Market
HLT,7/25/2018,Before Market
DLB,7/25/2018,After Market
ARR,7/25/2018,After Market
PKG,7/25/2018,After Market
FCX,7/25/2018,Before Market
BVN,7/25/2018,After Market
SLGN,7/25/2018,Before Market
FRME,7/25/2018,After Market
AXTI,7/25/2018,After Market
CHE,7/25/2018,After Market
LW,7/25/2018,Before Market
GGG,7/25/2018,After Market
NSC,7/25/2018,Before Market
SHW,7/24/2018,Before Market
NEO,7/24/2018,Before Market
EDU,7/24/2018,Before Market
HOG,7/24/2018,Before Market
FELE,7/24/2018,Before Market
BHE,7/24/2018,After Market
SYK,7/24/2018,After Market
MCRI,7/24/2018,After Market
LMT,7/24/2018,Before Market
EEFT,7/24/2018,After Market
KN,7/24/2018,After Market
ATI,7/24/2018,Before Market
LLY,7/24/2018,Before Market
ABG,7/24/2018,Before Market
CNI,7/24/2018,After Market
CNC,7/24/2018,Before Market
BXMT,7/24/2018,After Market
ASTE,7/24/2018,Before Market
AVY,7/24/2018,Before Market
BUSE,7/24/2018,After Market
VICR,7/24/2018,After Market
BKU,7/24/2018,Before Market
RHI,7/24/2018,After Market
IEX,7/24/2018,After Market
MKSI,7/24/2018,After Market
MANH,7/24/2018,After Market
CSTM,7/24/2018,Before Market
NBHC,7/24/2018,After Market
SLM,7/24/2018,After Market
KMB,7/24/2018,Before Market
UBS,7/24/2018,Before Market
NAVI,7/24/2018,After Market
AI,7/24/2018,After Market
RUSHA,7/24/2018,After Market
TRMK,7/24/2018,After Market
BIIB,7/24/2018,Before Market
TRU,7/24/2018,Before Market
GPK,7/24/2018,Before Market
DGX,7/24/2018,Before Market
PEBO,7/24/2018,Before Market
TR,7/24/2018,After Market
CB,7/24/2018,After Market
AKR,7/24/2018,After Market
CSGP,7/24/2018,After Market
FNB,7/24/2018,Before Market
ST,7/24/2018,Before Market
CSL,7/24/2018,After Market
WAT,7/24/2018,Before Market
MLI,7/24/2018,Before Market
VZ,7/24/2018,Before Market
UMBF,7/24/2018,After Market
WAB,7/24/2018,Before Market
CMRE,7/24/2018,After Market
CVLT,7/24/2018,Before Market
AMP,7/24/2018,After Market
TER,7/24/2018,After Market
WRB,7/24/2018,After Market
RNR,7/24/2018,After Market
WCN,7/24/2018,After Market
BTU,7/24/2018,Before Market
HIW,7/24/2018,After Market
FBNC,7/24/2018,After Market
HUBB,7/24/2018,Before Market
MMM,7/24/2018,Before Market
T,7/24/2018,After Market
TXN,7/24/2018,After Market
IQV,7/24/2018,Before Market
SCCO,7/24/2018,After Market
NTB,7/24/2018,After Market
EQR,7/24/2018,After Market
PCAR,7/24/2018,Before Market
FCF,7/24/2018,After Market
NBTB,7/23/2018,After Market
KALU,7/23/2018,After Market
NWBI,7/23/2018,Before Market
HNI,7/23/2018,After Market
CALM,7/23/2018,Before Market
ASR,7/23/2018,After Market
GOOGL,7/23/2018,After Market
LECO,7/23/2018,Before Market
BPOP,7/23/2018,Before Market
ITW,7/23/2018,Before Market
WHR,7/23/2018,After Market
ADC,7/23/2018,After Market
MC,7/23/2018,After Market
ONB,7/23/2018,Before Market
RYAAY,7/23/2018,Before Market
PRK,7/23/2018,After Market
HAS,7/23/2018,Before Market
HAL,7/23/2018,Before Market
STLD,7/23/2018,After Market
OI,7/23/2018,After Market
WSBC,7/23/2018,After Market
GOOG,7/23/2018,After Market
ZION,7/23/2018,After Market
CR,7/23/2018,After Market
HXL,7/23/2018,After Market
CBU,7/23/2018,Before Market
CDNS,7/23/2018,After Market
BOH,7/23/2018,Before Market
EFSC,7/23/2018,After Market
WSFS,7/23/2018,After Market
BRO,7/23/2018,After Market
CADE,7/23/2018,Before Market
ELS,7/23/2018,After Market
WERN,7/23/2018,After Market
VMI,7/23/2018,After Market
SFNC,7/23/2018,After Market
FBK,7/23/2018,After Market
MMSI,7/23/2018,After Market
PHG,7/23/2018,Before Market
LII,7/23/2018,Before Market
PKX,7/23/2018,Before Market
VCYT,7/23/2018,After Market
HDB,7/21/2018,Before Market
HON,7/20/2018,Before Market
MAN,7/20/2018,Before Market
CLF,7/20/2018,Before Market
SXT,7/20/2018,Before Market
TMP,7/20/2018,Before Market
SLB,7/20/2018,Before Market
RBCAA,7/20/2018,Before Market
RF,7/20/2018,Before Market
BLX,7/20/2018,Before Market
VFC,7/20/2018,Before Market
GE,7/20/2018,Before Market
CFG,7/20/2018,Before Market
STT,7/20/2018,Before Market
OFG,7/20/2018,Before Market
SWK,7/20/2018,Before Market
GNTX,7/20/2018,Before Market
UL,7/19/2018,Before Market
NWE,7/19/2018,After Market
DOV,7/19/2018,Before Market
CHCO,7/19/2018,Before Market
NUE,7/19/2018,Before Market
GATX,7/19/2018,Before Market
RCI,7/19/2018,Before Market
KB,7/19/2018,Before Market
GTLS,7/19/2018,Before Market
PPG,7/19/2018,Before Market
EXPO,7/19/2018,After Market
SFBS,7/19/2018,After Market
FFBC,7/19/2018,After Market
INDB,7/19/2018,After Market
DPZ,7/19/2018,Before Market
SRCE,7/19/2018,After Market
EGP,7/19/2018,After Market
PM,7/19/2018,Before Market
COF,7/19/2018,After Market
SON,7/19/2018,Before Market
TSM,7/19/2018,Before Market
MSFT,7/19/2018,After Market
TRV,7/19/2018,Before Market
GPC,7/19/2018,Before Market
SNA,7/19/2018,Before Market
FITB,7/19/2018,Before Market
QCRH,7/19/2018,After Market
CE,7/19/2018,After Market
RPM,7/19/2018,Before Market
BK,7/19/2018,Before Market
BX,7/19/2018,Before Market
EWBC,7/19/2018,Before Market
SWKS,7/19/2018,After Market
WAL,7/19/2018,After Market
BANF,7/19/2018,After Market
SAP,7/19/2018,Before Market
FFIN,7/19/2018,After Market
SEIC,7/19/2018,After Market
DHR,7/19/2018,Before Market
WABC,7/19/2018,Before Market
KEY,7/19/2018,Before Market
STBA,7/19/2018,Before Market
GBCI,7/19/2018,After Market
BBT,7/19/2018,Before Market
ISRG,7/19/2018,After Market
WBS,7/19/2018,Before Market
HOMB,7/19/2018,Before Market
ASB,7/19/2018,After Market
UNP,7/19/2018,Before Market
POOL,7/19/2018,Before Market
CTAS,7/19/2018,After Market
NVS,7/18/2018,Before Market
UFPI,7/18/2018,After Market
ABT,7/18/2018,Before Market
CTBI,7/18/2018,Before Market
USB,7/18/2018,Before Market
URI,7/18/2018,After Market
MTG,7/18/2018,Before Market
PLXS,7/18/2018,After Market
MS,7/18/2018,Before Market
MTB,7/18/2018,Before Market
IBM,7/18/2018,After Market
PFBC,7/18/2018,After Market
AXP,7/18/2018,After Market
SLG,7/18/2018,After Market
CNS,7/18/2018,After Market
KMI,7/18/2018,After Market
TCBI,7/18/2018,After Market
AA,7/18/2018,After Market
BMI,7/18/2018,After Market
PTC,7/18/2018,After Market
CP,7/18/2018,After Market
CCI,7/18/2018,After Market
EBAY,7/18/2018,After Market
CCK,7/18/2018,After Market
RLI,7/18/2018,After Market
CVBF,7/18/2018,After Market
CATY,7/18/2018,After Market
STC,7/18/2018,After Market
NTRS,7/18/2018,Before Market
ASML,7/18/2018,Before Market
GWW,7/18/2018,Before Market
TXT,7/18/2018,Before Market
OMAB,7/18/2018,After Market
WAFD,7/18/2018,Before Market
PLD,7/17/2018,Before Market
HCSG,7/17/2018,After Market
UAL,7/17/2018,After Market
CMA,7/17/2018,Before Market
FHN,7/17/2018,Before Market
SCHW,7/17/2018,Before Market
SERV,7/17/2018,Before Market
FULT,7/17/2018,After Market
OMC,7/17/2018,Before Market
WTFC,7/17/2018,After Market
IBKR,7/17/2018,After Market
JNJ,7/17/2018,Before Market
HWC,7/17/2018,After Market
CSX,7/17/2018,After Market
FNF,7/17/2018,After Market
RNST,7/17/2018,After Market
MRTN,7/17/2018,After Market
PNFP,7/17/2018,After Market
AMX,7/17/2018,After Market
GS,7/17/2018,Before Market
PGR,7/17/2018,Before Market
UNH,7/17/2018,Before Market
BLK,7/16/2018,Before Market
BAC,7/16/2018,Before Market
NFLX,7/16/2018,After Market
JBHT,7/16/2018,Before Market
PNC,7/13/2018,Before Market
JPM,7/13/2018,Before Market
C,7/13/2018,Before Market
INFY,7/13/2018,Before Market
WFC,7/13/2018,Before Market
DAL,7/12/2018,Before Market
CBSH,7/12/2018,Before Market
MSM,7/11/2018,Before Market
FAST,7/11/2018,Before Market
WDFC,7/10/2018,After Market
SMPL,7/10/2018,Before Market
AIR,7/10/2018,After Market
PEP,7/10/2018,Before Market
PSMT,7/5/2018,After Market
AYI,7/3/2018,Before Market
AZZ,7/3/2018,Before Market
STZ,6/29/2018,Before Market
GBX,6/29/2018,Before Market
LNN,6/28/2018,Before Market
ACN,6/28/2018,Before Market
NKE,6/28/2018,After Market
SNX,6/28/2018,After Market
MKC,6/28/2018,Before Market
KBH,6/28/2018,After Market
CAG,6/27/2018,Before Market
WOR,6/27/2018,After Market
PRGS,6/27/2018,After Market
PAYX,6/27/2018,Before Market
GIS,6/27/2018,Before Market
FIZZ,6/27/2018,Before Market
FUL,6/27/2018,After Market
UNF,6/27/2018,Before Market
AVAV,6/26/2018,After Market
LEN,6/26/2018,Before Market
DAC,6/26/2018,After Market
FDS,6/26/2018,Before Market
JKS,6/26/2018,Before Market
CCL,6/25/2018,Before Market
CUK,6/25/2018,Before Market
KMX,6/22/2018,Before Market
DRI,6/21/2018,Before Market
CMC,6/21/2018,Before Market
KR,6/21/2018,Before Market
WGO,6/20/2018,Before Market
MU,6/20/2018,After Market
EQH,6/19/2018,After Market
LZB,6/19/2018,After Market
ORCL,6/19/2018,After Market
FDX,6/19/2018,After Market
LPG,6/15/2018,Before Market
GOOS,6/15/2018,Before Market
ADBE,6/14/2018,After Market
JBL,6/14/2018,After Market
KFY,6/13/2018,Before Market
HRB,6/12/2018,After Market
SAIC,6/12/2018,After Market
CASY,6/12/2018,Before Market
SBLK,6/11/2018,After Market
UEC,6/11/2018,Before Market
AXON,6/11/2018,After Market
AGX,6/11/2018,After Market
RH,6/11/2018,After Market
PAY,6/8/2018,After Market
SJM,6/7/2018,Before Market
MTN,6/7/2018,Before Market
COO,6/7/2018,After Market
DOCU,6/7/2018,After Market
HLNE,6/7/2018,Before Market
AVGO,6/7/2018,After Market
ABM,6/6/2018,After Market
FIVE,6/6/2018,After Market
AMSC,6/6/2018,After Market
GSHD,6/6/2018,After Market
BF/B,6/6/2018,Before Market
BF/A,6/6/2018,Before Market
SIG,6/6/2018,Before Market
MDB,6/6/2018,After Market
UNFI,6/6/2018,After Market
THO,6/6/2018,After Market
GEF,6/6/2018,After Market
REVG,6/6/2018,After Market
OKTA,6/6/2018,After Market
ZS,6/6/2018,After Market
AMBA,6/5/2018,After Market
GIII,6/5/2018,Before Market
IDT,6/5/2018,After Market
OLLI,6/5/2018,After Market
SMMT,6/5/2018,Before Market
GWRE,6/5/2018,After Market
PANW,6/4/2018,Before Market
CSWC,6/4/2018,After Market
ROAD,6/4/2018,Before Market
HQY,6/4/2018,After Market
ANF,6/1/2018,Before Market
DG,5/31/2018,Before Market
DLTR,5/31/2018,Before Market
FRO,5/31/2018,Before Market
KLIC,5/31/2018,Before Market
MRVL,5/31/2018,After Market
COST,5/31/2018,After Market
LULU,5/31/2018,After Market
KEN,5/31/2018,Before Market
ULTA,5/31/2018,After Market
DCI,5/31/2018,Before Market
WDAY,5/31/2018,After Market
GLNG,5/31/2018,Before Market
CRVL,5/31/2018,Before Market
BURL,5/31/2018,Before Market
GME,5/31/2018,After Market
SHLD,5/31/2018,Before Market
AEO,5/31/2018,Before Market
CIEN,5/31/2018,Before Market
BOX,5/30/2018,After Market
PVH,5/30/2018,After Market
ADI,5/30/2018,Before Market
ASND,5/30/2018,After Market
DKS,5/30/2018,Before Market
BMO,5/30/2018,Before Market
DAKT,5/30/2018,Before Market
UHAL,5/30/2018,After Market
DSGX,5/30/2018,After Market
CPRI,5/30/2018,Before Market
HWKN,5/30/2018,After Market
KEYS,5/30/2018,After Market
MMYT,5/30/2018,Before Market
SMTC,5/30/2018,After Market
HPQ,5/29/2018,After Market
WMS,5/29/2018,Before Market
BNS,5/29/2018,Before Market
ESLT,5/29/2018,Before Market
BAH,5/29/2018,Before Market
HEI,5/29/2018,After Market
CVCO,5/29/2018,After Market
CRM,5/29/2018,After Market
CAE,5/25/2018,Before Market
BKE,5/25/2018,Before Market
GGAL,5/24/2018,After Market
MCK,5/24/2018,Before Market
ADSK,5/24/2018,After Market
MDT,5/24/2018,Before Market
DECK,5/24/2018,After Market
AGYS,5/24/2018,After Market
HRL,5/24/2018,Before Market
BBY,5/24/2018,Before Market
RY,5/24/2018,Before Market
NTNX,5/24/2018,After Market
DXC,5/24/2018,After Market
TD,5/24/2018,Before Market
TTC,5/24/2018,Before Market
VSAT,5/24/2018,After Market
BRC,5/24/2018,Before Market
THR,5/24/2018,Before Market
VEEV,5/24/2018,After Market
PLUS,5/24/2018,After Market
ROST,5/24/2018,After Market
SQM,5/23/2018,Before Market
SNPS,5/23/2018,After Market
BILI,5/23/2018,After Market
WSM,5/23/2018,After Market
RL,5/23/2018,Before Market
UVV,5/23/2018,After Market
TGT,5/23/2018,Before Market
CM,5/23/2018,Before Market
LASR,5/23/2018,After Market
LB,5/23/2018,After Market
NTAP,5/23/2018,After Market
REX,5/23/2018,Before Market
LOW,5/23/2018,Before Market
MOD,5/23/2018,After Market
CPRT,5/23/2018,After Market
CAAP,5/22/2018,After Market
KSS,5/22/2018,Before Market
TOL,5/22/2018,Before Market
INTU,5/22/2018,After Market
DY,5/22/2018,Before Market
HPE,5/22/2018,After Market
AAP,5/22/2018,Before Market
TJX,5/22/2018,Before Market
AZO,5/22/2018,Before Market
PLAB,5/22/2018,Before Market
URBN,5/22/2018,After Market
RDY,5/22/2018,Before Market
JHX,5/21/2018,After Market
NDSN,5/21/2018,After Market
PSTG,5/21/2018,After Market
RYAAY,5/21/2018,Before Market
CPB,5/18/2018,Before Market
DE,5/18/2018,Before Market
AZN,5/18/2018,Before Market
NGG,5/17/2018,Before Market
MANU,5/17/2018,Before Market
AMAT,5/17/2018,After Market
TNK,5/17/2018,Before Market
WMT,5/17/2018,Before Market
MGIC,5/16/2018,Before Market
CSIQ,5/16/2018,Before Market
M,5/16/2018,Before Market
TTWO,5/16/2018,After Market
NTES,5/16/2018,After Market
CSCO,5/16/2018,After Market
MAGS,5/16/2018,Before Market
ENS,5/16/2018,After Market
CLMT,5/15/2018,After Market
EXP,5/15/2018,Before Market
METC,5/15/2018,After Market
GILT,5/15/2018,Before Market
HD,5/15/2018,Before Market
AZZ,5/15/2018,Before Market
BOOT,5/15/2018,After Market
AZZ,5/15/2018,Before Market
CIB,5/15/2018,After Market
VOD,5/15/2018,Before Market
EYE,5/15/2018,Before Market
SLNO,5/15/2018,After Market
SE,5/15/2018,After Market
MUFG,5/15/2018,Before Market
BMA,5/15/2018,After Market
BHVN,5/15/2018,After Market
ITRI,5/14/2018,After Market
KEP,5/14/2018,Before Market
VEON,5/14/2018,Before Market
RYTM,5/14/2018,Before Market
SMFG,5/14/2018,Before Market
VIPS,5/14/2018,After Market
CELC,5/14/2018,After Market
ADMA,5/14/2018,After Market
INVH,5/14/2018,After Market
DAVE,5/14/2018,After Market
A,5/14/2018,After Market
SA,5/14/2018,After Market
HTHT,5/14/2018,After Market
CEPU,5/14/2018,After Market
DNLI,5/11/2018,Before Market
MT,5/11/2018,Before Market
TRI,5/11/2018,Before Market
PAM,5/11/2018,Before Market
YELP,5/10/2018,After Market
CDNA,5/10/2018,After Market
DOX,5/10/2018,After Market
TU,5/10/2018,Before Market
BLFS,5/10/2018,After Market
WPM,5/10/2018,After Market
NWSA,5/10/2018,After Market
KRP,5/10/2018,Before Market
GDS,5/10/2018,Before Market
ENB,5/10/2018,Before Market
BAM,5/10/2018,Before Market
IMKTA,5/10/2018,Before Market
NWS,5/10/2018,After Market
STN,5/10/2018,Before Market
GSAT,5/10/2018,Before Market
KTOS,5/10/2018,After Market
SBS,5/10/2018,Before Market
PEGA,5/10/2018,After Market
HE,5/10/2018,Before Market
PBH,5/10/2018,Before Market
CYD,5/10/2018,Before Market
CHH,5/10/2018,Before Market
COLD,5/10/2018,After Market
HL,5/10/2018,Before Market
GEN,5/10/2018,Before Market
HUBS,5/10/2018,After Market
SSRM,5/10/2018,After Market
BLBD,5/10/2018,After Market
RBA,5/10/2018,After Market
ATEC,5/10/2018,After Market
CLDX,5/10/2018,Before Market
GLOB,5/10/2018,After Market
IMOS,5/10/2018,Before Market
SPH,5/10/2018,Before Market
PPC,5/10/2018,After Market
HALO,5/10/2018,After Market
GOLD,5/10/2018,Before Market
DBX,5/10/2018,After Market
DUK,5/10/2018,Before Market
DCO,5/10/2018,After Market
ACIW,5/10/2018,Before Market
NVDA,5/10/2018,After Market
SATS,5/10/2018,Before Market
MMS,5/10/2018,Before Market
ARCB,5/10/2018,After Market
CIVI,5/10/2018,After Market
AGM,5/10/2018,Before Market
AL,5/10/2018,After Market
NICE,5/10/2018,Before Market
CAPR,5/10/2018,After Market
CRL,5/10/2018,Before Market
AUPH,5/10/2018,After Market
CRK,5/10/2018,Before Market
TTD,5/10/2018,After Market
FLS,5/10/2018,After Market
AMRX,5/10/2018,After Market
ATEN,5/10/2018,Before Market
MGA,5/10/2018,Before Market
FWONK,5/9/2018,Before Market
FOR,5/9/2018,After Market
ELF,5/9/2018,After Market
COGT,5/9/2018,After Market
NVGS,5/9/2018,After Market
CCU,5/9/2018,Before Market
FNV,5/9/2018,After Market
FWONA,5/9/2018,Before Market
ALB,5/9/2018,After Market
ARGX,5/9/2018,Before Market
SAIL,5/9/2018,After Market
FG,5/9/2018,After Market
RDNT,5/9/2018,Before Market
RNG,5/9/2018,After Market
BUD,5/9/2018,Before Market
FTI,5/9/2018,After Market
NXST,5/9/2018,Before Market
NRP,5/9/2018,Before Market
SYNA,5/9/2018,After Market
ATRO,5/9/2018,Before Market
FOXA,5/9/2018,After Market
VKTX,5/9/2018,After Market
SGRY,5/9/2018,Before Market
UMH,5/9/2018,After Market
ING,5/9/2018,Before Market
TGS,5/9/2018,After Market
ICUI,5/9/2018,After Market
COLL,5/9/2018,After Market
SUN,5/9/2018,After Market
ROKU,5/9/2018,After Market
MIDD,5/9/2018,Before Market
JBGS,5/9/2018,After Market
TM,5/9/2018,Before Market
WWW,5/9/2018,Before Market
CPRX,5/9/2018,After Market
WVE,5/9/2018,Before Market
SBRA,5/9/2018,After Market
WHD,5/9/2018,After Market
PTCT,5/9/2018,After Market
ZTO,5/9/2018,After Market
PFGC,5/9/2018,Before Market
TGLS,5/9/2018,Before Market
OTEX,5/9/2018,After Market
IAC,5/9/2018,After Market
CHEF,5/9/2018,After Market
STE,5/9/2018,Before Market
RUN,5/9/2018,After Market
LBRDA,5/9/2018,After Market
CNK,5/9/2018,Before Market
JHG,5/9/2018,Before Market
LBRDK,5/9/2018,After Market
IIPR,5/9/2018,After Market
USAC,5/9/2018,Before Market
LAUR,5/9/2018,Before Market
EPAM,5/9/2018,Before Market
DAR,5/9/2018,After Market
HRI,5/9/2018,Before Market
FOX,5/9/2018,After Market
GLP,5/9/2018,Before Market
BATRK,5/9/2018,Before Market
PTGX,5/9/2018,After Market
CVNA,5/9/2018,After Market
WIX,5/9/2018,Before Market
BATRA,5/9/2018,Before Market
AEE,5/9/2018,Before Market
MELI,5/9/2018,After Market
BKNG,5/9/2018,After Market
HLI,5/9/2018,After Market
RCUS,5/9/2018,After Market
AMPH,5/9/2018,After Market
TPC,5/9/2018,After Market
SBGI,5/9/2018,Before Market
TPB,5/9/2018,Before Market
CPA,5/9/2018,After Market
GKOS,5/9/2018,After Market
AG,5/9/2018,After Market
PAAS,5/9/2018,After Market
LTC,5/9/2018,After Market
PAR,5/9/2018,After Market
SEDG,5/9/2018,After Market
BLDR,5/9/2018,After Market
NNI,5/8/2018,After Market
TGTX,5/8/2018,Before Market
CRSP,5/8/2018,Before Market
LEU,5/8/2018,After Market
ACMR,5/8/2018,Before Market
GTY,5/8/2018,After Market
CCS,5/8/2018,After Market
ACM,5/8/2018,Before Market
PLNT,5/8/2018,After Market
MNST,5/8/2018,After Market
QDEL,5/8/2018,After Market
PEN,5/8/2018,After Market
ESE,5/8/2018,After Market
COHU,5/8/2018,Before Market
NTRA,5/8/2018,After Market
NMM,5/8/2018,Before Market
IPAR,5/8/2018,After Market
MLM,5/8/2018,Before Market
FOLD,5/8/2018,Before Market
HAE,5/8/2018,Before Market
VCTR,5/8/2018,Before Market
LXP,5/8/2018,Before Market
PRGO,5/8/2018,Before Market
HSIC,5/8/2018,Before Market
IBOC,5/8/2018,Before Market
ANIP,5/8/2018,Before Market
DQ,5/8/2018,Before Market
TWO,5/8/2018,After Market
COKE,5/8/2018,After Market
PAGP,5/8/2018,After Market
EPR,5/8/2018,After Market
VCEL,5/8/2018,Before Market
O,5/8/2018,After Market
MMI,5/8/2018,After Market
POWL,5/8/2018,After Market
PRIM,5/8/2018,Before Market
IOSP,5/8/2018,After Market
AXSM,5/8/2018,Before Market
FSS,5/8/2018,Before Market
PZZA,5/8/2018,After Market
INOD,5/8/2018,Before Market
VSH,5/8/2018,Before Market
OXY,5/8/2018,After Market
JD,5/8/2018,Before Market
OCSL,5/8/2018,Before Market
ATKR,5/8/2018,Before Market
ALEX,5/8/2018,After Market
KGC,5/8/2018,After Market
CTRE,5/8/2018,After Market
PDFS,5/8/2018,After Market
IT,5/8/2018,Before Market
EXTR,5/8/2018,After Market
MCHP,5/8/2018,Before Market
DIOD,5/8/2018,After Market
XENE,5/8/2018,After Market
YPF,5/8/2018,After Market
LGIH,5/8/2018,Before Market
LC,5/8/2018,After Market
ARWR,5/8/2018,After Market
EA,5/8/2018,After Market
MAR,5/8/2018,After Market
NWN,5/8/2018,Before Market
FANG,5/8/2018,After Market
NOVT,5/8/2018,Before Market
TGNA,5/8/2018,Before Market
ECPG,5/8/2018,After Market
BR,5/8/2018,Before Market
AAOI,5/8/2018,After Market
EXPD,5/8/2018,Before Market
ICHR,5/8/2018,After Market
DIS,5/8/2018,After Market
AES,5/8/2018,Before Market
ZBRA,5/8/2018,Before Market
CORT,5/8/2018,After Market
NHI,5/8/2018,Before Market
DVAX,5/8/2018,After Market
CALX,5/8/2018,After Market
MTCH,5/8/2018,After Market
ATHM,5/8/2018,Before Market
GPOR,5/8/2018,After Market
ANAB,5/8/2018,After Market
TRIP,5/8/2018,After Market
BIO,5/8/2018,After Market
JAZZ,5/8/2018,After Market
MDGL,5/8/2018,Before Market
TWLO,5/8/2018,After Market
PRI,5/8/2018,After Market
CPK,5/8/2018,After Market
BLD,5/8/2018,Before Market
ETSY,5/8/2018,After Market
CROX,5/8/2018,Before Market
LGND,5/8/2018,After Market
PAA,5/8/2018,After Market
SLF,5/8/2018,After Market
SNDX,5/8/2018,After Market
SUPN,5/8/2018,After Market
PARR,5/8/2018,After Market
DEA,5/8/2018,Before Market
PBR,5/8/2018,Before Market
MGEE,5/8/2018,Before Market
RGEN,5/8/2018,Before Market
EYPT,5/8/2018,After Market
USFD,5/8/2018,Before Market
SN,5/8/2018,Before Market
MXL,5/8/2018,After Market
ARMK,5/8/2018,Before Market
TAC,5/8/2018,Before Market
GDDY,5/8/2018,After Market
TBPH,5/8/2018,After Market
DXPE,5/8/2018,After Market
JLL,5/8/2018,Before Market
LTM,5/8/2018,After Market
SRE,5/7/2018,Before Market
DK,5/7/2018,After Market
RARE,5/7/2018,After Market
SYY,5/7/2018,Before Market
ORA,5/7/2018,After Market
BSM,5/7/2018,After Market
STRL,5/7/2018,After Market
KRYS,5/7/2018,Before Market
DHT,5/7/2018,After Market
NOG,5/7/2018,Before Market
LBRT,5/7/2018,After Market
ADUS,5/7/2018,After Market
TSEM,5/7/2018,Before Market
MWA,5/7/2018,After Market
ZG,5/7/2018,After Market
RMBS,5/7/2018,After Market
CENT,5/7/2018,After Market
DKL,5/7/2018,After Market
Z,5/7/2018,After Market
BBU,5/7/2018,Before Market
TSN,5/7/2018,Before Market
NTR,5/7/2018,After Market
MOS,5/7/2018,After Market
GRBK,5/7/2018,After Market
RBC,5/7/2018,After Market
SWX,5/7/2018,After Market
TREX,5/7/2018,After Market
CTSH,5/7/2018,Before Market
CBT,5/7/2018,After Market
BHF,5/7/2018,After Market
OHI,5/7/2018,After Market
IAG,5/7/2018,After Market
AWR,5/7/2018,After Market
LPX,5/7/2018,Before Market
FRPT,5/7/2018,After Market
VECO,5/7/2018,After Market
IFF,5/7/2018,Before Market
FN,5/7/2018,After Market
PAHC,5/7/2018,After Market
BKD,5/7/2018,After Market
EFC,5/7/2018,After Market
PI,5/7/2018,After Market
OTTR,5/7/2018,After Market
APLE,5/7/2018,After Market
ANDE,5/7/2018,After Market
NSSC,5/7/2018,Before Market
GBDC,5/7/2018,After Market
TRMB,5/7/2018,After Market
IBN,5/7/2018,Before Market
WMK,5/7/2018,After Market
AIN,5/7/2018,After Market
XRAY,5/6/2018,Before Market
BRK/B,5/5/2018,Before Market
IONS,5/4/2018,Before Market
VFC,5/4/2018,Before Market
WPC,5/4/2018,Before Market
GEL,5/4/2018,Before Market
IDXX,5/4/2018,Before Market
AON,5/4/2018,Before Market
ACAD,5/4/2018,Before Market
BCC,5/4/2018,Before Market
STWD,5/4/2018,Before Market
VST,5/4/2018,Before Market
LCII,5/4/2018,Before Market
NJR,5/4/2018,Before Market
BWXT,5/4/2018,After Market
DOC,5/4/2018,Before Market
CBOE,5/4/2018,Before Market
VIRT,5/4/2018,Before Market
INSW,5/4/2018,Before Market
UFPT,5/4/2018,Before Market
LNG,5/4/2018,Before Market
CNP,5/4/2018,Before Market
NHC,5/4/2018,Before Market
SKM,5/4/2018,Before Market
ESNT,5/4/2018,Before Market
ITT,5/4/2018,Before Market
BCPC,5/4/2018,Before Market
BABA,5/4/2018,Before Market
HSBC,5/4/2018,Before Market
AGIO,5/4/2018,Before Market
ROCK,5/4/2018,Before Market
CQP,5/4/2018,Before Market
ALG,5/3/2018,Before Market
CI,5/3/2018,Before Market
TDC,5/3/2018,After Market
SHAK,5/3/2018,After Market
TDY,5/3/2018,Before Market
PCTY,5/3/2018,After Market
VMC,5/3/2018,Before Market
DYN,5/3/2018,After Market
HASI,5/3/2018,After Market
BL,5/3/2018,After Market
FTNT,5/3/2018,After Market
CC,5/3/2018,After Market
APPN,5/3/2018,After Market
LYV,5/3/2018,After Market
CACC,5/3/2018,After Market
ALRM,5/3/2018,After Market
TFX,5/3/2018,Before Market
BAP,5/3/2018,After Market
STC,5/3/2018,Before Market
HII,5/3/2018,Before Market
POST,5/3/2018,After Market
ATGE,5/3/2018,After Market
VIAV,5/3/2018,After Market
AMH,5/3/2018,After Market
PWR,5/3/2018,Before Market
CNXN,5/3/2018,After Market
NFG,5/3/2018,After Market
ED,5/3/2018,After Market
EE,5/3/2018,Before Market
RACE,5/3/2018,Before Market
EC,5/3/2018,After Market
THS,5/3/2018,Before Market
BCE,5/3/2018,Before Market
HR,5/3/2018,After Market
XHR,5/3/2018,Before Market
SEE,5/3/2018,Before Market
CHD,5/3/2018,Before Market
UUUU,5/3/2018,After Market
FTAI,5/3/2018,After Market
BELFB,5/3/2018,Before Market
G,5/3/2018,After Market
WTW,5/3/2018,After Market
WTS,5/3/2018,After Market
CCOI,5/3/2018,Before Market
APO,5/3/2018,Before Market
NRG,5/3/2018,Before Market
UTI,5/3/2018,After Market
EOG,5/3/2018,After Market
WEX,5/3/2018,Before Market
SFM,5/3/2018,Before Market
OGE,5/3/2018,Before Market
ARW,5/3/2018,Before Market
CYBR,5/3/2018,After Market
BEP,5/3/2018,Before Market
ADNT,5/3/2018,Before Market
DMLP,5/3/2018,Before Market
HLF,5/3/2018,After Market
SEM,5/3/2018,After Market
SPXC,5/3/2018,After Market
VAC,5/3/2018,Before Market
USPH,5/3/2018,Before Market
ITGR,5/3/2018,After Market
CIM,5/3/2018,Before Market
LPLA,5/3/2018,After Market
REGN,5/3/2018,Before Market
PMT,5/3/2018,After Market
MAIN,5/3/2018,After Market
TEVA,5/3/2018,Before Market
CAH,5/3/2018,Before Market
SRPT,5/3/2018,After Market
IBP,5/3/2018,Before Market
AROC,5/3/2018,Before Market
MSI,5/3/2018,After Market
LDOS,5/3/2018,Before Market
SWKS,5/3/2018,After Market
KT,5/3/2018,Before Market
SBH,5/3/2018,Before Market
AAON,5/3/2018,Before Market
IDA,5/3/2018,Before Market
AER,5/3/2018,Before Market
MTX,5/3/2018,After Market
TRGP,5/3/2018,Before Market
CNX,5/3/2018,Before Market
PPL,5/3/2018,Before Market
CNQ,5/3/2018,Before Market
NYT,5/3/2018,Before Market
ICE,5/3/2018,Before Market
KKR,5/3/2018,Before Market
MTD,5/3/2018,After Market
NTCT,5/3/2018,Before Market
TSLX,5/3/2018,After Market
VICI,5/3/2018,After Market
GOLF,5/3/2018,Before Market
PFSI,5/3/2018,After Market
PODD,5/3/2018,After Market
WLDN,5/3/2018,After Market
CPT,5/3/2018,After Market
PRA,5/3/2018,After Market
WLK,5/3/2018,Before Market
KNSL,5/3/2018,After Market
GFF,5/3/2018,After Market
NMRK,5/3/2018,Before Market
CWST,5/3/2018,After Market
BKH,5/3/2018,After Market
OR,5/3/2018,Before Market
HTGC,5/3/2018,After Market
AGO,5/3/2018,After Market
CENX,5/3/2018,After Market
FMS,5/3/2018,Before Market
OLED,5/3/2018,After Market
INGR,5/3/2018,Before Market
SM,5/3/2018,After Market
FND,5/3/2018,Before Market
PCH,5/3/2018,After Market
PCG,5/3/2018,Before Market
MSCI,5/3/2018,Before Market
FLR,5/3/2018,After Market
WING,5/3/2018,After Market
SNN,5/3/2018,Before Market
ANET,5/3/2018,After Market
BDX,5/3/2018,Before Market
ALNY,5/3/2018,After Market
GPN,5/3/2018,Before Market
BRKR,5/3/2018,After Market
CRC,5/3/2018,After Market
AIZ,5/3/2018,After Market
PBA,5/3/2018,After Market
FLY,5/3/2018,After Market
CARG,5/3/2018,After Market
DVA,5/3/2018,After Market
PBF,5/3/2018,Before Market
ARES,5/2/2018,After Market
SAFT,5/2/2018,After Market
TRNO,5/2/2018,After Market
UE,5/2/2018,After Market
CW,5/2/2018,After Market
QRVO,5/2/2018,After Market
TECH,5/2/2018,Before Market
AME,5/2/2018,Before Market
GRMN,5/2/2018,Before Market
ATO,5/2/2018,After Market
NLY,5/2/2018,After Market
BG,5/2/2018,Before Market
NXPI,5/2/2018,After Market
CF,5/2/2018,After Market
MASI,5/2/2018,After Market
CSGS,5/2/2018,After Market
NPO,5/2/2018,After Market
WK,5/2/2018,After Market
STRA,5/2/2018,Before Market
ADP,5/2/2018,Before Market
WD,5/2/2018,Before Market
CLX,5/2/2018,Before Market
ES,5/2/2018,After Market
FRT,5/2/2018,After Market
STAA,5/2/2018,After Market
LAMR,5/2/2018,Before Market
LITE,5/2/2018,Before Market
ENSG,5/2/2018,After Market
GTES,5/2/2018,After Market
SIGI,5/2/2018,After Market
HGV,5/2/2018,After Market
DX,5/2/2018,Before Market
VVV,5/2/2018,After Market
CECO,5/2/2018,After Market
QTWO,5/2/2018,After Market
CVS,5/2/2018,Before Market
CDW,5/2/2018,Before Market
DXCM,5/2/2018,After Market
WCN,5/2/2018,After Market
BDC,5/2/2018,Before Market
GNRC,5/2/2018,Before Market
NSA,5/2/2018,After Market
MYRG,5/2/2018,After Market
H,5/2/2018,After Market
OUT,5/2/2018,After Market
QGEN,5/2/2018,After Market
DNOW,5/2/2018,Before Market
CXW,5/2/2018,After Market
NVMI,5/2/2018,Before Market
THG,5/2/2018,After Market
APTV,5/2/2018,Before Market
W,5/2/2018,Before Market
APA,5/2/2018,After Market
TYL,5/2/2018,After Market
KMT,5/2/2018,After Market
HMN,5/2/2018,After Market
CRUS,5/2/2018,After Market
KHC,5/2/2018,After Market
GIL,5/2/2018,After Market
IQV,5/2/2018,Before Market
LNTH,5/2/2018,After Market
PJT,5/2/2018,Before Market
FUN,5/2/2018,Before Market
LFUS,5/2/2018,Before Market
FORM,5/2/2018,After Market
RSG,5/2/2018,After Market
TTMI,5/2/2018,After Market
ICFI,5/2/2018,After Market
NGVT,5/2/2018,After Market
CZR,5/2/2018,After Market
ZTS,5/2/2018,Before Market
LNT,5/2/2018,After Market
CLH,5/2/2018,Before Market
TTEK,5/2/2018,After Market
MAA,5/2/2018,After Market
MAC,5/2/2018,After Market
MA,5/2/2018,Before Market
CMPR,5/2/2018,After Market
UGI,5/2/2018,After Market
LNC,5/2/2018,After Market
NVO,5/2/2018,Before Market
SR,5/2/2018,Before Market
ESS,5/2/2018,After Market
INSM,5/2/2018,Before Market
TSLA,5/2/2018,After Market
NI,5/2/2018,Before Market
EZPW,5/2/2018,After Market
AWK,5/2/2018,After Market
MUR,5/2/2018,After Market
S,5/2/2018,After Market
IRTC,5/2/2018,After Market
RDWR,5/2/2018,Before Market
CACI,5/2/2018,After Market
AFG,5/2/2018,After Market
AVA,5/2/2018,Before Market
EL,5/2/2018,Before Market
PNW,5/2/2018,Before Market
MTDR,5/2/2018,After Market
BIP,5/2/2018,Before Market
NE,5/2/2018,After Market
CAMT,5/2/2018,Before Market
MET,5/2/2018,After Market
LIVN,5/2/2018,Before Market
HBM,5/2/2018,After Market
CBRE,5/2/2018,Before Market
HST,5/2/2018,After Market
LOGI,5/2/2018,After Market
HI,5/2/2018,After Market
XPO,5/2/2018,After Market
YUM,5/2/2018,Before Market
GMED,5/2/2018,After Market
WMB,5/2/2018,After Market
MFC,5/2/2018,After Market
PRU,5/2/2018,After Market
ICLR,5/2/2018,Before Market
NCLH,5/2/2018,Before Market
DBD,5/2/2018,Before Market
MDU,5/2/2018,After Market
RYN,5/2/2018,After Market
UTHR,5/2/2018,Before Market
RGLD,5/2/2018,After Market
EXC,5/2/2018,Before Market
TMHC,5/2/2018,Before Market
ARCC,5/2/2018,Before Market
OMF,5/2/2018,After Market
ENR,5/2/2018,Before Market
GIB,5/2/2018,Before Market
SITE,5/2/2018,Before Market
AI,5/2/2018,After Market
NSIT,5/2/2018,After Market
FNF,5/2/2018,After Market
CAR,5/2/2018,After Market
DFIN,5/2/2018,Before Market
HOLX,5/2/2018,After Market
EQIX,5/2/2018,After Market
AIG,5/2/2018,After Market
SPOT,5/2/2018,After Market
HCC,5/2/2018,After Market
LOPE,5/2/2018,After Market
TAP,5/2/2018,Before Market
FMC,5/2/2018,After Market
EXEL,5/2/2018,After Market
GLDD,5/2/2018,Before Market
HUM,5/2/2018,Before Market
AVDL,5/2/2018,Before Market
ACLS,5/2/2018,After Market
EAT,5/1/2018,Before Market
NNN,5/1/2018,Before Market
ALL,5/1/2018,After Market
SXI,5/1/2018,Before Market
MDLZ,5/1/2018,After Market
TDS,5/1/2018,Before Market
BP,5/1/2018,Before Market
MTSI,5/1/2018,After Market
AKR,5/1/2018,After Market
CVLT,5/1/2018,Before Market
CG,5/1/2018,Before Market
FIVN,5/1/2018,After Market
CMRE,5/1/2018,After Market
GILD,5/1/2018,After Market
SSNC,5/1/2018,After Market
RNR,5/1/2018,After Market
PFE,5/1/2018,Before Market
AMT,5/1/2018,Before Market
MATX,5/1/2018,After Market
VNOM,5/1/2018,After Market
STAG,5/1/2018,After Market
AAPL,5/1/2018,After Market
TEX,5/1/2018,After Market
HURN,5/1/2018,After Market
XYL,5/1/2018,Before Market
SMG,5/1/2018,Before Market
DORM,5/1/2018,Before Market
QLYS,5/1/2018,After Market
APAM,5/1/2018,After Market
PAYC,5/1/2018,After Market
EVTC,5/1/2018,After Market
YUMC,5/1/2018,After Market
RRR,5/1/2018,After Market
FTS,5/1/2018,Before Market
NMIH,5/1/2018,After Market
MUSA,5/1/2018,After Market
CHRW,5/1/2018,After Market
TPR,5/1/2018,Before Market
EXLS,5/1/2018,Before Market
AAT,5/1/2018,After Market
WES,5/1/2018,After Market
TKR,5/1/2018,Before Market
TRUP,5/1/2018,After Market
CIGI,5/1/2018,Before Market
IPGP,5/1/2018,Before Market
VCYT,5/1/2018,After Market
UNM,5/1/2018,After Market
REXR,5/1/2018,After Market
FDP,5/1/2018,Before Market
WEC,5/1/2018,Before Market
NEO,5/1/2018,Before Market
AGCO,5/1/2018,Before Market
ETN,5/1/2018,Before Market
TDG,5/1/2018,Before Market
VOYA,5/1/2018,After Market
FELE,5/1/2018,Before Market
ECL,5/1/2018,Before Market
ADM,5/1/2018,Before Market
VRSK,5/1/2018,After Market
TMUS,5/1/2018,After Market
MRK,5/1/2018,Before Market
MGRC,5/1/2018,After Market
SKT,5/1/2018,After Market
OLN,5/1/2018,After Market
MUX,5/1/2018,After Market
COHR,5/1/2018,After Market
EMR,5/1/2018,Before Market
FIS,5/1/2018,Before Market
INCY,5/1/2018,Before Market
CMI,5/1/2018,Before Market
ACGL,5/1/2018,After Market
OKE,5/1/2018,After Market
NTLA,5/1/2018,Before Market
STX,5/1/2018,Before Market
JKHY,5/1/2018,After Market
EXR,5/1/2018,After Market
SERV,5/1/2018,Before Market
IMAX,5/1/2018,Before Market
RHP,5/1/2018,Before Market
SHOP,5/1/2018,Before Market
AN,5/1/2018,Before Market
AJG,5/1/2018,After Market
ZYME,5/1/2018,After Market
ASH,5/1/2018,After Market
AMRC,5/1/2018,Before Market
JCI,5/1/2018,Before Market
SU,5/1/2018,After Market
EIX,5/1/2018,After Market
SO,5/1/2018,After Market
HCA,5/1/2018,Before Market
HCI,5/1/2018,After Market
FISV,5/1/2018,After Market
ENPH,5/1/2018,After Market
DVN,5/1/2018,After Market
PEG,4/30/2018,Before Market
AMG,4/30/2018,Before Market
APPF,4/30/2018,After Market
KAI,4/30/2018,After Market
GSL,4/30/2018,Before Market
GVA,4/30/2018,Before Market
BRX,4/30/2018,After Market
MPLX,4/30/2018,Before Market
VRNS,4/30/2018,After Market
ALSN,4/30/2018,After Market
VNO,4/30/2018,After Market
BFAM,4/30/2018,After Market
SSD,4/30/2018,After Market
EPD,4/30/2018,Before Market
KWR,4/30/2018,After Market
IRMD,4/30/2018,Before Market
AEIS,4/30/2018,After Market
CUBI,4/30/2018,Before Market
L,4/30/2018,Before Market
MBIN,4/30/2018,After Market
MEDP,4/30/2018,After Market
BLKB,4/30/2018,After Market
THC,4/30/2018,After Market
CGNX,4/30/2018,After Market
OGS,4/30/2018,After Market
ARLP,4/30/2018,Before Market
AKAM,4/30/2018,After Market
ARE,4/30/2018,After Market
NSP,4/30/2018,Before Market
MOH,4/30/2018,Before Market
MPC,4/30/2018,Before Market
TNET,4/30/2018,After Market
SBAC,4/30/2018,After Market
VSEC,4/30/2018,After Market
GABC,4/30/2018,After Market
REG,4/30/2018,After Market
MD,4/30/2018,After Market
CASH,4/30/2018,After Market
JJSF,4/30/2018,After Market
CNA,4/30/2018,Before Market
MTZ,4/30/2018,After Market
MCD,4/30/2018,Before Market
AWI,4/30/2018,Before Market
DAN,4/30/2018,Before Market
AXGN,4/30/2018,After Market
MCY,4/30/2018,Before Market
ZLAB,4/30/2018,Before Market
QURE,4/30/2018,Before Market
TFSL,4/30/2018,After Market
MPWR,4/30/2018,After Market
TXRH,4/30/2018,After Market
TPL,4/30/2018,After Market
IEX,4/30/2018,Before Market
APLS,4/30/2018,After Market
SF,4/30/2018,After Market
KMPR,4/30/2018,Before Market
NBIX,4/30/2018,After Market
ON,4/29/2018,Before Market
CCJ,4/27/2018,Before Market
CL,4/27/2018,Before Market
ALV,4/27/2018,Before Market
SPG,4/27/2018,Before Market
BSAC,4/27/2018,Before Market
BANC,4/27/2018,Before Market
CVX,4/27/2018,Before Market
D,4/27/2018,Before Market
E,4/27/2018,Before Market
B,4/27/2018,Before Market
SAIA,4/27/2018,Before Market
IMO,4/27/2018,Before Market
WY,4/27/2018,Before Market
LYB,4/27/2018,Before Market
PFS,4/27/2018,Before Market
FBP,4/27/2018,Before Market
BBVA,4/27/2018,Before Market
MOG/A,4/27/2018,Before Market
ASX,4/27/2018,Before Market
CHTR,4/27/2018,Before Market
CHT,4/27/2018,Before Market
CLS,4/27/2018,Before Market
TMP,4/27/2018,Before Market
DOV,4/27/2018,Before Market
VTR,4/27/2018,Before Market
MCO,4/27/2018,Before Market
POR,4/27/2018,Before Market
XOM,4/27/2018,Before Market
HMC,4/27/2018,Before Market
TRP,4/27/2018,Before Market
SNY,4/27/2018,Before Market
PSX,4/27/2018,Before Market
PEB,4/26/2018,After Market
CX,4/26/2018,Before Market
CTS,4/26/2018,Before Market
ORI,4/26/2018,Before Market
VLO,4/26/2018,Before Market
SAFE,4/26/2018,Before Market
IDCC,4/26/2018,Before Market
PEP,4/26/2018,Before Market
DB,4/26/2018,Before Market
OSIS,4/26/2018,After Market
TS,4/26/2018,After Market
CBZ,4/26/2018,Before Market
BY,4/26/2018,After Market
LEA,4/26/2018,Before Market
CBL,4/26/2018,After Market
LEG,4/26/2018,After Market
OCFC,4/26/2018,After Market
TBBK,4/26/2018,After Market
SBUX,4/26/2018,After Market
XEL,4/26/2018,Before Market
WST,4/26/2018,Before Market
CWT,4/26/2018,Before Market
BAX,4/26/2018,Before Market
FAF,4/26/2018,Before Market
TSCO,4/26/2018,Before Market
SPSC,4/26/2018,After Market
HIG,4/26/2018,After Market
SAH,4/26/2018,Before Market
PFG,4/26/2018,After Market
VC,4/26/2018,Before Market
FSLR,4/26/2018,After Market
DGII,4/26/2018,After Market
AVT,4/26/2018,Before Market
ROG,4/26/2018,After Market
EMN,4/26/2018,After Market
CVI,4/26/2018,Before Market
ENTG,4/26/2018,Before Market
ATRC,4/26/2018,After Market
EME,4/26/2018,Before Market
NOV,4/26/2018,After Market
BCS,4/26/2018,Before Market
COLB,4/26/2018,Before Market
DLR,4/26/2018,After Market
CUBE,4/26/2018,After Market
LSCC,4/26/2018,After Market
FTV,4/26/2018,After Market
CFR,4/26/2018,Before Market
GEO,4/26/2018,Before Market
ENVA,4/26/2018,After Market
COLM,4/26/2018,After Market
PH,4/26/2018,Before Market
WCC,4/26/2018,Before Market
GM,4/26/2018,Before Market
HUBG,4/26/2018,After Market
AMZN,4/26/2018,After Market
CYTK,4/26/2018,After Market
BWA,4/26/2018,Before Market
AAL,4/26/2018,Before Market
TNDM,4/26/2018,After Market
PRLB,4/26/2018,Before Market
LKQ,4/26/2018,Before Market
FCN,4/26/2018,Before Market
AIT,4/26/2018,Before Market
DLX,4/26/2018,Before Market
UNP,4/26/2018,Before Market
HLT,4/26/2018,Before Market
SPGI,4/26/2018,Before Market
BVN,4/26/2018,After Market
EQT,4/26/2018,Before Market
IP,4/26/2018,Before Market
NEM,4/26/2018,Before Market
BYD,4/26/2018,After Market
SIMO,4/26/2018,After Market
RDN,4/26/2018,Before Market
AMKR,4/26/2018,After Market
DPZ,4/26/2018,Before Market
OMCL,4/26/2018,After Market
VRSN,4/26/2018,After Market
CRS,4/26/2018,Before Market
MTRN,4/26/2018,Before Market
MAT,4/26/2018,After Market
KIM,4/26/2018,Before Market
VRTX,4/26/2018,After Market
SYK,4/26/2018,After Market
KN,4/26/2018,After Market
MCRI,4/26/2018,After Market
RMD,4/26/2018,After Market
IRM,4/26/2018,Before Market
RCL,4/26/2018,Before Market
ZBH,4/26/2018,Before Market
UPS,4/26/2018,Before Market
FICO,4/26/2018,After Market
SPB,4/26/2018,Before Market
EXPE,4/26/2018,After Market
SBCF,4/26/2018,After Market
ATR,4/26/2018,After Market
RGA,4/26/2018,After Market
THRM,4/26/2018,Before Market
ERIE,4/26/2018,After Market
INTC,4/26/2018,After Market
FCFS,4/26/2018,Before Market
FIX,4/26/2018,After Market
ABBV,4/26/2018,Before Market
ITW,4/26/2018,Before Market
CME,4/26/2018,Before Market
MO,4/26/2018,Before Market
OSK,4/26/2018,Before Market
CNOB,4/26/2018,Before Market
PENN,4/26/2018,Before Market
BIDU,4/26/2018,After Market
FHB,4/26/2018,After Market
MSFT,4/26/2018,After Market
AEP,4/26/2018,Before Market
UAN,4/26/2018,Before Market
INVA,4/26/2018,Before Market
AEM,4/26/2018,After Market
DHI,4/26/2018,Before Market
SKYW,4/26/2018,After Market
CMS,4/26/2018,Before Market
UBSI,4/26/2018,Before Market
HSY,4/26/2018,Before Market
EXAS,4/26/2018,After Market
FLEX,4/26/2018,After Market
SNDR,4/26/2018,Before Market
APD,4/26/2018,Before Market
ALKS,4/26/2018,Before Market
GPI,4/26/2018,Before Market
EGO,4/26/2018,After Market
LAZ,4/26/2018,Before Market
IRDM,4/26/2018,Before Market
HTH,4/26/2018,After Market
COP,4/26/2018,Before Market
ALLE,4/26/2018,Before Market
KLAC,4/26/2018,After Market
IVZ,4/26/2018,Before Market
NVCR,4/26/2018,Before Market
POWI,4/26/2018,After Market
CSTM,4/26/2018,Before Market
ALLY,4/26/2018,Before Market
WELL,4/26/2018,Before Market
COR,4/26/2018,Before Market
NBHC,4/26/2018,After Market
BEN,4/26/2018,Before Market
MSTR,4/26/2018,After Market
FMX,4/26/2018,Before Market
AB,4/26/2018,Before Market
ODFL,4/26/2018,Before Market
WDC,4/26/2018,After Market
MHK,4/26/2018,After Market
BC,4/26/2018,Before Market
CAI,4/26/2018,After Market
TCBK,4/26/2018,After Market
GRC,4/26/2018,Before Market
LUV,4/26/2018,Before Market
DCOM,4/26/2018,After Market
TRS,4/26/2018,Before Market
EHC,4/26/2018,After Market
HP,4/26/2018,Before Market
RS,4/26/2018,Before Market
CRI,4/26/2018,Before Market
MGM,4/26/2018,Before Market
PATK,4/26/2018,Before Market
CRAI,4/26/2018,Before Market
BMY,4/26/2018,Before Market
UHS,4/25/2018,After Market
JOE,4/25/2018,Before Market
FIBK,4/25/2018,After Market
OSBC,4/25/2018,After Market
AMD,4/25/2018,After Market
PYPL,4/25/2018,After Market
EBAY,4/25/2018,After Market
TILE,4/25/2018,After Market
KRC,4/25/2018,After Market
SLAB,4/25/2018,Before Market
KRG,4/25/2018,After Market
SYBT,4/25/2018,Before Market
TX,4/25/2018,After Market
LVS,4/25/2018,After Market
GSK,4/25/2018,Before Market
TROW,4/25/2018,Before Market
ROL,4/25/2018,Before Market
HESM,4/25/2018,Before Market
STM,4/25/2018,Before Market
PLXS,4/25/2018,After Market
VALE,4/25/2018,After Market
SEIC,4/25/2018,After Market
CADE,4/25/2018,After Market
CVE,4/25/2018,Before Market
CDE,4/25/2018,After Market
NOC,4/25/2018,Before Market
CUZ,4/25/2018,After Market
KBR,4/25/2018,After Market
FCPT,4/25/2018,After Market
SAM,4/25/2018,After Market
NOW,4/25/2018,After Market
BCO,4/25/2018,Before Market
USLM,4/25/2018,After Market
KEX,4/25/2018,After Market
MMSI,4/25/2018,After Market
TOWN,4/25/2018,Before Market
LSTR,4/25/2018,After Market
RRC,4/25/2018,After Market
NSC,4/25/2018,Before Market
GGG,4/25/2018,After Market
QCOM,4/25/2018,After Market
SCI,4/25/2018,After Market
T,4/25/2018,After Market
F,4/25/2018,After Market
AOS,4/25/2018,Before Market
BSX,4/25/2018,Before Market
SCCO,4/25/2018,Before Market
FSV,4/25/2018,Before Market
APH,4/25/2018,Before Market
BTU,4/25/2018,Before Market
GD,4/25/2018,Before Market
LKFN,4/25/2018,Before Market
AXTA,4/25/2018,Before Market
AXTI,4/25/2018,After Market
SXT,4/25/2018,Before Market
SLGN,4/25/2018,Before Market
RJF,4/25/2018,After Market
ARR,4/25/2018,After Market
FRME,4/25/2018,After Market
IR,4/25/2018,Before Market
ETR,4/25/2018,Before Market
KALU,4/25/2018,After Market
LH,4/25/2018,Before Market
UCTT,4/25/2018,After Market
CHDN,4/25/2018,After Market
BMRN,4/25/2018,After Market
ALGT,4/25/2018,After Market
BHE,4/25/2018,After Market
NEU,4/25/2018,After Market
TMO,4/25/2018,Before Market
LOB,4/25/2018,After Market
ALGN,4/25/2018,After Market
IRT,4/25/2018,Before Market
CNMD,4/25/2018,After Market
OII,4/25/2018,After Market
CAKE,4/25/2018,After Market
FCNCA,4/25/2018,Before Market
FFIV,4/25/2018,After Market
LMAT,4/25/2018,After Market
BOKF,4/25/2018,Before Market
EVR,4/25/2018,Before Market
OC,4/25/2018,Before Market
AFL,4/25/2018,After Market
GLPG,4/25/2018,After Market
GLPI,4/25/2018,Before Market
ROK,4/25/2018,Before Market
CNO,4/25/2018,After Market
CMG,4/25/2018,After Market
AVB,4/25/2018,After Market
TEL,4/25/2018,Before Market
MORN,4/25/2018,After Market
MTH,4/25/2018,After Market
AVY,4/25/2018,Before Market
LAD,4/25/2018,Before Market
KNX,4/25/2018,After Market
PAG,4/25/2018,Before Market
UDR,4/25/2018,After Market
KOF,4/25/2018,Before Market
CMCSA,4/25/2018,Before Market
SIRI,4/25/2018,Before Market
AXS,4/25/2018,After Market
V,4/25/2018,After Market
MKTX,4/25/2018,Before Market
TPH,4/25/2018,Before Market
DTE,4/25/2018,Before Market
CINF,4/25/2018,After Market
EFX,4/25/2018,After Market
BKU,4/25/2018,Before Market
PB,4/25/2018,Before Market
AM,4/25/2018,After Market
ORLY,4/25/2018,After Market
AR,4/25/2018,After Market
ASGN,4/25/2018,After Market
EIG,4/25/2018,After Market
MEOH,4/25/2018,After Market
STNG,4/25/2018,Before Market
BA,4/25/2018,Before Market
MHO,4/25/2018,Before Market
CHKP,4/25/2018,Before Market
PSA,4/25/2018,After Market
TRN,4/25/2018,After Market
NDAQ,4/25/2018,Before Market
VIV,4/25/2018,Before Market
PEBO,4/24/2018,Before Market
FITB,4/24/2018,Before Market
RNST,4/24/2018,After Market
CB,4/24/2018,After Market
CBU,4/24/2018,After Market
TR,4/24/2018,After Market
MLI,4/24/2018,Before Market
EW,4/24/2018,After Market
WYNN,4/24/2018,After Market
UMBF,4/24/2018,Before Market
WAT,4/24/2018,Before Market
WSO,4/24/2018,Before Market
TXN,4/24/2018,After Market
AMX,4/24/2018,After Market
WRB,4/24/2018,After Market
EDU,4/24/2018,Before Market
VZ,4/24/2018,Before Market
WAB,4/24/2018,Before Market
SSB,4/24/2018,Before Market
SAN,4/24/2018,Before Market
TER,4/24/2018,After Market
MKL,4/24/2018,After Market
SAP,4/24/2018,Before Market
HDB,4/24/2018,Before Market
PII,4/24/2018,Before Market
FCF,4/24/2018,Before Market
AMGN,4/24/2018,After Market
SCL,4/24/2018,Before Market
MMM,4/24/2018,Before Market
HUBB,4/24/2018,Before Market
FBNC,4/24/2018,After Market
R,4/24/2018,Before Market
PHM,4/24/2018,Before Market
HIW,4/24/2018,After Market
FR,4/24/2018,After Market
LRN,4/24/2018,After Market
PKX,4/24/2018,Before Market
ABG,4/24/2018,Before Market
LLY,4/24/2018,Before Market
FCX,4/24/2018,Before Market
PCAR,4/24/2018,Before Market
CAAP,4/24/2018,After Market
TECK,4/24/2018,Before Market
PKG,4/24/2018,After Market
EQR,4/24/2018,After Market
SIFY,4/24/2018,Before Market
NWE,4/24/2018,After Market
HOG,4/24/2018,Before Market
NEE,4/24/2018,Before Market
SHW,4/24/2018,Before Market
MAS,4/24/2018,Before Market
KO,4/24/2018,Before Market
BXP,4/24/2018,After Market
ATI,4/24/2018,Before Market
LMT,4/24/2018,Before Market
ASTE,4/24/2018,Before Market
EEFT,4/24/2018,After Market
MRCY,4/24/2018,After Market
BXMT,4/24/2018,After Market
CNC,4/24/2018,Before Market
BPOP,4/24/2018,Before Market
BUSE,4/24/2018,After Market
ILMN,4/24/2018,After Market
MKSI,4/24/2018,After Market
QSR,4/24/2018,Before Market
GLW,4/24/2018,Before Market
DLB,4/24/2018,After Market
GPK,4/24/2018,Before Market
VICR,4/24/2018,After Market
HBAN,4/24/2018,Before Market
MANH,4/24/2018,After Market
COF,4/24/2018,After Market
RHI,4/24/2018,After Market
NAVI,4/24/2018,After Market
CAT,4/24/2018,Before Market
CSL,4/24/2018,After Market
ST,4/24/2018,Before Market
FNB,4/24/2018,Before Market
TRMK,4/24/2018,After Market
TRV,4/24/2018,Before Market
BIIB,4/24/2018,Before Market
CR,4/23/2018,After Market
HXL,4/23/2018,After Market
ALK,4/23/2018,Before Market
CDNS,4/23/2018,After Market
CSGP,4/23/2018,After Market
EFSC,4/23/2018,After Market
BOH,4/23/2018,Before Market
WSFS,4/23/2018,After Market
BANR,4/23/2018,After Market
FE,4/23/2018,Before Market
AMP,4/23/2018,After Market
ELS,4/23/2018,After Market
BRO,4/23/2018,After Market
FBK,4/23/2018,After Market
SFNC,4/23/2018,After Market
LII,4/23/2018,Before Market
PHG,4/23/2018,Before Market
SUI,4/23/2018,After Market
ASR,4/23/2018,After Market
NTB,4/23/2018,After Market
NBTB,4/23/2018,After Market
GOOGL,4/23/2018,After Market
MSA,4/23/2018,After Market
WHR,4/23/2018,After Market
MC,4/23/2018,After Market
ADC,4/23/2018,After Market
CNI,4/23/2018,After Market
LECO,4/23/2018,Before Market
OI,4/23/2018,After Market
KMB,4/23/2018,Before Market
TNC,4/23/2018,Before Market
ONB,4/23/2018,Before Market
ZION,4/23/2018,After Market
UBS,4/23/2018,Before Market
SLM,4/23/2018,After Market
HAL,4/23/2018,Before Market
HAS,4/23/2018,Before Market
RUSHA,4/23/2018,After Market
WWD,4/23/2018,After Market
GOOG,4/23/2018,After Market
SANM,4/23/2018,After Market
WM,4/20/2018,Before Market
ROP,4/20/2018,Before Market
CFG,4/20/2018,Before Market
STT,4/20/2018,Before Market
GE,4/20/2018,Before Market
GNTX,4/20/2018,Before Market
OFG,4/20/2018,Before Market
SWK,4/20/2018,Before Market
HON,4/20/2018,Before Market
MAN,4/20/2018,Before Market
CLF,4/20/2018,Before Market
HNI,4/20/2018,After Market
SYF,4/20/2018,Before Market
ABCB,4/20/2018,Before Market
PRK,4/20/2018,After Market
BLX,4/20/2018,Before Market
SLB,4/20/2018,Before Market
SHOO,4/20/2018,Before Market
TRU,4/20/2018,Before Market
RF,4/20/2018,Before Market
DGX,4/19/2018,Before Market
EWBC,4/19/2018,Before Market
BK,4/19/2018,Before Market
MRTN,4/19/2018,After Market
FFIN,4/19/2018,After Market
BX,4/19/2018,Before Market
WAL,4/19/2018,After Market
WERN,4/19/2018,After Market
BANF,4/19/2018,After Market
DHR,4/19/2018,Before Market
WABC,4/19/2018,Before Market
STBA,4/19/2018,Before Market
KEY,4/19/2018,Before Market
CHE,4/19/2018,After Market
GBCI,4/19/2018,After Market
WBS,4/19/2018,Before Market
PG,4/19/2018,Before Market
POOL,4/19/2018,Before Market
BBT,4/19/2018,Before Market
GWW,4/19/2018,Before Market
ASB,4/19/2018,After Market
HOMB,4/19/2018,Before Market
NUE,4/19/2018,Before Market
CHCO,4/19/2018,Before Market
PNR,4/19/2018,Before Market
KB,4/19/2018,Before Market
RCI,4/19/2018,After Market
GATX,4/19/2018,Before Market
GTLS,4/19/2018,Before Market
NVS,4/19/2018,Before Market
EXPO,4/19/2018,After Market
PPG,4/19/2018,Before Market
FFBC,4/19/2018,After Market
INDB,4/19/2018,After Market
SRCE,4/19/2018,Before Market
PFBC,4/19/2018,After Market
EGP,4/19/2018,After Market
GPC,4/19/2018,Before Market
RBCAA,4/19/2018,Before Market
PM,4/19/2018,Before Market
SON,4/19/2018,Before Market
TSM,4/19/2018,Before Market
TEAM,4/19/2018,After Market
SNA,4/19/2018,Before Market
CCI,4/18/2018,After Market
CCK,4/18/2018,After Market
CP,4/18/2018,After Market
QCRH,4/18/2018,Before Market
VMI,4/18/2018,After Market
RLI,4/18/2018,After Market
CVBF,4/18/2018,After Market
CATY,4/18/2018,After Market
TXT,4/18/2018,Before Market
ASML,4/18/2018,Before Market
PTC,4/18/2018,After Market
NWBI,4/18/2018,Before Market
CTBI,4/18/2018,Before Market
ABT,4/18/2018,Before Market
UFPI,4/18/2018,After Market
KMI,4/18/2018,After Market
CNS,4/18/2018,After Market
URI,4/18/2018,After Market
MS,4/18/2018,Before Market
USB,4/18/2018,Before Market
MTG,4/18/2018,Before Market
STLD,4/18/2018,After Market
AXP,4/18/2018,After Market
SLG,4/18/2018,After Market
TCBI,4/18/2018,After Market
AA,4/18/2018,After Market
LRCX,4/17/2018,After Market
IBKR,4/17/2018,After Market
CSX,4/17/2018,After Market
JNJ,4/17/2018,Before Market
NTRS,4/17/2018,Before Market
PGR,4/17/2018,Before Market
ISRG,4/17/2018,After Market
GS,4/17/2018,Before Market
PLD,4/17/2018,Before Market
OMAB,4/17/2018,After Market
UNH,4/17/2018,Before Market
IBM,4/17/2018,After Market
HCSG,4/17/2018,After Market
CMA,4/17/2018,Before Market
UAL,4/17/2018,After Market
FULT,4/17/2018,After Market
OMC,4/17/2018,Before Market
WSBC,4/17/2018,After Market
BMI,4/17/2018,After Market
CE,4/16/2018,After Market
PNFP,4/16/2018,After Market
BAC,4/16/2018,Before Market
NFLX,4/16/2018,After Market
JBHT,4/16/2018,Before Market
SFBS,4/16/2018,After Market
SCHW,4/16/2018,Before Market
MTB,4/16/2018,Before Market
WTFC,4/16/2018,After Market
INFY,4/13/2018,Before Market
C,4/13/2018,Before Market
JPM,4/13/2018,Before Market
WFC,4/13/2018,Before Market
PNC,4/13/2018,Before Market
FHN,4/13/2018,Before Market
SKY,4/12/2018,After Market
DAL,4/12/2018,Before Market
BLK,4/12/2018,Before Market
CBSH,4/12/2018,Before Market
AGX,4/11/2018,After Market
FAST,4/11/2018,Before Market
SMMT,4/11/2018,Before Market
WAFD,4/11/2018,Before Market
SMPL,4/10/2018,Before Market
MSM,4/10/2018,Before Market
GBX,4/6/2018,Before Market
LW,4/5/2018,Before Market
WDFC,4/5/2018,After Market
RPM,4/5/2018,Before Market
PSMT,4/5/2018,After Market
LEN,4/4/2018,Before Market
KMX,4/4/2018,Before Market
AYI,4/4/2018,Before Market
OLLI,4/4/2018,After Market
CALM,4/2/2018,Before Market
SLNO,4/2/2018,Before Market
LNN,3/29/2018,Before Market
WOR,3/29/2018,Before Market
SAIC,3/29/2018,Before Market
STZ,3/29/2018,Before Market
RPRX,3/29/2018,Before Market
SNX,3/29/2018,After Market
GME,3/28/2018,After Market
PRGS,3/28/2018,After Market
PVH,3/28/2018,After Market
FUL,3/28/2018,After Market
ASND,3/28/2018,After Market
SBS,3/28/2018,Before Market
COLD,3/28/2018,After Market
MAGS,3/28/2018,Before Market
IIPR,3/28/2018,After Market
UNF,3/28/2018,Before Market
MKC,3/27/2018,Before Market
RH,3/27/2018,After Market
LULU,3/27/2018,After Market
FDS,3/27/2018,Before Market
VCTR,3/26/2018,Before Market
PAYX,3/26/2018,Before Market
ACN,3/22/2018,Before Market
CCL,3/22/2018,Before Market
KBH,3/22/2018,After Market
CUK,3/22/2018,Before Market
CTAS,3/22/2018,After Market
REX,3/22/2018,Before Market
CMC,3/22/2018,Before Market
DRI,3/22/2018,Before Market
MU,3/22/2018,After Market
GIII,3/22/2018,Before Market
JKS,3/22/2018,Before Market
CDNA,3/22/2018,After Market
NKE,3/22/2018,After Market
CAG,3/22/2018,Before Market
GIS,3/21/2018,Before Market
WGO,3/21/2018,Before Market
EGO,3/21/2018,After Market
WPM,3/21/2018,After Market
FIVE,3/21/2018,After Market
METC,3/21/2018,After Market
FDX,3/20/2018,After Market
LAUR,3/20/2018,After Market
DXPE,3/20/2018,After Market
SA,3/20/2018,After Market
AIR,3/20/2018,After Market
ESLT,3/20/2018,Before Market
HQY,3/19/2018,After Market
APLS,3/19/2018,After Market
CSIQ,3/19/2018,Before Market
ORCL,3/19/2018,After Market
BKE,3/16/2018,Before Market
GEN,3/16/2018,Before Market
CELC,3/15/2018,After Market
ADBE,3/15/2018,After Market
AVGO,3/15/2018,After Market
PBR,3/15/2018,Before Market
PAR,3/15/2018,After Market
AUPH,3/15/2018,After Market
DG,3/15/2018,Before Market
ULTA,3/15/2018,After Market
IMOS,3/15/2018,Before Market
JBL,3/15/2018,After Market
SHLD,3/14/2018,After Market
QURE,3/14/2018,Before Market
NTLA,3/14/2018,Before Market
LTM,3/14/2018,After Market
ZYME,3/14/2018,After Market
SMTC,3/14/2018,After Market
CAPR,3/14/2018,After Market
COGT,3/14/2018,After Market
LEU,3/14/2018,After Market
PUK,3/14/2018,Before Market
WSM,3/14/2018,After Market
TDW,3/14/2018,After Market
CPRX,3/14/2018,After Market
TGLS,3/14/2018,Before Market
SIG,3/14/2018,Before Market
MDGL,3/13/2018,Before Market
MDB,3/13/2018,After Market
RELY,3/13/2018,After Market
HTHT,3/13/2018,After Market
WMK,3/13/2018,After Market
NTRA,3/13/2018,After Market
IPAR,3/13/2018,After Market
GTES,3/13/2018,After Market
GDS,3/13/2018,Before Market
DKS,3/13/2018,Before Market
AMPH,3/12/2018,After Market
PAM,3/12/2018,Before Market
CEPU,3/12/2018,After Market
LBRT,3/12/2018,After Market
KRYS,3/12/2018,Before Market
GRBK,3/12/2018,After Market
WVE,3/12/2018,Before Market
RYTM,3/12/2018,After Market
JBGS,3/12/2018,After Market
UEC,3/9/2018,Before Market
UUUU,3/9/2018,After Market
AEO,3/8/2018,Before Market
GLP,3/8/2018,Before Market
TPB,3/8/2018,Before Market
WLDN,3/8/2018,After Market
RGC,3/8/2018,After Market
DVAX,3/8/2018,Before Market
VICI,3/8/2018,After Market
AGM,3/8/2018,Before Market
MTN,3/8/2018,Before Market
EYE,3/8/2018,Before Market
AVDL,3/8/2018,Before Market
FLY,3/8/2018,Before Market
IDT,3/8/2018,After Market
TGTX,3/8/2018,Before Market
BLFS,3/8/2018,After Market
CLMT,3/8/2018,Before Market
KRP,3/8/2018,Before Market
CRSP,3/8/2018,After Market
MRVL,3/8/2018,After Market
RDNT,3/8/2018,Before Market
INOD,3/8/2018,Before Market
UNFI,3/8/2018,After Market
MMI,3/8/2018,After Market
UMH,3/8/2018,After Market
ATEC,3/8/2018,After Market
COO,3/8/2018,After Market
DMLP,3/8/2018,Before Market
USPH,3/8/2018,Before Market
BURL,3/8/2018,Before Market
INSW,3/8/2018,Before Market
KR,3/8/2018,Before Market
FIZZ,3/8/2018,After Market
PAY,3/8/2018,After Market
WHD,3/8/2018,After Market
ZTO,3/8/2018,After Market
PTGX,3/7/2018,After Market
GOLF,3/7/2018,Before Market
ATHM,3/7/2018,Before Market
OKTA,3/7/2018,After Market
COST,3/7/2018,After Market
REVG,3/7/2018,After Market
DLTR,3/7/2018,Before Market
FNV,3/7/2018,After Market
ANF,3/7/2018,Before Market
VKTX,3/7/2018,After Market
BF/B,3/7/2018,Before Market
BF/A,3/7/2018,Before Market
AXSM,3/7/2018,Before Market
TGS,3/7/2018,Before Market
COLL,3/7/2018,After Market
MYRG,3/7/2018,After Market
CASY,3/7/2018,Before Market
THO,3/7/2018,After Market
CZR,3/7/2018,After Market
CLDX,3/7/2018,After Market
XENE,3/7/2018,After Market
CVNA,3/6/2018,After Market
ROST,3/6/2018,After Market
DCI,3/6/2018,Before Market
HRB,3/6/2018,After Market
HCI,3/6/2018,After Market
BHVN,3/6/2018,After Market
URBN,3/6/2018,After Market
AMRC,3/6/2018,Before Market
CIEN,3/6/2018,Before Market
ADSK,3/6/2018,After Market
AVAV,3/6/2018,After Market
ABM,3/6/2018,After Market
TGT,3/6/2018,Before Market
GWRE,3/6/2018,After Market
KFY,3/6/2018,After Market
RUN,3/6/2018,After Market
PTCT,3/6/2018,After Market
DSGX,3/5/2018,After Market
ANAB,3/5/2018,After Market
FRPT,3/5/2018,After Market
DAVE,3/5/2018,After Market
SNDX,3/5/2018,After Market
ADMA,3/5/2018,Before Market
PARR,3/5/2018,After Market
GSL,3/5/2018,Before Market
ACMR,3/5/2018,Before Market
NVGS,3/5/2018,After Market
STRL,3/5/2018,After Market
VCEL,3/5/2018,Before Market
ADUS,3/5/2018,After Market
YPF,3/5/2018,Before Market
JD,3/2/2018,Before Market
TD,3/1/2018,Before Market
PSTG,3/1/2018,After Market
CNQ,3/1/2018,Before Market
XRAY,3/1/2018,After Market
EFX,3/1/2018,After Market
CWST,3/1/2018,After Market
CARG,3/1/2018,After Market
DEA,3/1/2018,Before Market
AMBA,3/1/2018,After Market
TAC,3/1/2018,After Market
KEYS,3/1/2018,After Market
LTC,3/1/2018,After Market
FND,3/1/2018,Before Market
ALG,3/1/2018,After Market
ORA,3/1/2018,Before Market
KSS,3/1/2018,Before Market
JOE,3/1/2018,After Market
NTNX,3/1/2018,After Market
STRA,3/1/2018,After Market
PRGO,3/1/2018,After Market
WPP,3/1/2018,Before Market
CWT,3/1/2018,Before Market
ARGX,3/1/2018,Before Market
NRG,3/1/2018,Before Market
BBY,3/1/2018,Before Market
SGRY,3/1/2018,Before Market
ICUI,3/1/2018,After Market
BUD,3/1/2018,Before Market
NRP,3/1/2018,Before Market
TNDM,3/1/2018,After Market
VSEC,3/1/2018,After Market
SRPT,3/1/2018,After Market
UFPT,3/1/2018,Before Market
TGNA,3/1/2018,Before Market
LOW,2/28/2018,Before Market
AXGN,2/28/2018,After Market
HRI,2/28/2018,Before Market
BATRA,2/28/2018,After Market
BATRK,2/28/2018,After Market
GEF,2/28/2018,After Market
SBGI,2/28/2018,Before Market
DCO,2/28/2018,After Market
CROX,2/28/2018,Before Market
LIVN,2/28/2018,Before Market
CPK,2/28/2018,After Market
CRM,2/28/2018,After Market
BLDR,2/28/2018,After Market
DFIN,2/28/2018,Before Market
GKOS,2/28/2018,After Market
AG,2/28/2018,After Market
FOR,2/28/2018,After Market
FWONK,2/28/2018,After Market
SQM,2/28/2018,After Market
FOLD,2/28/2018,Before Market
MGIC,2/28/2018,Before Market
ITRI,2/28/2018,After Market
BOX,2/28/2018,After Market
GTY,2/28/2018,After Market
CCU,2/28/2018,Before Market
MNST,2/28/2018,After Market
UHS,2/28/2018,After Market
FWONA,2/28/2018,After Market
MMSI,2/28/2018,After Market
VALE,2/28/2018,Before Market
ADI,2/28/2018,Before Market
IBOC,2/28/2018,Before Market
STAA,2/28/2018,After Market
DQ,2/28/2018,Before Market
HGV,2/28/2018,After Market
FRO,2/28/2018,Before Market
FG,2/28/2018,After Market
KTOS,2/28/2018,After Market
FSS,2/28/2018,Before Market
FTAI,2/28/2018,Before Market
EPR,2/28/2018,After Market
KWR,2/28/2018,After Market
STWD,2/28/2018,Before Market
ALEX,2/28/2018,After Market
TJX,2/28/2018,Before Market
LB,2/28/2018,After Market
DOC,2/28/2018,Before Market
NOVT,2/28/2018,Before Market
GLNG,2/28/2018,Before Market
CHDN,2/28/2018,After Market
IBP,2/28/2018,Before Market
CLH,2/28/2018,Before Market
AES,2/27/2018,Before Market
MTZ,2/27/2018,After Market
BIO,2/27/2018,After Market
JAZZ,2/27/2018,After Market
TPC,2/27/2018,After Market
DAR,2/27/2018,After Market
HEI,2/27/2018,After Market
FIG,2/27/2018,Before Market
SERV,2/27/2018,Before Market
IMAX,2/27/2018,After Market
SUPN,2/27/2018,After Market
BCPC,2/27/2018,Before Market
VEEV,2/27/2018,After Market
BKNG,2/27/2018,After Market
SHOO,2/27/2018,Before Market
ETSY,2/27/2018,After Market
BLD,2/27/2018,Before Market
ENPH,2/27/2018,After Market
CRI,2/27/2018,Before Market
TRS,2/27/2018,Before Market
TBPH,2/27/2018,After Market
FMX,2/27/2018,After Market
ALB,2/27/2018,After Market
MASI,2/27/2018,After Market
IONS,2/27/2018,Before Market
ELF,2/27/2018,After Market
SRE,2/27/2018,Before Market
PEN,2/27/2018,After Market
SBLK,2/27/2018,After Market
NNI,2/27/2018,After Market
AZO,2/27/2018,Before Market
NXST,2/27/2018,Before Market
ROG,2/27/2018,After Market
COKE,2/27/2018,After Market
EC,2/27/2018,After Market
EE,2/27/2018,Before Market
SAH,2/27/2018,Before Market
LXP,2/27/2018,Before Market
AMT,2/27/2018,Before Market
ANIP,2/27/2018,Before Market
LAMR,2/27/2018,Before Market
ALRM,2/27/2018,After Market
LYV,2/27/2018,After Market
TOL,2/27/2018,Before Market
WTW,2/27/2018,After Market
PZZA,2/27/2018,After Market
EOG,2/27/2018,After Market
MIDD,2/27/2018,After Market
ACAD,2/27/2018,After Market
M,2/27/2018,Before Market
OUT,2/27/2018,After Market
XHR,2/27/2018,Before Market
RRR,2/27/2018,After Market
RRC,2/27/2018,After Market
CYD,2/27/2018,Before Market
DXCM,2/27/2018,After Market
HURN,2/27/2018,After Market
LGIH,2/27/2018,Before Market
BWXT,2/27/2018,After Market
VAC,2/27/2018,Before Market
SWX,2/27/2018,After Market
BVN,2/27/2018,After Market
ICFI,2/27/2018,After Market
CTRE,2/27/2018,After Market
VCYT,2/27/2018,After Market
WDAY,2/27/2018,After Market
TNET,2/27/2018,After Market
EXLS,2/27/2018,Before Market
BNS,2/27/2018,Before Market
AAON,2/27/2018,Before Market
MGRC,2/27/2018,After Market
BMO,2/27/2018,Before Market
AWI,2/26/2018,Before Market
OKE,2/26/2018,After Market
AWR,2/26/2018,After Market
EHC,2/26/2018,After Market
KNSL,2/26/2018,After Market
PANW,2/26/2018,After Market
CRK,2/26/2018,Before Market
CRC,2/26/2018,After Market
EXEL,2/26/2018,After Market
SN,2/26/2018,Before Market
FMS,2/26/2018,After Market
SAFT,2/26/2018,After Market
APPF,2/26/2018,After Market
DK,2/26/2018,After Market
ATRC,2/26/2018,After Market
BSM,2/26/2018,After Market
BCC,2/26/2018,Before Market
THC,2/26/2018,After Market
DKL,2/26/2018,After Market
MEDP,2/26/2018,After Market
PRIM,2/26/2018,After Market
NSA,2/26/2018,Before Market
PEGA,2/26/2018,After Market
ATRO,2/26/2018,After Market
DORM,2/26/2018,Before Market
RBA,2/26/2018,After Market
LNTH,2/26/2018,After Market
VST,2/26/2018,Before Market
SBAC,2/26/2018,After Market
CPRT,2/26/2018,Before Market
BRK/B,2/24/2018,Before Market
CNK,2/23/2018,Before Market
MGEE,2/23/2018,Before Market
RHP,2/23/2018,Before Market
WPC,2/23/2018,Before Market
TDS,2/23/2018,Before Market
PEG,2/23/2018,Before Market
PSO,2/23/2018,Before Market
RY,2/23/2018,Before Market
INSM,2/23/2018,Before Market
PNW,2/23/2018,Before Market
NWN,2/23/2018,Before Market
ETR,2/23/2018,Before Market
IDA,2/22/2018,Before Market
UAN,2/22/2018,Before Market
NDSN,2/22/2018,After Market
CM,2/22/2018,Before Market
ZBRA,2/22/2018,Before Market
TNK,2/22/2018,Before Market
TNC,2/22/2018,Before Market
GLPG,2/22/2018,After Market
FIX,2/22/2018,After Market
CORT,2/22/2018,After Market
CNP,2/22/2018,Before Market
PPL,2/22/2018,Before Market
ERIE,2/22/2018,After Market
VICR,2/22/2018,After Market
AGO,2/22/2018,After Market
APLE,2/22/2018,After Market
HTGC,2/22/2018,After Market
NCLH,2/22/2018,Before Market
CENX,2/22/2018,After Market
ACIW,2/22/2018,Before Market
CSTM,2/22/2018,Before Market
BKD,2/22/2018,Before Market
SATS,2/22/2018,Before Market
NVCR,2/22/2018,Before Market
IRDM,2/22/2018,Before Market
EXAS,2/22/2018,After Market
KOF,2/22/2018,Before Market
INTU,2/22/2018,After Market
MELI,2/22/2018,After Market
ROCK,2/22/2018,Before Market
PBA,2/22/2018,After Market
MGA,2/22/2018,Before Market
RGEN,2/22/2018,Before Market
GDDY,2/22/2018,After Market
WING,2/22/2018,After Market
TTD,2/22/2018,After Market
SDRL,2/22/2018,Before Market
EIX,2/22/2018,After Market
AL,2/22/2018,After Market
OLED,2/22/2018,After Market
APPN,2/22/2018,After Market
AMH,2/22/2018,After Market
VC,2/22/2018,Before Market
IDCC,2/22/2018,Before Market
PLNT,2/22/2018,After Market
PEB,2/22/2018,After Market
ES,2/22/2018,After Market
EME,2/22/2018,Before Market
CVI,2/22/2018,Before Market
HPE,2/22/2018,After Market
FSLR,2/22/2018,After Market
NOG,2/22/2018,After Market
PWR,2/22/2018,Before Market
KBR,2/22/2018,After Market
GSAT,2/22/2018,After Market
STN,2/22/2018,Before Market
TFX,2/22/2018,Before Market
WK,2/22/2018,After Market
TSEM,2/22/2018,Before Market
W,2/22/2018,Before Market
APA,2/22/2018,Before Market
HRL,2/22/2018,Before Market
CCOI,2/22/2018,Before Market
BRC,2/22/2018,Before Market
SCL,2/22/2018,Before Market
FCN,2/22/2018,Before Market
HPQ,2/22/2018,After Market
BCS,2/22/2018,Before Market
BELFB,2/22/2018,Before Market
OGE,2/22/2018,Before Market
SFM,2/22/2018,Before Market
VEON,2/22/2018,Before Market
ITGR,2/22/2018,After Market
SSRM,2/22/2018,After Market
LKQ,2/22/2018,Before Market
HLF,2/22/2018,After Market
ASR,2/22/2018,After Market
OMAB,2/22/2018,After Market
BTI,2/22/2018,Before Market
GIL,2/22/2018,Before Market
OII,2/22/2018,After Market
LDOS,2/22/2018,Before Market
TTC,2/22/2018,Before Market
GTLS,2/22/2018,Before Market
MAIN,2/22/2018,After Market
AROC,2/22/2018,Before Market
ADC,2/22/2018,After Market
UFPI,2/22/2018,After Market
BMRN,2/22/2018,After Market
LNT,2/22/2018,After Market
NEM,2/22/2018,Before Market
INVH,2/21/2018,After Market
NE,2/21/2018,After Market
MTDR,2/21/2018,After Market
PODD,2/21/2018,After Market
TSLX,2/21/2018,After Market
GPOR,2/21/2018,After Market
MUX,2/21/2018,After Market
OC,2/21/2018,Before Market
LMAT,2/21/2018,After Market
PRA,2/21/2018,After Market
HST,2/21/2018,After Market
CPA,2/21/2018,After Market
UTHR,2/21/2018,Before Market
GMED,2/21/2018,After Market
LGND,2/21/2018,After Market
HBM,2/21/2018,After Market
EIG,2/21/2018,After Market
LOPE,2/21/2018,After Market
VIV,2/21/2018,Before Market
CQP,2/21/2018,Before Market
TRN,2/21/2018,After Market
CAR,2/21/2018,After Market
SM,2/21/2018,After Market
SO,2/21/2018,Before Market
TS,2/21/2018,After Market
QDEL,2/21/2018,After Market
TILE,2/21/2018,After Market
CSGP,2/21/2018,After Market
AKR,2/21/2018,After Market
GRMN,2/21/2018,Before Market
HASI,2/21/2018,After Market
VMI,2/21/2018,After Market
DYN,2/21/2018,After Market
SNPS,2/21/2018,After Market
CW,2/21/2018,After Market
SAM,2/21/2018,After Market
CECO,2/21/2018,After Market
SAIL,2/21/2018,After Market
DX,2/21/2018,Before Market
FR,2/21/2018,After Market
FIVN,2/21/2018,After Market
SUN,2/21/2018,After Market
TYL,2/21/2018,After Market
SUI,2/21/2018,After Market
O,2/21/2018,After Market
EVTC,2/21/2018,After Market
ROKU,2/21/2018,After Market
FTI,2/21/2018,After Market
CIB,2/21/2018,After Market
SBRA,2/21/2018,After Market
SEM,2/21/2018,After Market
WWW,2/21/2018,Before Market
AXTI,2/21/2018,After Market
OGS,2/21/2018,After Market
AAP,2/21/2018,Before Market
WEX,2/21/2018,Before Market
LNG,2/21/2018,Before Market
TREX,2/21/2018,After Market
ECPG,2/21/2018,After Market
AAOI,2/21/2018,After Market
IAG,2/21/2018,After Market
CAKE,2/21/2018,After Market
UCTT,2/21/2018,After Market
AVA,2/21/2018,Before Market
KALU,2/21/2018,After Market
NEO,2/21/2018,Before Market
NI,2/20/2018,Before Market
THRM,2/20/2018,Before Market
MORN,2/20/2018,After Market
HALO,2/20/2018,After Market
NHC,2/20/2018,Before Market
AWK,2/20/2018,After Market
EXR,2/20/2018,After Market
TXRH,2/20/2018,After Market
OR,2/20/2018,Before Market
TPH,2/20/2018,Before Market
HSBC,2/20/2018,Before Market
PSA,2/20/2018,After Market
DUK,2/20/2018,Before Market
ALLE,2/20/2018,Before Market
GPC,2/20/2018,Before Market
WLK,2/20/2018,Before Market
GLDD,2/20/2018,Before Market
SITE,2/20/2018,Before Market
DVN,2/20/2018,After Market
MGM,2/20/2018,Before Market
WMT,2/20/2018,Before Market
FLR,2/20/2018,After Market
PAAS,2/20/2018,After Market
MDT,2/20/2018,Before Market
TX,2/20/2018,After Market
RARE,2/20/2018,After Market
FCPT,2/20/2018,After Market
WAB,2/20/2018,Before Market
AU,2/20/2018,Before Market
BHP,2/20/2018,Before Market
HSIC,2/20/2018,Before Market
MATX,2/20/2018,After Market
FE,2/20/2018,After Market
CHH,2/20/2018,Before Market
HD,2/20/2018,Before Market
FDP,2/20/2018,Before Market
NGVT,2/20/2018,After Market
LZB,2/20/2018,After Market
DAKT,2/20/2018,Before Market
LC,2/20/2018,After Market
VRSK,2/20/2018,After Market
BYD,2/20/2018,After Market
EXPD,2/20/2018,Before Market
ASTE,2/20/2018,Before Market
IRT,2/20/2018,Before Market
MCRI,2/20/2018,After Market
CHEF,2/20/2018,After Market
DPZ,2/20/2018,Before Market
ECL,2/20/2018,Before Market
MSA,2/20/2018,After Market
FELE,2/20/2018,Before Market
BMA,2/19/2018,Before Market
MOS,2/19/2018,After Market
POR,2/16/2018,Before Market
AEE,2/16/2018,Before Market
DE,2/16/2018,Before Market
ITT,2/16/2018,Before Market
NHI,2/16/2018,Before Market
EPAM,2/16/2018,Before Market
DTE,2/16/2018,Before Market
SJM,2/16/2018,Before Market
CPB,2/16/2018,Before Market
VMC,2/16/2018,Before Market
GVA,2/16/2018,Before Market
B,2/16/2018,Before Market
E,2/16/2018,Before Market
ENB,2/16/2018,Before Market
R,2/16/2018,Before Market
IPGP,2/16/2018,Before Market
KHC,2/16/2018,Before Market
KO,2/16/2018,Before Market
IRM,2/16/2018,Before Market
INCY,2/15/2018,Before Market
PI,2/15/2018,After Market
OMC,2/15/2018,Before Market
ICLR,2/15/2018,Before Market
GPN,2/15/2018,Before Market
SHOP,2/15/2018,Before Market
RS,2/15/2018,Before Market
PATK,2/15/2018,Before Market
CRAI,2/15/2018,Before Market
PBF,2/15/2018,Before Market
USFD,2/15/2018,Before Market
ANET,2/15/2018,After Market
TRP,2/15/2018,Before Market
FLS,2/15/2018,After Market
SON,2/15/2018,Before Market
NICE,2/15/2018,Before Market
RELX,2/15/2018,Before Market
SAFE,2/15/2018,After Market
CBZ,2/15/2018,Before Market
KAI,2/15/2018,After Market
COHU,2/15/2018,After Market
SHAK,2/15/2018,After Market
BL,2/15/2018,After Market
CNXN,2/15/2018,After Market
SSNC,2/15/2018,After Market
ED,2/15/2018,After Market
CVE,2/15/2018,Before Market
STAG,2/15/2018,After Market
GEL,2/15/2018,Before Market
WST,2/15/2018,Before Market
HII,2/15/2018,Before Market
BAM,2/15/2018,Before Market
WM,2/15/2018,Before Market
CYBR,2/15/2018,Before Market
POOL,2/15/2018,Before Market
DRD,2/15/2018,Before Market
CGNX,2/15/2018,After Market
CUBE,2/15/2018,After Market
DLR,2/15/2018,After Market
HL,2/15/2018,Before Market
NMIH,2/15/2018,After Market
FTS,2/15/2018,Before Market
THS,2/15/2018,Before Market
WES,2/15/2018,After Market
PDFS,2/15/2018,After Market
EQT,2/15/2018,Before Market
NTB,2/15/2018,Before Market
SPXC,2/15/2018,After Market
CYTK,2/15/2018,After Market
GLOB,2/15/2018,After Market
KIM,2/15/2018,Before Market
MTRN,2/15/2018,Before Market
ZTS,2/15/2018,Before Market
TRGP,2/15/2018,Before Market
AER,2/14/2018,Before Market
AEM,2/14/2018,After Market
WIX,2/14/2018,Before Market
CMS,2/14/2018,Before Market
IRTC,2/14/2018,After Market
LECO,2/14/2018,Before Market
TRIP,2/14/2018,After Market
PPC,2/14/2018,After Market
IFF,2/14/2018,After Market
NSIT,2/14/2018,After Market
ASGN,2/14/2018,After Market
LAD,2/14/2018,Before Market
ANDE,2/14/2018,After Market
AGIO,2/14/2018,Before Market
OMF,2/14/2018,After Market
A,2/14/2018,After Market
SLF,2/14/2018,After Market
HCC,2/14/2018,After Market
WMB,2/14/2018,After Market
ALKS,2/14/2018,Before Market
PLAB,2/14/2018,Before Market
TAP,2/14/2018,Before Market
STNG,2/14/2018,Before Market
SEDG,2/14/2018,After Market
BG,2/14/2018,Before Market
NLY,2/14/2018,After Market
CAI,2/14/2018,After Market
EQIX,2/14/2018,After Market
RUSHA,2/14/2018,After Market
CF,2/14/2018,After Market
CC,2/14/2018,After Market
TR,2/14/2018,After Market
CSCO,2/14/2018,After Market
UE,2/14/2018,After Market
ARES,2/14/2018,Before Market
ALSN,2/14/2018,After Market
GEO,2/14/2018,Before Market
H,2/14/2018,After Market
QTWO,2/14/2018,After Market
CXW,2/14/2018,After Market
DNOW,2/14/2018,Before Market
NTAP,2/14/2018,After Market
Q,2/14/2018,Before Market
HR,2/14/2018,After Market
CHE,2/14/2018,After Market
HE,2/14/2018,After Market
WCN,2/14/2018,After Market
CIM,2/14/2018,Before Market
ARR,2/14/2018,After Market
HLT,2/14/2018,Before Market
CIGI,2/14/2018,Before Market
FUN,2/14/2018,Before Market
KGC,2/14/2018,After Market
GFI,2/14/2018,Before Market
IQV,2/14/2018,Before Market
TECK,2/14/2018,Before Market
AMAT,2/14/2018,After Market
MAR,2/14/2018,After Market
BIDU,2/13/2018,After Market
CALX,2/13/2018,After Market
TWLO,2/13/2018,After Market
SKT,2/13/2018,After Market
DAN,2/13/2018,Before Market
CNO,2/13/2018,After Market
BXMT,2/13/2018,After Market
LPX,2/13/2018,Before Market
ARCC,2/13/2018,Before Market
DBD,2/13/2018,Before Market
EFC,2/13/2018,After Market
MET,2/13/2018,After Market
CRL,2/13/2018,Before Market
AB,2/13/2018,Before Market
DVA,2/13/2018,After Market
TRU,2/13/2018,Before Market
MXL,2/13/2018,After Market
NBIX,2/13/2018,After Market
AR,2/13/2018,After Market
AM,2/13/2018,After Market
KMPR,2/13/2018,After Market
HMY,2/13/2018,Before Market
PEP,2/13/2018,Before Market
CCS,2/13/2018,After Market
NNN,2/13/2018,Before Market
TEX,2/13/2018,After Market
AMX,2/13/2018,After Market
GILT,2/13/2018,Before Market
FRT,2/13/2018,After Market
MLM,2/13/2018,Before Market
NPO,2/13/2018,After Market
NVMI,2/13/2018,Before Market
KEP,2/13/2018,Before Market
IOSP,2/13/2018,After Market
HUBS,2/13/2018,After Market
SCI,2/13/2018,After Market
GNRC,2/13/2018,Before Market
LSCC,2/13/2018,After Market
OXY,2/13/2018,After Market
TRUP,2/13/2018,After Market
OHI,2/13/2018,After Market
REXR,2/13/2018,After Market
AAT,2/13/2018,After Market
VOYA,2/13/2018,After Market
FANG,2/13/2018,After Market
CNA,2/12/2018,Before Market
QSR,2/12/2018,Before Market
ACGL,2/12/2018,After Market
VECO,2/12/2018,After Market
DAC,2/12/2018,After Market
OTTR,2/12/2018,After Market
FMC,2/12/2018,After Market
RNG,2/12/2018,After Market
VNO,2/12/2018,After Market
G,2/12/2018,After Market
VRNS,2/12/2018,After Market
BRX,2/12/2018,After Market
QLYS,2/12/2018,After Market
WTS,2/12/2018,After Market
BBU,2/12/2018,Before Market
L,2/12/2018,Before Market
MOH,2/12/2018,After Market
NSP,2/12/2018,Before Market
VIPS,2/12/2018,After Market
ATR,2/12/2018,After Market
AMKR,2/12/2018,After Market
NWE,2/12/2018,After Market
USAC,2/12/2018,Before Market
BIP,2/9/2018,Before Market
LBRDA,2/9/2018,After Market
ARWR,2/9/2018,After Market
ESNT,2/9/2018,Before Market
LBRDK,2/9/2018,After Market
MCO,2/9/2018,Before Market
NMRK,2/9/2018,Before Market
BLX,2/9/2018,Before Market
PCG,2/9/2018,Before Market
GRC,2/9/2018,Before Market
CCJ,2/9/2018,Before Market
CAE,2/9/2018,Before Market
AXON,2/9/2018,After Market
VTR,2/9/2018,Before Market
CBOE,2/9/2018,Before Market
INVA,2/8/2018,After Market
PFSI,2/8/2018,After Market
MTD,2/8/2018,After Market
KKR,2/8/2018,Before Market
PENN,2/8/2018,Before Market
GLPI,2/8/2018,Before Market
SPH,2/8/2018,Before Market
NYT,2/8/2018,Before Market
PCTY,2/8/2018,After Market
SBH,2/8/2018,Before Market
ODFL,2/8/2018,Before Market
PM,2/8/2018,Before Market
NVDA,2/8/2018,After Market
COR,2/8/2018,Before Market
SNA,2/8/2018,Before Market
TRI,2/8/2018,Before Market
GPI,2/8/2018,Before Market
YUM,2/8/2018,Before Market
PAG,2/8/2018,Before Market
MMYT,2/8/2018,Before Market
NWS,2/8/2018,After Market
MPWR,2/8/2018,After Market
AIZ,2/8/2018,After Market
ALNY,2/8/2018,Before Market
SNN,2/8/2018,Before Market
AIG,2/8/2018,After Market
BRKR,2/8/2018,After Market
TRMB,2/8/2018,After Market
CIVI,2/8/2018,After Market
CSL,2/8/2018,After Market
MHK,2/8/2018,After Market
MMS,2/8/2018,Before Market
CAH,2/8/2018,Before Market
HOLX,2/8/2018,After Market
TU,2/8/2018,Before Market
GOOS,2/8/2018,Before Market
CBL,2/8/2018,After Market
MANU,2/8/2018,Before Market
GGAL,2/8/2018,Before Market
CX,2/8/2018,Before Market
WMS,2/8/2018,Before Market
TDC,2/8/2018,Before Market
CVS,2/8/2018,Before Market
BFAM,2/8/2018,After Market
FAF,2/8/2018,Before Market
BR,2/8/2018,Before Market
WSO,2/8/2018,Before Market
STC,2/8/2018,Before Market
HIG,2/8/2018,After Market
ENSG,2/8/2018,After Market
DXC,2/8/2018,After Market
BCE,2/8/2018,Before Market
IMKTA,2/8/2018,After Market
Z,2/8/2018,After Market
HUBG,2/8/2018,After Market
COLM,2/8/2018,After Market
MBIN,2/8/2018,After Market
SEE,2/8/2018,Before Market
ZG,2/8/2018,After Market
FTV,2/8/2018,After Market
BWA,2/8/2018,Before Market
RSG,2/8/2018,After Market
NJR,2/8/2018,Before Market
LCII,2/8/2018,Before Market
PRLB,2/8/2018,Before Market
VSAT,2/8/2018,After Market
KB,2/8/2018,Before Market
UTI,2/8/2018,After Market
SXT,2/8/2018,After Market
OCSL,2/8/2018,Before Market
PMT,2/8/2018,After Market
REGN,2/8/2018,Before Market
VRSN,2/8/2018,After Market
EXPE,2/8/2018,After Market
TSN,2/8/2018,Before Market
TEVA,2/8/2018,Before Market
SPB,2/8/2018,Before Market
THR,2/8/2018,Before Market
HWKN,2/8/2018,After Market
HNI,2/8/2018,After Market
NWSA,2/8/2018,After Market
MD,2/8/2018,Before Market
REG,2/8/2018,After Market
MAS,2/8/2018,Before Market
SMCI,2/8/2018,Before Market
VIRT,2/8/2018,Before Market
TMUS,2/8/2018,Before Market
TSLA,2/7/2018,After Market
CAMT,2/7/2018,Before Market
RDWR,2/7/2018,Before Market
ICE,2/7/2018,Before Market
COHR,2/7/2018,After Market
CINF,2/7/2018,After Market
HAS,2/7/2018,Before Market
EXC,2/7/2018,Before Market
AXS,2/7/2018,After Market
RYN,2/7/2018,After Market
PRU,2/7/2018,After Market
MFC,2/7/2018,After Market
TMHC,2/7/2018,Before Market
PRI,2/7/2018,After Market
XPO,2/7/2018,After Market
JLL,2/7/2018,Before Market
FISV,2/7/2018,After Market
HUM,2/7/2018,Before Market
SNY,2/7/2018,Before Market
SYNA,2/7/2018,After Market
SU,2/7/2018,After Market
ORLY,2/7/2018,After Market
FOXA,2/7/2018,After Market
CG,2/7/2018,Before Market
GBDC,2/7/2018,After Market
TRNO,2/7/2018,After Market
GSK,2/7/2018,Before Market
RIO,2/7/2018,Before Market
YELP,2/7/2018,After Market
CSGS,2/7/2018,After Market
CDE,2/7/2018,After Market
NXPI,2/7/2018,After Market
CCK,2/7/2018,After Market
ALL,2/7/2018,After Market
FOX,2/7/2018,After Market
WD,2/7/2018,Before Market
XEL,2/7/2018,Before Market
CDW,2/7/2018,Before Market
CUZ,2/7/2018,After Market
PFGC,2/7/2018,Before Market
TTWO,2/7/2018,After Market
YUMC,2/7/2018,After Market
BTU,2/7/2018,Before Market
FSV,2/7/2018,Before Market
VVV,2/7/2018,After Market
BCO,2/7/2018,Before Market
ENS,2/7/2018,After Market
FORM,2/7/2018,After Market
STE,2/7/2018,Before Market
PJT,2/7/2018,Before Market
UHAL,2/7/2018,After Market
TKR,2/7/2018,Before Market
CENT,2/7/2018,After Market
RGLD,2/7/2018,After Market
TTMI,2/7/2018,After Market
NTES,2/7/2018,After Market
BLBD,2/7/2018,Before Market
BEP,2/7/2018,Before Market
PLUS,2/7/2018,After Market
CPRI,2/7/2018,Before Market
ICHR,2/7/2018,After Market
ESS,2/7/2018,After Market
IAC,2/7/2018,After Market
KN,2/7/2018,After Market
MC,2/7/2018,After Market
BHE,2/7/2018,After Market
CTSH,2/7/2018,Before Market
DIOD,2/7/2018,After Market
TDG,2/6/2018,Before Market
CMI,2/6/2018,Before Market
CMG,2/6/2018,After Market
TECH,2/6/2018,Before Market
OI,2/6/2018,After Market
OLN,2/6/2018,After Market
MTCH,2/6/2018,After Market
FIS,2/6/2018,Before Market
CBT,2/6/2018,After Market
CNC,2/6/2018,Before Market
DIS,2/6/2018,After Market
EMR,2/6/2018,Before Market
LITE,2/6/2018,Before Market
MDU,2/6/2018,After Market
MANH,2/6/2018,After Market
ATGE,2/6/2018,After Market
GPK,2/6/2018,Before Market
UDR,2/6/2018,After Market
PAA,2/6/2018,After Market
ACLS,2/6/2018,After Market
TPR,2/6/2018,Before Market
AI,2/6/2018,After Market
HAE,2/6/2018,Before Market
CTS,2/6/2018,Before Market
EXTR,2/6/2018,After Market
BP,2/6/2018,Before Market
ARMK,2/6/2018,Before Market
BDX,2/6/2018,Before Market
UVV,2/6/2018,After Market
APAM,2/6/2018,After Market
TWO,2/6/2018,After Market
ACM,2/6/2018,Before Market
SPSC,2/6/2018,After Market
ENTG,2/6/2018,Before Market
MKL,2/6/2018,After Market
DHT,2/6/2018,Before Market
MCHP,2/6/2018,After Market
HIW,2/6/2018,After Market
MTSI,2/6/2018,After Market
ESE,2/6/2018,After Market
TM,2/6/2018,Before Market
GILD,2/6/2018,After Market
ATO,2/6/2018,After Market
VNOM,2/6/2018,After Market
MLI,2/6/2018,Before Market
GM,2/6/2018,Before Market
BLKB,2/6/2018,After Market
HLNE,2/6/2018,Before Market
LII,2/6/2018,Before Market
CVCO,2/6/2018,After Market
IRMD,2/6/2018,Before Market
PAGP,2/6/2018,After Market
PAYC,2/6/2018,After Market
ARW,2/6/2018,Before Market
IT,2/6/2018,Before Market
ABG,2/6/2018,Before Market
AKAM,2/6/2018,After Market
POWL,2/6/2018,After Market
AXTA,2/6/2018,Before Market
SPGI,2/6/2018,Before Market
HMN,2/6/2018,After Market
ATKR,2/6/2018,Before Market
JKHY,2/6/2018,After Market
VSH,2/6/2018,Before Market
SIMO,2/6/2018,After Market
HCSG,2/6/2018,After Market
EEFT,2/6/2018,After Market
KT,2/6/2018,Before Market
ADM,2/6/2018,Before Market
NEU,2/6/2018,After Market
AGCO,2/6/2018,Before Market
LH,2/6/2018,Before Market
GOLD,2/5/2018,Before Market
SYY,2/5/2018,Before Market
SKM,2/5/2018,Before Market
SWKS,2/5/2018,After Market
MCY,2/5/2018,Before Market
BMY,2/5/2018,Before Market
AIN,2/5/2018,After Market
BMI,2/5/2018,After Market
LEG,2/5/2018,After Market
NMM,2/5/2018,Before Market
FTNT,2/5/2018,After Market
SSD,2/5/2018,After Market
NOV,2/5/2018,After Market
BAP,2/5/2018,After Market
AMSC,2/5/2018,After Market
CSWC,2/5/2018,After Market
HESM,2/5/2018,After Market
CRUS,2/5/2018,After Market
CHD,2/5/2018,Before Market
NTR,2/5/2018,After Market
RBC,2/5/2018,After Market
BAH,2/5/2018,Before Market
RYAAY,2/5/2018,Before Market
PAHC,2/5/2018,After Market
FN,2/5/2018,After Market
NSSC,2/5/2018,Before Market
MAC,2/5/2018,After Market
ON,2/2/2018,After Market
XOM,2/2/2018,Before Market
AZN,2/2/2018,Before Market
CLX,2/2/2018,Before Market
PSX,2/2/2018,Before Market
DB,2/2/2018,Before Market
CVX,2/2/2018,Before Market
LYB,2/2/2018,Before Market
SAIA,2/2/2018,Before Market
AON,2/2/2018,Before Market
IMO,2/2/2018,Before Market
WY,2/2/2018,Before Market
ROP,2/2/2018,Before Market
EL,2/2/2018,Before Market
SCCO,2/2/2018,Before Market
CHTR,2/2/2018,Before Market
S,2/2/2018,Before Market
MRK,2/2/2018,Before Market
HMC,2/2/2018,Before Market
MAN,2/2/2018,Before Market
MTX,2/1/2018,After Market
MTH,2/1/2018,Before Market
OSIS,2/1/2018,After Market
MO,2/1/2018,Before Market
CME,2/1/2018,Before Market
FCFS,2/1/2018,Before Market
BABA,2/1/2018,Before Market
SKYW,2/1/2018,After Market
VIAV,2/1/2018,After Market
COP,2/1/2018,Before Market
BKH,2/1/2018,After Market
SNDR,2/1/2018,After Market
POWI,2/1/2018,After Market
LAZ,2/1/2018,Before Market
LPG,2/1/2018,Before Market
CPT,2/1/2018,After Market
HSY,2/1/2018,Before Market
DECK,2/1/2018,After Market
JHX,2/1/2018,After Market
PH,2/1/2018,Before Market
MCK,2/1/2018,Before Market
V,2/1/2018,After Market
BC,2/1/2018,Before Market
KMT,2/1/2018,After Market
INGR,2/1/2018,Before Market
MHO,2/1/2018,Before Market
ST,2/1/2018,Before Market
MSCI,2/1/2018,Before Market
GOOG,2/1/2018,After Market
AN,2/1/2018,Before Market
QCRH,2/1/2018,After Market
CI,2/1/2018,Before Market
CRS,2/1/2018,Before Market
BX,2/1/2018,Before Market
KRG,2/1/2018,After Market
AME,2/1/2018,Before Market
TDY,2/1/2018,Before Market
RL,2/1/2018,Before Market
PBH,2/1/2018,Before Market
DGX,2/1/2018,Before Market
VLO,2/1/2018,Before Market
EMN,2/1/2018,After Market
SIGI,2/1/2018,After Market
BSX,2/1/2018,Before Market
MPLX,2/1/2018,Before Market
BAX,2/1/2018,Before Market
RACE,2/1/2018,Before Market
POST,2/1/2018,After Market
EW,2/1/2018,After Market
APO,2/1/2018,Before Market
WCC,2/1/2018,Before Market
BBVA,2/1/2018,Before Market
APTV,2/1/2018,Before Market
UL,2/1/2018,Before Market
ENVA,2/1/2018,After Market
AAPL,2/1/2018,After Market
AMGN,2/1/2018,After Market
BDC,2/1/2018,Before Market
NFG,2/1/2018,After Market
IDXX,2/1/2018,Before Market
XYL,2/1/2018,Before Market
MPC,2/1/2018,Before Market
MWA,2/1/2018,After Market
IP,2/1/2018,Before Market
ASX,2/1/2018,Before Market
AMZN,2/1/2018,After Market
RDN,2/1/2018,Before Market
EXPO,2/1/2018,After Market
NVO,2/1/2018,Before Market
UPS,2/1/2018,Before Market
SR,2/1/2018,Before Market
GOOGL,2/1/2018,After Market
OMCL,2/1/2018,After Market
MA,2/1/2018,Before Market
MAT,2/1/2018,After Market
MSI,2/1/2018,After Market
ETN,2/1/2018,Before Market
LPLA,2/1/2018,After Market
TTEK,1/31/2018,After Market
AVY,1/31/2018,Before Market
MKSI,1/31/2018,After Market
MT,1/31/2018,Before Market
UGI,1/31/2018,After Market
MUR,1/31/2018,After Market
AFL,1/31/2018,After Market
AFG,1/31/2018,After Market
EVR,1/31/2018,Before Market
SIRI,1/31/2018,Before Market
ARCB,1/31/2018,Before Market
IBN,1/31/2018,Before Market
ENR,1/31/2018,Before Market
EZPW,1/31/2018,After Market
TPL,1/31/2018,After Market
IVZ,1/31/2018,Before Market
MKTX,1/31/2018,Before Market
DHI,1/31/2018,Before Market
QRVO,1/31/2018,After Market
EGP,1/31/2018,After Market
ADP,1/31/2018,Before Market
NDAQ,1/31/2018,Before Market
HI,1/31/2018,After Market
SPG,1/31/2018,Before Market
EXP,1/31/2018,Before Market
CHKP,1/31/2018,Before Market
MEOH,1/31/2018,After Market
BA,1/31/2018,Before Market
GFF,1/31/2018,Before Market
GIB,1/31/2018,Before Market
BSAC,1/31/2018,Before Market
CDNS,1/31/2018,After Market
KRC,1/31/2018,After Market
BOOT,1/31/2018,After Market
SLAB,1/31/2018,Before Market
PYPL,1/31/2018,After Market
MDLZ,1/31/2018,After Market
EBAY,1/31/2018,After Market
JCI,1/31/2018,Before Market
NOW,1/31/2018,After Market
OTEX,1/31/2018,After Market
TSCO,1/31/2018,After Market
SAN,1/31/2018,Before Market
RNR,1/31/2018,After Market
SEIC,1/31/2018,After Market
TXT,1/31/2018,Before Market
CMPR,1/31/2018,After Market
KEX,1/31/2018,After Market
THG,1/31/2018,After Market
CACI,1/31/2018,After Market
T,1/31/2018,After Market
MSFT,1/31/2018,After Market
ING,1/31/2018,Before Market
MUSA,1/31/2018,After Market
QGEN,1/31/2018,After Market
SMFG,1/31/2018,Before Market
KLIC,1/31/2018,After Market
LSTR,1/31/2018,After Market
EPD,1/31/2018,Before Market
UNM,1/31/2018,After Market
IR,1/31/2018,Before Market
WEC,1/31/2018,Before Market
CHT,1/31/2018,Before Market
LFUS,1/31/2018,Before Market
QCOM,1/31/2018,After Market
LLY,1/31/2018,Before Market
MAA,1/31/2018,After Market
LNC,1/31/2018,After Market
CNMD,1/31/2018,After Market
FCNCA,1/31/2018,Before Market
ALGT,1/31/2018,After Market
AVB,1/31/2018,After Market
VRTX,1/31/2018,After Market
TMO,1/31/2018,Before Market
MCD,1/30/2018,Before Market
GLW,1/30/2018,Before Market
ILMN,1/30/2018,After Market
CASH,1/30/2018,After Market
EAT,1/30/2018,Before Market
BUSE,1/30/2018,After Market
UBSI,1/30/2018,Before Market
CNX,1/30/2018,Before Market
RHI,1/30/2018,After Market
ALLY,1/30/2018,Before Market
TFSL,1/30/2018,After Market
HCA,1/30/2018,Before Market
KNX,1/30/2018,After Market
FIBK,1/30/2018,After Market
TCBK,1/30/2018,After Market
FNF,1/30/2018,After Market
SF,1/30/2018,Before Market
BEN,1/30/2018,Before Market
CB,1/30/2018,After Market
AMD,1/30/2018,After Market
TROW,1/30/2018,Before Market
ALV,1/30/2018,Before Market
SAP,1/30/2018,Before Market
WRB,1/30/2018,After Market
DHR,1/30/2018,Before Market
PFE,1/30/2018,Before Market
DOX,1/30/2018,After Market
CACC,1/30/2018,After Market
CATY,1/30/2018,After Market
USLM,1/30/2018,After Market
CRVL,1/30/2018,Before Market
CHRW,1/30/2018,After Market
AEIS,1/30/2018,After Market
PHM,1/30/2018,Before Market
HUBB,1/30/2018,Before Market
PHG,1/30/2018,Before Market
AOS,1/30/2018,Before Market
EA,1/30/2018,After Market
PII,1/30/2018,Before Market
SMG,1/30/2018,Before Market
PKG,1/30/2018,After Market
EQR,1/30/2018,After Market
NTCT,1/30/2018,Before Market
OFG,1/30/2018,Before Market
PCAR,1/30/2018,Before Market
SLGN,1/30/2018,After Market
NUE,1/30/2018,Before Market
HOG,1/30/2018,Before Market
DOV,1/30/2018,Before Market
MOD,1/30/2018,After Market
SXI,1/30/2018,Before Market
ZBH,1/30/2018,Before Market
BXP,1/30/2018,After Market
SYK,1/30/2018,After Market
PNR,1/30/2018,Before Market
ALGN,1/30/2018,After Market
RGA,1/29/2018,After Market
JJSF,1/29/2018,After Market
IEX,1/29/2018,After Market
PCH,1/29/2018,After Market
ASH,1/29/2018,After Market
AMG,1/29/2018,Before Market
CR,1/29/2018,After Market
SANM,1/29/2018,After Market
CNXC,1/29/2018,After Market
WERN,1/29/2018,After Market
PFG,1/29/2018,After Market
ELS,1/29/2018,After Market
D,1/29/2018,Before Market
FBNC,1/29/2018,Before Market
RMBS,1/29/2018,After Market
GGG,1/29/2018,After Market
FBP,1/29/2018,Before Market
GABC,1/29/2018,After Market
ARE,1/29/2018,After Market
STX,1/29/2018,Before Market
ARLP,1/29/2018,Before Market
ADNT,1/29/2018,Before Market
LMT,1/29/2018,Before Market
HLI,1/29/2018,After Market
ABCB,1/26/2018,Before Market
ABBV,1/26/2018,Before Market
RBCAA,1/26/2018,Before Market
APD,1/26/2018,Before Market
CL,1/26/2018,Before Market
LEA,1/26/2018,Before Market
PFS,1/26/2018,Before Market
GNTX,1/26/2018,Before Market
MOG/A,1/26/2018,Before Market
NEE,1/26/2018,Before Market
TMP,1/26/2018,Before Market
HON,1/26/2018,Before Market
AEP,1/25/2018,Before Market
CNOB,1/25/2018,Before Market
FHB,1/25/2018,After Market
FICO,1/25/2018,After Market
FLEX,1/25/2018,After Market
INTC,1/25/2018,After Market
NBHC,1/25/2018,After Market
RDY,1/25/2018,Before Market
AVT,1/25/2018,Before Market
HTH,1/25/2018,After Market
OSK,1/25/2018,Before Market
LRN,1/25/2018,After Market
HP,1/25/2018,Before Market
DCOM,1/25/2018,After Market
AGYS,1/25/2018,After Market
BIIB,1/25/2018,Before Market
CAT,1/25/2018,Before Market
LUV,1/25/2018,Before Market
MSTR,1/25/2018,After Market
AJG,1/25/2018,After Market
FFIN,1/25/2018,After Market
CE,1/25/2018,After Market
MRTN,1/25/2018,After Market
AIT,1/25/2018,Before Market
BY,1/25/2018,After Market
OCFC,1/25/2018,After Market
NOC,1/25/2018,Before Market
SYBT,1/25/2018,Before Market
EWBC,1/25/2018,Before Market
ALK,1/25/2018,Before Market
ORI,1/25/2018,Before Market
TBBK,1/25/2018,After Market
MKC,1/25/2018,Before Market
STM,1/25/2018,Before Market
BANC,1/25/2018,Before Market
STBA,1/25/2018,Before Market
WAL,1/25/2018,After Market
TOWN,1/25/2018,Before Market
SBUX,1/25/2018,After Market
CFR,1/25/2018,Before Market
MMM,1/25/2018,Before Market
ISRG,1/25/2018,After Market
DGII,1/25/2018,After Market
GBCI,1/25/2018,After Market
DLX,1/25/2018,Before Market
COLB,1/25/2018,Before Market
UNP,1/25/2018,Before Market
FRME,1/25/2018,Before Market
FCX,1/25/2018,Before Market
KLAC,1/25/2018,After Market
RCI,1/25/2018,Before Market
PKX,1/25/2018,Before Market
ASB,1/25/2018,After Market
LKFN,1/25/2018,Before Market
AAL,1/25/2018,Before Market
DEO,1/25/2018,Before Market
SBCF,1/25/2018,After Market
WDC,1/25/2018,After Market
CLF,1/25/2018,Before Market
SHW,1/25/2018,Before Market
ITW,1/24/2018,Before Market
URI,1/24/2018,After Market
LRCX,1/24/2018,After Market
BOKF,1/24/2018,Before Market
CNS,1/24/2018,After Market
ROK,1/24/2018,Before Market
FFIV,1/24/2018,After Market
PB,1/24/2018,Before Market
CVLT,1/24/2018,Before Market
SLG,1/24/2018,After Market
TEL,1/24/2018,Before Market
CMCSA,1/24/2018,Before Market
DLB,1/24/2018,After Market
TCBI,1/24/2018,After Market
LVS,1/24/2018,After Market
CVBF,1/24/2018,After Market
RLI,1/24/2018,After Market
OSBC,1/24/2018,After Market
HXL,1/24/2018,After Market
CCI,1/24/2018,After Market
ROL,1/24/2018,Before Market
TER,1/24/2018,After Market
AMP,1/24/2018,After Market
F,1/24/2018,After Market
BANR,1/24/2018,After Market
CADE,1/24/2018,After Market
PGR,1/24/2018,Before Market
NTRS,1/24/2018,Before Market
GWW,1/24/2018,Before Market
APH,1/24/2018,Before Market
GE,1/24/2018,Before Market
GD,1/24/2018,Before Market
CUBI,1/24/2018,After Market
NSC,1/24/2018,Before Market
SWK,1/24/2018,Before Market
NVS,1/24/2018,Before Market
ABT,1/24/2018,Before Market
RCL,1/24/2018,Before Market
RJF,1/24/2018,After Market
WHR,1/24/2018,After Market
CLS,1/24/2018,After Market
LOB,1/24/2018,After Market
UAL,1/23/2018,After Market
KMB,1/23/2018,Before Market
BPOP,1/23/2018,Before Market
CNI,1/23/2018,After Market
BKU,1/23/2018,Before Market
HBAN,1/23/2018,Before Market
COF,1/23/2018,After Market
EDU,1/23/2018,Before Market
ONB,1/23/2018,Before Market
FITB,1/23/2018,Before Market
WSBC,1/23/2018,After Market
PG,1/23/2018,Before Market
TRV,1/23/2018,Before Market
TRMK,1/23/2018,After Market
FNB,1/23/2018,Before Market
NAVI,1/23/2018,After Market
CMRE,1/23/2018,After Market
JNJ,1/23/2018,Before Market
PEBO,1/23/2018,Before Market
UMBF,1/23/2018,After Market
VZ,1/23/2018,Before Market
SSB,1/23/2018,Before Market
STT,1/23/2018,Before Market
TXN,1/23/2018,After Market
WAT,1/23/2018,Before Market
WBS,1/23/2018,Before Market
FCF,1/23/2018,After Market
MRCY,1/23/2018,After Market
CHCO,1/23/2018,Before Market
FUL,1/23/2018,After Market
PLD,1/23/2018,Before Market
ATI,1/23/2018,Before Market
FULT,1/22/2018,After Market
LOGI,1/22/2018,After Market
HAL,1/22/2018,Before Market
STLD,1/22/2018,After Market
PRK,1/22/2018,After Market
ZION,1/22/2018,After Market
PFBC,1/22/2018,After Market
WTFC,1/22/2018,After Market
BOH,1/22/2018,Before Market
CBU,1/22/2018,Before Market
WWD,1/22/2018,After Market
EFSC,1/22/2018,After Market
BRO,1/22/2018,After Market
WSFS,1/22/2018,After Market
WYNN,1/22/2018,Before Market
RMD,1/22/2018,After Market
NFLX,1/22/2018,After Market
SFNC,1/22/2018,After Market
FBK,1/22/2018,After Market
SIFY,1/22/2018,Before Market
NWBI,1/22/2018,Before Market
SFBS,1/22/2018,After Market
NBTB,1/22/2018,After Market
FHN,1/19/2018,Before Market
SLB,1/19/2018,Before Market
RF,1/19/2018,Before Market
HDB,1/19/2018,Before Market
CFG,1/19/2018,Before Market
SYF,1/19/2018,Before Market
MTG,1/18/2018,Before Market
INDB,1/18/2018,After Market
MS,1/18/2018,Before Market
MTB,1/18/2018,Before Market
FFBC,1/18/2018,After Market
PPG,1/18/2018,Before Market
SRCE,1/18/2018,After Market
AXP,1/18/2018,After Market
CBSH,1/18/2018,Before Market
TSM,1/18/2018,Before Market
BK,1/18/2018,Before Market
CP,1/18/2018,After Market
WABC,1/18/2018,Before Market
BANF,1/18/2018,After Market
KEY,1/18/2018,Before Market
BBT,1/18/2018,Before Market
JBHT,1/18/2018,Before Market
HOMB,1/18/2018,Before Market
TEAM,1/18/2018,After Market
GATX,1/18/2018,Before Market
IBM,1/18/2018,After Market
USB,1/17/2018,Before Market
SCHW,1/17/2018,Before Market
KMI,1/17/2018,After Market
SLM,1/17/2018,After Market
AA,1/17/2018,After Market
FAST,1/17/2018,Before Market
WAFD,1/17/2018,Before Market
ASML,1/17/2018,Before Market
PLXS,1/17/2018,After Market
BAC,1/17/2018,Before Market
GS,1/17/2018,Before Market
CTBI,1/17/2018,Before Market
PTC,1/17/2018,After Market
CMA,1/16/2018,Before Market
PNFP,1/16/2018,After Market
CSX,1/16/2018,After Market
RNST,1/16/2018,After Market
IBKR,1/16/2018,After Market
C,1/16/2018,Before Market
UNH,1/16/2018,Before Market
BLK,1/12/2018,Before Market
INFY,1/12/2018,Before Market
JPM,1/12/2018,Before Market
WFC,1/12/2018,Before Market
PNC,1/12/2018,Before Market
DAL,1/11/2018,Before Market
LEN,1/10/2018,Before Market
KBH,1/10/2018,After Market
MSM,1/10/2018,Before Market
PRGS,1/10/2018,After Market
SNX,1/9/2018,After Market
WDFC,1/9/2018,After Market
SMPL,1/9/2018,Before Market
AYI,1/9/2018,Before Market
GBX,1/5/2018,Before Market
CALM,1/5/2018,Before Market
STZ,1/5/2018,Before Market
LW,1/4/2018,Before Market
PSMT,1/4/2018,After Market
RPM,1/4/2018,Before Market
UNF,1/3/2018,Before Market
CMC,1/3/2018,Before Market
